2026-09-29 23:03:20.944 INFO  [main] c.l.learning.HealthControllerTest - Starting HealthControllerTest using Java 17.0.20 with PID 280892 (started by Administrator in E:\apps\lingdong-xuexi-code\lingdong-xuexi-server)
2026-09-29 23:03:20.949 INFO  [main] c.l.learning.HealthControllerTest - The following 1 profile is active: "test"
2026-09-29 23:03:25.909 INFO  [main] o.s.d.r.c.RepositoryConfigurationDelegate - Multiple Spring Data modules found, entering strict repository configuration mode
2026-09-29 23:03:25.919 INFO  [main] o.s.d.r.c.RepositoryConfigurationDelegate - Bootstrapping Spring Data Redis repositories in DEFAULT mode.
2026-09-29 23:03:26.086 INFO  [main] o.s.d.r.c.RepositoryConfigurationDelegate - Finished Spring Data repository scanning in 131 ms. Found 0 Redis repository interfaces.
2026-09-29 23:03:29.134 INFO  [main] com.zaxxer.hikari.HikariDataSource - HikariPool-1 - Starting...
2026-09-29 23:03:29.824 INFO  [main] com.zaxxer.hikari.pool.HikariPool - HikariPool-1 - Added connection conn0: url=jdbc:h2:mem:lingdong_learning user=SA
2026-09-29 23:03:29.826 INFO  [main] com.zaxxer.hikari.HikariDataSource - HikariPool-1 - Start completed.
2026-09-29 23:03:29.942 INFO  [main] org.flywaydb.core.FlywayExecutor - Database: jdbc:h2:mem:lingdong_learning (H2 2.3)
2026-09-29 23:03:29.958 WARN  [main] o.f.c.i.database.base.Database - Flyway upgrade recommended: H2 2.3.232 is newer than this version of Flyway and support has not been tested. The latest supported version of H2 is 2.2.224.
2026-09-29 23:03:30.172 INFO  [main] o.f.c.i.s.JdbcTableSchemaHistory - Schema history table "public"."flyway_schema_history" does not exist yet
2026-09-29 23:03:30.179 INFO  [main] o.f.core.internal.command.DbValidate - Successfully validated 86 migrations (execution time 00:00.184s)
2026-09-29 23:03:30.201 INFO  [main] o.f.c.i.s.JdbcTableSchemaHistory - Creating Schema History table "public"."flyway_schema_history" ...
2026-09-29 23:03:30.306 INFO  [main] o.f.core.internal.command.DbMigrate - Current version of schema "public": << Empty Schema >>
2026-09-29 23:03:30.327 INFO  [main] o.f.core.internal.command.DbMigrate - Migrating schema "public" to version "1 - create system config"
2026-09-29 23:03:30.409 INFO  [main] o.f.core.internal.command.DbMigrate - Migrating schema "public" to version "2 - create iam rbac tables"
2026-09-29 23:03:30.508 INFO  [main] o.f.core.internal.command.DbMigrate - Migrating schema "public" to version "3 - create organization types"
2026-09-29 23:03:30.561 INFO  [main] o.f.core.internal.command.DbMigrate - Migrating schema "public" to version "4 - create user organization relations"
2026-09-29 23:03:30.586 INFO  [main] o.f.core.internal.command.DbMigrate - Migrating schema "public" to version "5 - create system task audit"
2026-09-29 23:03:30.619 INFO  [main] o.f.core.internal.command.DbMigrate - Migrating schema "public" to version "6 - create feature toggles"
2026-09-29 23:03:30.659 INFO  [main] o.f.core.internal.command.DbMigrate - Migrating schema "public" to version "7 - create feature toggle changes"
2026-09-29 23:03:30.687 INFO  [main] o.f.core.internal.command.DbMigrate - Migrating schema "public" to version "8 - create user permissions"
2026-09-29 23:03:30.712 INFO  [main] o.f.core.internal.command.DbMigrate - Migrating schema "public" to version "9 - create role data scopes"
2026-09-29 23:03:30.745 INFO  [main] o.f.core.internal.command.DbMigrate - Migrating schema "public" to version "10 - create dictionary tables"
2026-09-29 23:03:30.769 INFO  [main] o.f.core.internal.command.DbMigrate - Migrating schema "public" to version "11 - create cache operation log"
2026-09-29 23:03:30.791 INFO  [main] o.f.core.internal.command.DbMigrate - Migrating schema "public" to version "12 - create interface service tables"
2026-09-29 23:03:30.820 INFO  [main] o.f.core.internal.command.DbMigrate - Migrating schema "public" to version "13 - create attachment core tables"
2026-09-29 23:03:30.840 INFO  [main] o.f.core.internal.command.DbMigrate - Migrating schema "public" to version "14 - create import export template table"
2026-09-29 23:03:30.853 INFO  [main] o.f.core.internal.command.DbMigrate - Migrating schema "public" to version "15 - create auth device session"
2026-09-29 23:03:30.871 INFO  [main] o.f.core.internal.command.DbMigrate - Migrating schema "public" to version "16 - seed iam management permissions"
2026-09-29 23:03:30.891 INFO  [main] o.f.core.internal.command.DbMigrate - Migrating schema "public" to version "17 - seed organization management permissions"
2026-09-29 23:03:30.910 INFO  [main] o.f.core.internal.command.DbMigrate - Migrating schema "public" to version "18 - seed user directory permissions"
2026-09-29 23:03:30.936 INFO  [main] o.f.core.internal.command.DbMigrate - Migrating schema "public" to version "19 - create student relationship foundation"
2026-09-29 23:03:30.987 INFO  [main] o.f.core.internal.command.DbMigrate - Migrating schema "public" to version "20 - create parent binding invitation"
2026-09-29 23:03:31.020 INFO  [main] o.f.core.internal.command.DbMigrate - Migrating schema "public" to version "21 - create student code login"
2026-09-29 23:03:31.062 INFO  [main] o.f.core.internal.command.DbMigrate - Migrating schema "public" to version "22 - create learning task foundation"
2026-09-29 23:03:31.128 INFO  [main] o.f.core.internal.command.DbMigrate - Migrating schema "public" to version "23 - create task execution foundation"
2026-09-29 23:03:31.228 INFO  [main] o.f.core.internal.command.DbMigrate - Migrating schema "public" to version "24 - create growth point account and ledger"
2026-09-29 23:03:31.258 INFO  [main] o.f.core.internal.command.DbMigrate - Migrating schema "public" to version "25 - seed growth point query access"
2026-09-29 23:03:31.273 INFO  [main] o.f.core.internal.command.DbMigrate - Migrating schema "public" to version "26 - add growth point correction"
2026-09-29 23:03:31.391 INFO  [main] o.f.core.internal.command.DbMigrate - Migrating schema "public" to version "27 - add reward exchange"
2026-09-29 23:03:31.478 INFO  [main] o.f.core.internal.command.DbMigrate - Migrating schema "public" to version "28 - add growth review"
2026-09-29 23:03:31.527 INFO  [main] o.f.core.internal.command.DbMigrate - Migrating schema "public" to version "29 - add point lifecycle"
2026-09-29 23:03:31.736 INFO  [main] o.f.core.internal.command.DbMigrate - Migrating schema "public" to version "30 - add recurring task"
2026-09-29 23:03:31.794 INFO  [main] o.f.core.internal.command.DbMigrate - Migrating schema "public" to version "31 - add task checkin attachment"
2026-09-29 23:03:31.841 INFO  [main] o.f.core.internal.command.DbMigrate - Migrating schema "public" to version "32 - add task overdue defer"
2026-09-29 23:03:31.994 INFO  [main] o.f.core.internal.command.DbMigrate - Migrating schema "public" to version "33 - add previous day task copy"
2026-09-29 23:03:32.033 INFO  [main] o.f.core.internal.command.DbMigrate - Migrating schema "public" to version "34 - add learning task template"
2026-09-29 23:03:32.094 INFO  [main] o.f.core.internal.command.DbMigrate - Migrating schema "public" to version "35 - add student qr login"
2026-09-29 23:03:32.135 INFO  [main] o.f.core.internal.command.DbMigrate - Migrating schema "public" to version "36 - add parent phone auth"
2026-09-29 23:03:32.155 INFO  [main] o.f.core.internal.command.DbMigrate - Migrating schema "public" to version "37 - add parent wechat auth"
2026-09-29 23:03:32.183 INFO  [main] o.f.core.internal.command.DbMigrate - Migrating schema "public" to version "38 - add parent relationship lifecycle"
2026-09-29 23:03:32.254 INFO  [main] o.f.core.internal.command.DbMigrate - Migrating schema "public" to version "39 - add account security event"
2026-09-29 23:03:32.304 INFO  [main] o.f.core.internal.command.DbMigrate - Migrating schema "public" to version "40 - add organization miniapp auth"
2026-09-29 23:03:32.326 INFO  [main] o.f.core.internal.command.DbMigrate - Migrating schema "public" to version "41 - add student organization lifecycle"
2026-09-29 23:03:32.372 INFO  [main] o.f.core.internal.command.DbMigrate - Migrating schema "public" to version "42 - add parent account lifecycle"
2026-09-29 23:03:32.411 INFO  [main] o.f.core.internal.command.DbMigrate - Migrating schema "public" to version "43 - finalize parent account cancellation"
2026-09-29 23:03:32.506 INFO  [main] o.f.core.internal.command.DbMigrate - Migrating schema "public" to version "44 - add parent mobile manual recovery"
2026-09-29 23:03:32.527 INFO  [main] o.f.core.internal.command.DbMigrate - Migrating schema "public" to version "45 - add student account cancellation"
2026-09-29 23:03:32.593 INFO  [main] o.f.core.internal.command.DbMigrate - Migrating schema "public" to version "46 - add student wechat auth"
2026-09-29 23:03:32.672 INFO  [main] o.f.core.internal.command.DbMigrate - Migrating schema "public" to version "47 - add organization node lifecycle"
2026-09-29 23:03:32.808 INFO  [main] o.f.core.internal.command.DbMigrate - Migrating schema "public" to version "48 - add class management"
2026-09-29 23:03:32.870 INFO  [main] o.f.core.internal.command.DbMigrate - Migrating schema "public" to version "49 - add permission grant boundary"
2026-09-29 23:03:32.895 INFO  [main] o.f.core.internal.command.DbMigrate - Migrating schema "public" to version "50 - add iam change audit"
2026-09-29 23:03:32.937 INFO  [main] o.f.core.internal.command.DbMigrate - Migrating schema "public" to version "51 - add dictionary management"
2026-09-29 23:03:32.967 INFO  [main] o.f.core.internal.command.DbMigrate - Migrating schema "public" to version "52 - add cache management"
2026-09-29 23:03:32.994 INFO  [main] o.f.core.internal.command.DbMigrate - Migrating schema "public" to version "53 - add interface service management"
2026-09-29 23:03:33.041 INFO  [main] o.f.core.internal.command.DbMigrate - Migrating schema "public" to version "54 - add attachment management"
2026-09-29 23:03:33.100 INFO  [main] o.f.core.internal.command.DbMigrate - Migrating schema "public" to version "55 - add import export template management"
2026-09-29 23:03:33.171 INFO  [main] o.f.core.internal.command.DbMigrate - Migrating schema "public" to version "56 - add import validation job"
2026-09-29 23:03:33.211 INFO  [main] o.f.core.internal.command.DbMigrate - Migrating schema "public" to version "57 - add async export job"
2026-09-29 23:03:33.359 INFO  [main] o.f.core.internal.command.DbMigrate - Migrating schema "public" to version "58 - add student batch import"
2026-09-29 23:03:33.544 INFO  [main] o.f.core.internal.command.DbMigrate - Migrating schema "public" to version "59 - add teacher management"
2026-09-29 23:03:33.637 INFO  [main] o.f.core.internal.command.DbMigrate - Migrating schema "public" to version "60 - complete organization teacher tasks"
2026-09-29 23:03:33.657 INFO  [main] o.f.core.internal.command.DbMigrate - Migrating schema "public" to version "61 - add student exception report"
2026-09-29 23:03:33.691 INFO  [main] o.f.core.internal.command.DbMigrate - Migrating schema "public" to version "62 - add manual attendance"
2026-09-29 23:03:33.721 INFO  [main] o.f.core.internal.command.DbMigrate - Migrating schema "public" to version "63 - add export job payload"
2026-09-29 23:03:33.749 INFO  [main] o.f.core.internal.command.DbMigrate - Migrating schema "public" to version "64 - add growth review pdf feature"
2026-09-29 23:03:33.761 INFO  [main] o.f.core.internal.command.DbMigrate - Migrating schema "public" to version "65 - add growth review pdf job type"
2026-09-29 23:03:33.777 INFO  [main] o.f.core.internal.command.DbMigrate - Migrating schema "public" to version "66 - add growth review subscription"
2026-09-29 23:03:33.802 INFO  [main] o.f.core.internal.command.DbMigrate - Migrating schema "public" to version "67 - add growth review delivery queue"
2026-09-29 23:03:33.824 INFO  [main] o.f.core.internal.command.DbMigrate - Migrating schema "public" to version "68 - add anonymous rank preference"
2026-09-29 23:03:33.839 INFO  [main] o.f.core.internal.command.DbMigrate - Migrating schema "public" to version "69 - add miniapp anonymous rank permission"
2026-09-29 23:03:33.851 INFO  [main] o.f.core.internal.command.DbMigrate - Migrating schema "public" to version "70 - add miniapp parent weekly review permission"
2026-09-29 23:03:33.858 INFO  [main] o.f.core.internal.command.DbMigrate - Migrating schema "public" to version "71 - add miniapp parent reward permissions"
2026-09-29 23:03:33.872 INFO  [main] o.f.core.internal.command.DbMigrate - Migrating schema "public" to version "72 - add web system task read permission"
2026-09-29 23:03:33.888 INFO  [main] o.f.core.internal.command.DbMigrate - Migrating schema "public" to version "73 - add feature toggle management"
2026-09-29 23:03:33.914 INFO  [main] o.f.core.internal.command.DbMigrate - Migrating schema "public" to version "74 - add interface change execution audit"
2026-09-29 23:03:33.938 INFO  [main] o.f.core.internal.command.DbMigrate - Migrating schema "public" to version "75 - add interface change before snapshot"
2026-09-29 23:03:33.960 INFO  [main] o.f.core.internal.command.DbMigrate - Migrating schema "public" to version "76 - add dictionary ledger export"
2026-09-29 23:03:33.973 INFO  [main] o.f.core.internal.command.DbMigrate - Migrating schema "public" to version "77 - add template ledger export"
2026-09-29 23:03:33.987 INFO  [main] o.f.core.internal.command.DbMigrate - Migrating schema "public" to version "78 - add interface service ledger export"
2026-09-29 23:03:33.994 INFO  [main] o.f.core.internal.command.DbMigrate - Migrating schema "public" to version "79 - add cache operation log export"
2026-09-29 23:03:34.008 INFO  [main] o.f.core.internal.command.DbMigrate - Migrating schema "public" to version "80 - add system task ledger export"
2026-09-29 23:03:34.024 INFO  [main] o.f.core.internal.command.DbMigrate - Migrating schema "public" to version "81 - add reward exchange ledger export"
2026-09-29 23:03:34.042 INFO  [main] o.f.core.internal.command.DbMigrate - Migrating schema "public" to version "82 - add exception report ledger export"
2026-09-29 23:03:34.069 INFO  [main] o.f.core.internal.command.DbMigrate - Migrating schema "public" to version "83 - add attachment ledger export"
2026-09-29 23:03:34.084 INFO  [main] o.f.core.internal.command.DbMigrate - Migrating schema "public" to version "84 - add student task report export"
2026-09-29 23:03:34.094 INFO  [main] o.f.core.internal.command.DbMigrate - Migrating schema "public" to version "85 - add organization task statistics export"
2026-09-29 23:03:34.109 INFO  [main] o.f.core.internal.command.DbMigrate - Migrating schema "public" to version "86 - add attendance ledger export"
2026-09-29 23:03:34.134 INFO  [main] o.f.core.internal.command.DbMigrate - Successfully applied 86 migrations to schema "public", now at version v86 (execution time 00:02.255s)
2026-09-29 23:03:43.473 INFO  [main] o.s.b.t.m.w.SpringBootMockServletContext - Initializing Spring TestDispatcherServlet ''
2026-09-29 23:03:43.474 INFO  [main] o.s.t.w.s.TestDispatcherServlet - Initializing Servlet ''
2026-09-29 23:03:43.478 INFO  [main] o.s.t.w.s.TestDispatcherServlet - Completed initialization in 3 ms
2026-09-29 23:03:43.558 INFO  [main] c.l.learning.HealthControllerTest - Started HealthControllerTest in 23.532 seconds (process running for 32.49)
2026-09-29 23:03:43.568 WARN  [main] o.s.c.events.SpringDocAppInitializer - SpringDoc /api/v1/openapi endpoint is enabled by default. To disable it in production, set the property 'springdoc.api-docs.enabled=false'
2026-09-29 23:03:45.228 WARN  [main] o.s.c.a.AnnotationConfigApplicationContext - Exception encountered during context initialization - cancelling refresh attempt: org.springframework.beans.factory.BeanCreationException: Error creating bean with name 'lingdong.auth.student-code-com.lingdong.learning.auth.infrastructure.config.StudentLoginCodeProperties': 学生登录码密钥至少32字节：v1
2026-09-29 23:03:45.748 INFO  [SpringApplicationShutdownHook] com.zaxxer.hikari.HikariDataSource - HikariPool-1 - Shutdown initiated...
2026-09-29 23:03:45.751 INFO  [SpringApplicationShutdownHook] com.zaxxer.hikari.HikariDataSource - HikariPool-1 - Shutdown completed.
2026-09-29 23:05:57.590 INFO  [main] c.l.l.a.w.AuthenticationControllerTest - Starting AuthenticationControllerTest using Java 17.0.20 with PID 283260 (started by Administrator in E:\apps\lingdong-xuexi-code\lingdong-xuexi-server)
2026-09-29 23:05:57.593 INFO  [main] c.l.l.a.w.AuthenticationControllerTest - The following 1 profile is active: "test"
2026-09-29 23:06:01.122 INFO  [main] o.s.d.r.c.RepositoryConfigurationDelegate - Multiple Spring Data modules found, entering strict repository configuration mode
2026-09-29 23:06:01.125 INFO  [main] o.s.d.r.c.RepositoryConfigurationDelegate - Bootstrapping Spring Data Redis repositories in DEFAULT mode.
2026-09-29 23:06:01.285 INFO  [main] o.s.d.r.c.RepositoryConfigurationDelegate - Finished Spring Data repository scanning in 125 ms. Found 0 Redis repository interfaces.
2026-09-29 23:06:03.108 INFO  [main] com.zaxxer.hikari.HikariDataSource - HikariPool-1 - Starting...
2026-09-29 23:06:03.494 INFO  [main] com.zaxxer.hikari.pool.HikariPool - HikariPool-1 - Added connection conn0: url=jdbc:h2:mem:lingdong_learning user=SA
2026-09-29 23:06:03.503 INFO  [main] com.zaxxer.hikari.HikariDataSource - HikariPool-1 - Start completed.
2026-09-29 23:06:03.626 INFO  [main] org.flywaydb.core.FlywayExecutor - Database: jdbc:h2:mem:lingdong_learning (H2 2.3)
2026-09-29 23:06:03.651 WARN  [main] o.f.c.i.database.base.Database - Flyway upgrade recommended: H2 2.3.232 is newer than this version of Flyway and support has not been tested. The latest supported version of H2 is 2.2.224.
2026-09-29 23:06:03.827 INFO  [main] o.f.c.i.s.JdbcTableSchemaHistory - Schema history table "public"."flyway_schema_history" does not exist yet
2026-09-29 23:06:03.841 INFO  [main] o.f.core.internal.command.DbValidate - Successfully validated 86 migrations (execution time 00:00.153s)
2026-09-29 23:06:03.861 INFO  [main] o.f.c.i.s.JdbcTableSchemaHistory - Creating Schema History table "public"."flyway_schema_history" ...
2026-09-29 23:06:03.955 INFO  [main] o.f.core.internal.command.DbMigrate - Current version of schema "public": << Empty Schema >>
2026-09-29 23:06:03.977 INFO  [main] o.f.core.internal.command.DbMigrate - Migrating schema "public" to version "1 - create system config"
2026-09-29 23:06:04.036 INFO  [main] o.f.core.internal.command.DbMigrate - Migrating schema "public" to version "2 - create iam rbac tables"
2026-09-29 23:06:04.095 INFO  [main] o.f.core.internal.command.DbMigrate - Migrating schema "public" to version "3 - create organization types"
2026-09-29 23:06:04.139 INFO  [main] o.f.core.internal.command.DbMigrate - Migrating schema "public" to version "4 - create user organization relations"
2026-09-29 23:06:04.157 INFO  [main] o.f.core.internal.command.DbMigrate - Migrating schema "public" to version "5 - create system task audit"
2026-09-29 23:06:04.187 INFO  [main] o.f.core.internal.command.DbMigrate - Migrating schema "public" to version "6 - create feature toggles"
2026-09-29 23:06:04.205 INFO  [main] o.f.core.internal.command.DbMigrate - Migrating schema "public" to version "7 - create feature toggle changes"
2026-09-29 23:06:04.221 INFO  [main] o.f.core.internal.command.DbMigrate - Migrating schema "public" to version "8 - create user permissions"
2026-09-29 23:06:04.240 INFO  [main] o.f.core.internal.command.DbMigrate - Migrating schema "public" to version "9 - create role data scopes"
2026-09-29 23:06:04.259 INFO  [main] o.f.core.internal.command.DbMigrate - Migrating schema "public" to version "10 - create dictionary tables"
2026-09-29 23:06:04.283 INFO  [main] o.f.core.internal.command.DbMigrate - Migrating schema "public" to version "11 - create cache operation log"
2026-09-29 23:06:04.305 INFO  [main] o.f.core.internal.command.DbMigrate - Migrating schema "public" to version "12 - create interface service tables"
2026-09-29 23:06:04.327 INFO  [main] o.f.core.internal.command.DbMigrate - Migrating schema "public" to version "13 - create attachment core tables"
2026-09-29 23:06:04.350 INFO  [main] o.f.core.internal.command.DbMigrate - Migrating schema "public" to version "14 - create import export template table"
2026-09-29 23:06:04.359 INFO  [main] o.f.core.internal.command.DbMigrate - Migrating schema "public" to version "15 - create auth device session"
2026-09-29 23:06:04.376 INFO  [main] o.f.core.internal.command.DbMigrate - Migrating schema "public" to version "16 - seed iam management permissions"
2026-09-29 23:06:04.392 INFO  [main] o.f.core.internal.command.DbMigrate - Migrating schema "public" to version "17 - seed organization management permissions"
2026-09-29 23:06:04.405 INFO  [main] o.f.core.internal.command.DbMigrate - Migrating schema "public" to version "18 - seed user directory permissions"
2026-09-29 23:06:04.418 INFO  [main] o.f.core.internal.command.DbMigrate - Migrating schema "public" to version "19 - create student relationship foundation"
2026-09-29 23:06:04.438 INFO  [main] o.f.core.internal.command.DbMigrate - Migrating schema "public" to version "20 - create parent binding invitation"
2026-09-29 23:06:04.460 INFO  [main] o.f.core.internal.command.DbMigrate - Migrating schema "public" to version "21 - create student code login"
2026-09-29 23:06:04.485 INFO  [main] o.f.core.internal.command.DbMigrate - Migrating schema "public" to version "22 - create learning task foundation"
2026-09-29 23:06:04.545 INFO  [main] o.f.core.internal.command.DbMigrate - Migrating schema "public" to version "23 - create task execution foundation"
2026-09-29 23:06:04.615 INFO  [main] o.f.core.internal.command.DbMigrate - Migrating schema "public" to version "24 - create growth point account and ledger"
2026-09-29 23:06:04.643 INFO  [main] o.f.core.internal.command.DbMigrate - Migrating schema "public" to version "25 - seed growth point query access"
2026-09-29 23:06:04.656 INFO  [main] o.f.core.internal.command.DbMigrate - Migrating schema "public" to version "26 - add growth point correction"
2026-09-29 23:06:04.675 INFO  [main] o.f.core.internal.command.DbMigrate - Migrating schema "public" to version "27 - add reward exchange"
2026-09-29 23:06:04.726 INFO  [main] o.f.core.internal.command.DbMigrate - Migrating schema "public" to version "28 - add growth review"
2026-09-29 23:06:04.773 INFO  [main] o.f.core.internal.command.DbMigrate - Migrating schema "public" to version "29 - add point lifecycle"
2026-09-29 23:06:04.917 INFO  [main] o.f.core.internal.command.DbMigrate - Migrating schema "public" to version "30 - add recurring task"
2026-09-29 23:06:04.951 INFO  [main] o.f.core.internal.command.DbMigrate - Migrating schema "public" to version "31 - add task checkin attachment"
2026-09-29 23:06:04.976 INFO  [main] o.f.core.internal.command.DbMigrate - Migrating schema "public" to version "32 - add task overdue defer"
2026-09-29 23:06:05.056 INFO  [main] o.f.core.internal.command.DbMigrate - Migrating schema "public" to version "33 - add previous day task copy"
2026-09-29 23:06:05.076 INFO  [main] o.f.core.internal.command.DbMigrate - Migrating schema "public" to version "34 - add learning task template"
2026-09-29 23:06:05.094 INFO  [main] o.f.core.internal.command.DbMigrate - Migrating schema "public" to version "35 - add student qr login"
2026-09-29 23:06:05.114 INFO  [main] o.f.core.internal.command.DbMigrate - Migrating schema "public" to version "36 - add parent phone auth"
2026-09-29 23:06:05.132 INFO  [main] o.f.core.internal.command.DbMigrate - Migrating schema "public" to version "37 - add parent wechat auth"
2026-09-29 23:06:05.152 INFO  [main] o.f.core.internal.command.DbMigrate - Migrating schema "public" to version "38 - add parent relationship lifecycle"
2026-09-29 23:06:05.174 INFO  [main] o.f.core.internal.command.DbMigrate - Migrating schema "public" to version "39 - add account security event"
2026-09-29 23:06:05.185 INFO  [main] o.f.core.internal.command.DbMigrate - Migrating schema "public" to version "40 - add organization miniapp auth"
2026-09-29 23:06:05.192 INFO  [main] o.f.core.internal.command.DbMigrate - Migrating schema "public" to version "41 - add student organization lifecycle"
2026-09-29 23:06:05.208 INFO  [main] o.f.core.internal.command.DbMigrate - Migrating schema "public" to version "42 - add parent account lifecycle"
2026-09-29 23:06:05.222 INFO  [main] o.f.core.internal.command.DbMigrate - Migrating schema "public" to version "43 - finalize parent account cancellation"
2026-09-29 23:06:05.257 INFO  [main] o.f.core.internal.command.DbMigrate - Migrating schema "public" to version "44 - add parent mobile manual recovery"
2026-09-29 23:06:05.271 INFO  [main] o.f.core.internal.command.DbMigrate - Migrating schema "public" to version "45 - add student account cancellation"
2026-09-29 23:06:05.284 INFO  [main] o.f.core.internal.command.DbMigrate - Migrating schema "public" to version "46 - add student wechat auth"
2026-09-29 23:06:05.301 INFO  [main] o.f.core.internal.command.DbMigrate - Migrating schema "public" to version "47 - add organization node lifecycle"
2026-09-29 23:06:05.341 INFO  [main] o.f.core.internal.command.DbMigrate - Migrating schema "public" to version "48 - add class management"
2026-09-29 23:06:05.354 INFO  [main] o.f.core.internal.command.DbMigrate - Migrating schema "public" to version "49 - add permission grant boundary"
2026-09-29 23:06:05.376 INFO  [main] o.f.core.internal.command.DbMigrate - Migrating schema "public" to version "50 - add iam change audit"
2026-09-29 23:06:05.388 INFO  [main] o.f.core.internal.command.DbMigrate - Migrating schema "public" to version "51 - add dictionary management"
2026-09-29 23:06:05.393 INFO  [main] o.f.core.internal.command.DbMigrate - Migrating schema "public" to version "52 - add cache management"
2026-09-29 23:06:05.403 INFO  [main] o.f.core.internal.command.DbMigrate - Migrating schema "public" to version "53 - add interface service management"
2026-09-29 23:06:05.411 INFO  [main] o.f.core.internal.command.DbMigrate - Migrating schema "public" to version "54 - add attachment management"
2026-09-29 23:06:05.425 INFO  [main] o.f.core.internal.command.DbMigrate - Migrating schema "public" to version "55 - add import export template management"
2026-09-29 23:06:05.449 INFO  [main] o.f.core.internal.command.DbMigrate - Migrating schema "public" to version "56 - add import validation job"
2026-09-29 23:06:05.473 INFO  [main] o.f.core.internal.command.DbMigrate - Migrating schema "public" to version "57 - add async export job"
2026-09-29 23:06:05.491 INFO  [main] o.f.core.internal.command.DbMigrate - Migrating schema "public" to version "58 - add student batch import"
2026-09-29 23:06:05.510 INFO  [main] o.f.core.internal.command.DbMigrate - Migrating schema "public" to version "59 - add teacher management"
2026-09-29 23:06:05.524 INFO  [main] o.f.core.internal.command.DbMigrate - Migrating schema "public" to version "60 - complete organization teacher tasks"
2026-09-29 23:06:05.539 INFO  [main] o.f.core.internal.command.DbMigrate - Migrating schema "public" to version "61 - add student exception report"
2026-09-29 23:06:05.558 INFO  [main] o.f.core.internal.command.DbMigrate - Migrating schema "public" to version "62 - add manual attendance"
2026-09-29 23:06:05.578 INFO  [main] o.f.core.internal.command.DbMigrate - Migrating schema "public" to version "63 - add export job payload"
2026-09-29 23:06:05.591 INFO  [main] o.f.core.internal.command.DbMigrate - Migrating schema "public" to version "64 - add growth review pdf feature"
2026-09-29 23:06:05.601 INFO  [main] o.f.core.internal.command.DbMigrate - Migrating schema "public" to version "65 - add growth review pdf job type"
2026-09-29 23:06:05.613 INFO  [main] o.f.core.internal.command.DbMigrate - Migrating schema "public" to version "66 - add growth review subscription"
2026-09-29 23:06:05.626 INFO  [main] o.f.core.internal.command.DbMigrate - Migrating schema "public" to version "67 - add growth review delivery queue"
2026-09-29 23:06:05.650 INFO  [main] o.f.core.internal.command.DbMigrate - Migrating schema "public" to version "68 - add anonymous rank preference"
2026-09-29 23:06:05.661 INFO  [main] o.f.core.internal.command.DbMigrate - Migrating schema "public" to version "69 - add miniapp anonymous rank permission"
2026-09-29 23:06:05.672 INFO  [main] o.f.core.internal.command.DbMigrate - Migrating schema "public" to version "70 - add miniapp parent weekly review permission"
2026-09-29 23:06:05.679 INFO  [main] o.f.core.internal.command.DbMigrate - Migrating schema "public" to version "71 - add miniapp parent reward permissions"
2026-09-29 23:06:05.690 INFO  [main] o.f.core.internal.command.DbMigrate - Migrating schema "public" to version "72 - add web system task read permission"
2026-09-29 23:06:05.701 INFO  [main] o.f.core.internal.command.DbMigrate - Migrating schema "public" to version "73 - add feature toggle management"
2026-09-29 23:06:05.721 INFO  [main] o.f.core.internal.command.DbMigrate - Migrating schema "public" to version "74 - add interface change execution audit"
2026-09-29 23:06:05.736 INFO  [main] o.f.core.internal.command.DbMigrate - Migrating schema "public" to version "75 - add interface change before snapshot"
2026-09-29 23:06:05.753 INFO  [main] o.f.core.internal.command.DbMigrate - Migrating schema "public" to version "76 - add dictionary ledger export"
2026-09-29 23:06:05.760 INFO  [main] o.f.core.internal.command.DbMigrate - Migrating schema "public" to version "77 - add template ledger export"
2026-09-29 23:06:05.772 INFO  [main] o.f.core.internal.command.DbMigrate - Migrating schema "public" to version "78 - add interface service ledger export"
2026-09-29 23:06:05.777 INFO  [main] o.f.core.internal.command.DbMigrate - Migrating schema "public" to version "79 - add cache operation log export"
2026-09-29 23:06:05.789 INFO  [main] o.f.core.internal.command.DbMigrate - Migrating schema "public" to version "80 - add system task ledger export"
2026-09-29 23:06:05.801 INFO  [main] o.f.core.internal.command.DbMigrate - Migrating schema "public" to version "81 - add reward exchange ledger export"
2026-09-29 23:06:05.811 INFO  [main] o.f.core.internal.command.DbMigrate - Migrating schema "public" to version "82 - add exception report ledger export"
2026-09-29 23:06:05.821 INFO  [main] o.f.core.internal.command.DbMigrate - Migrating schema "public" to version "83 - add attachment ledger export"
2026-09-29 23:06:05.829 INFO  [main] o.f.core.internal.command.DbMigrate - Migrating schema "public" to version "84 - add student task report export"
2026-09-29 23:06:05.841 INFO  [main] o.f.core.internal.command.DbMigrate - Migrating schema "public" to version "85 - add organization task statistics export"
2026-09-29 23:06:05.852 INFO  [main] o.f.core.internal.command.DbMigrate - Migrating schema "public" to version "86 - add attendance ledger export"
2026-09-29 23:06:05.868 INFO  [main] o.f.core.internal.command.DbMigrate - Successfully applied 86 migrations to schema "public", now at version v86 (execution time 00:01.110s)
2026-09-29 23:06:13.599 INFO  [main] o.s.b.t.m.w.SpringBootMockServletContext - Initializing Spring TestDispatcherServlet ''
2026-09-29 23:06:13.600 INFO  [main] o.s.t.w.s.TestDispatcherServlet - Initializing Servlet ''
2026-09-29 23:06:13.603 INFO  [main] o.s.t.w.s.TestDispatcherServlet - Completed initialization in 2 ms
2026-09-29 23:06:13.689 INFO  [main] c.l.l.a.w.AuthenticationControllerTest - Started AuthenticationControllerTest in 16.915 seconds (process running for 18.729)
2026-09-29 23:06:13.693 WARN  [main] o.s.c.events.SpringDocAppInitializer - SpringDoc /api/v1/openapi endpoint is enabled by default. To disable it in production, set the property 'springdoc.api-docs.enabled=false'
2026-09-29 23:06:19.173 ERROR [main] LINGDONG_ALERT - [ALERT] exceptionType=NullPointerException, path=/api/v1/tasks, traceId=trace-2
2026-09-29 23:06:19.403 INFO  [main] LINGDONG_ALERT - [ALERT] webhook 分发成功，traceId=trace-2
2026-09-29 23:06:19.455 ERROR [main] LINGDONG_ALERT - [ALERT] exceptionType=RuntimeException, path=/api/v1/tasks, traceId=trace-3
2026-09-29 23:06:19.465 WARN  [main] LINGDONG_ALERT - [ALERT] webhook 分发失败，traceId=trace-3, 异常类型=ResourceAccessException
2026-09-29 23:06:19.474 ERROR [main] LINGDONG_ALERT - [ALERT] exceptionType=IllegalStateException, path=/api/v1/students, traceId=trace-1
2026-09-29 23:06:20.874 INFO  [main] o.s.t.c.s.AnnotationConfigContextLoaderUtils - Could not detect default configuration classes for test class [com.lingdong.learning.HealthControllerTest]: HealthControllerTest does not declare any static, non-private, non-final, nested classes annotated with @Configuration.
2026-09-29 23:06:21.039 INFO  [main] o.s.b.t.c.SpringBootTestContextBootstrapper - Found @SpringBootConfiguration com.lingdong.learning.LingdongLearningApplication for test class com.lingdong.learning.HealthControllerTest
2026-09-29 23:06:21.367 WARN  [main] o.s.c.a.AnnotationConfigApplicationContext - Exception encountered during context initialization - cancelling refresh attempt: org.springframework.beans.factory.BeanCreationException: Error creating bean with name 'lingdong.auth.student-code-com.lingdong.learning.auth.infrastructure.config.StudentLoginCodeProperties': 学生登录码密钥至少32字节：v1
2026-09-29 23:06:21.535 INFO  [SpringApplicationShutdownHook] com.zaxxer.hikari.HikariDataSource - HikariPool-1 - Shutdown initiated...
2026-09-29 23:06:21.538 INFO  [SpringApplicationShutdownHook] com.zaxxer.hikari.HikariDataSource - HikariPool-1 - Shutdown completed.
2026-09-29 23:07:00.276 INFO  [main] c.l.l.a.a.AttachmentFileApplicationServiceTest - Starting AttachmentFileApplicationServiceTest using Java 17.0.20 with PID 284180 (started by Administrator in E:\apps\lingdong-xuexi-code\lingdong-xuexi-server)
2026-09-29 23:07:00.279 INFO  [main] c.l.l.a.a.AttachmentFileApplicationServiceTest - The following 1 profile is active: "test"
2026-09-29 23:07:03.054 INFO  [main] o.s.d.r.c.RepositoryConfigurationDelegate - Multiple Spring Data modules found, entering strict repository configuration mode
2026-09-29 23:07:03.058 INFO  [main] o.s.d.r.c.RepositoryConfigurationDelegate - Bootstrapping Spring Data Redis repositories in DEFAULT mode.
2026-09-29 23:07:03.177 INFO  [main] o.s.d.r.c.RepositoryConfigurationDelegate - Finished Spring Data repository scanning in 91 ms. Found 0 Redis repository interfaces.
2026-09-29 23:07:04.513 INFO  [main] com.zaxxer.hikari.HikariDataSource - HikariPool-1 - Starting...
2026-09-29 23:07:04.826 INFO  [main] com.zaxxer.hikari.pool.HikariPool - HikariPool-1 - Added connection conn0: url=jdbc:h2:mem:lingdong_learning user=SA
2026-09-29 23:07:04.830 INFO  [main] com.zaxxer.hikari.HikariDataSource - HikariPool-1 - Start completed.
2026-09-29 23:07:04.904 INFO  [main] org.flywaydb.core.FlywayExecutor - Database: jdbc:h2:mem:lingdong_learning (H2 2.3)
2026-09-29 23:07:04.918 WARN  [main] o.f.c.i.database.base.Database - Flyway upgrade recommended: H2 2.3.232 is newer than this version of Flyway and support has not been tested. The latest supported version of H2 is 2.2.224.
2026-09-29 23:07:05.016 INFO  [main] o.f.c.i.s.JdbcTableSchemaHistory - Schema history table "public"."flyway_schema_history" does not exist yet
2026-09-29 23:07:05.032 INFO  [main] o.f.core.internal.command.DbValidate - Successfully validated 86 migrations (execution time 00:00.089s)
2026-09-29 23:07:05.050 INFO  [main] o.f.c.i.s.JdbcTableSchemaHistory - Creating Schema History table "public"."flyway_schema_history" ...
2026-09-29 23:07:05.107 INFO  [main] o.f.core.internal.command.DbMigrate - Current version of schema "public": << Empty Schema >>
2026-09-29 23:07:05.120 INFO  [main] o.f.core.internal.command.DbMigrate - Migrating schema "public" to version "1 - create system config"
2026-09-29 23:07:05.159 INFO  [main] o.f.core.internal.command.DbMigrate - Migrating schema "public" to version "2 - create iam rbac tables"
2026-09-29 23:07:05.203 INFO  [main] o.f.core.internal.command.DbMigrate - Migrating schema "public" to version "3 - create organization types"
2026-09-29 23:07:05.224 INFO  [main] o.f.core.internal.command.DbMigrate - Migrating schema "public" to version "4 - create user organization relations"
2026-09-29 23:07:05.236 INFO  [main] o.f.core.internal.command.DbMigrate - Migrating schema "public" to version "5 - create system task audit"
2026-09-29 23:07:05.248 INFO  [main] o.f.core.internal.command.DbMigrate - Migrating schema "public" to version "6 - create feature toggles"
2026-09-29 23:07:05.257 INFO  [main] o.f.core.internal.command.DbMigrate - Migrating schema "public" to version "7 - create feature toggle changes"
2026-09-29 23:07:05.270 INFO  [main] o.f.core.internal.command.DbMigrate - Migrating schema "public" to version "8 - create user permissions"
2026-09-29 23:07:05.283 INFO  [main] o.f.core.internal.command.DbMigrate - Migrating schema "public" to version "9 - create role data scopes"
2026-09-29 23:07:05.293 INFO  [main] o.f.core.internal.command.DbMigrate - Migrating schema "public" to version "10 - create dictionary tables"
2026-09-29 23:07:05.306 INFO  [main] o.f.core.internal.command.DbMigrate - Migrating schema "public" to version "11 - create cache operation log"
2026-09-29 23:07:05.321 INFO  [main] o.f.core.internal.command.DbMigrate - Migrating schema "public" to version "12 - create interface service tables"
2026-09-29 23:07:05.341 INFO  [main] o.f.core.internal.command.DbMigrate - Migrating schema "public" to version "13 - create attachment core tables"
2026-09-29 23:07:05.356 INFO  [main] o.f.core.internal.command.DbMigrate - Migrating schema "public" to version "14 - create import export template table"
2026-09-29 23:07:05.365 INFO  [main] o.f.core.internal.command.DbMigrate - Migrating schema "public" to version "15 - create auth device session"
2026-09-29 23:07:05.374 INFO  [main] o.f.core.internal.command.DbMigrate - Migrating schema "public" to version "16 - seed iam management permissions"
2026-09-29 23:07:05.390 INFO  [main] o.f.core.internal.command.DbMigrate - Migrating schema "public" to version "17 - seed organization management permissions"
2026-09-29 23:07:05.402 INFO  [main] o.f.core.internal.command.DbMigrate - Migrating schema "public" to version "18 - seed user directory permissions"
2026-09-29 23:07:05.415 INFO  [main] o.f.core.internal.command.DbMigrate - Migrating schema "public" to version "19 - create student relationship foundation"
2026-09-29 23:07:05.432 INFO  [main] o.f.core.internal.command.DbMigrate - Migrating schema "public" to version "20 - create parent binding invitation"
2026-09-29 23:07:05.452 INFO  [main] o.f.core.internal.command.DbMigrate - Migrating schema "public" to version "21 - create student code login"
2026-09-29 23:07:05.476 INFO  [main] o.f.core.internal.command.DbMigrate - Migrating schema "public" to version "22 - create learning task foundation"
2026-09-29 23:07:05.518 INFO  [main] o.f.core.internal.command.DbMigrate - Migrating schema "public" to version "23 - create task execution foundation"
2026-09-29 23:07:05.582 INFO  [main] o.f.core.internal.command.DbMigrate - Migrating schema "public" to version "24 - create growth point account and ledger"
2026-09-29 23:07:05.608 INFO  [main] o.f.core.internal.command.DbMigrate - Migrating schema "public" to version "25 - seed growth point query access"
2026-09-29 23:07:05.622 INFO  [main] o.f.core.internal.command.DbMigrate - Migrating schema "public" to version "26 - add growth point correction"
2026-09-29 23:07:05.639 INFO  [main] o.f.core.internal.command.DbMigrate - Migrating schema "public" to version "27 - add reward exchange"
2026-09-29 23:07:05.696 INFO  [main] o.f.core.internal.command.DbMigrate - Migrating schema "public" to version "28 - add growth review"
2026-09-29 23:07:05.732 INFO  [main] o.f.core.internal.command.DbMigrate - Migrating schema "public" to version "29 - add point lifecycle"
2026-09-29 23:07:05.852 INFO  [main] o.f.core.internal.command.DbMigrate - Migrating schema "public" to version "30 - add recurring task"
2026-09-29 23:07:05.899 INFO  [main] o.f.core.internal.command.DbMigrate - Migrating schema "public" to version "31 - add task checkin attachment"
2026-09-29 23:07:05.940 INFO  [main] o.f.core.internal.command.DbMigrate - Migrating schema "public" to version "32 - add task overdue defer"
2026-09-29 23:07:06.044 INFO  [main] o.f.core.internal.command.DbMigrate - Migrating schema "public" to version "33 - add previous day task copy"
2026-09-29 23:07:06.066 INFO  [main] o.f.core.internal.command.DbMigrate - Migrating schema "public" to version "34 - add learning task template"
2026-09-29 23:07:06.084 INFO  [main] o.f.core.internal.command.DbMigrate - Migrating schema "public" to version "35 - add student qr login"
2026-09-29 23:07:06.093 INFO  [main] o.f.core.internal.command.DbMigrate - Migrating schema "public" to version "36 - add parent phone auth"
2026-09-29 23:07:06.105 INFO  [main] o.f.core.internal.command.DbMigrate - Migrating schema "public" to version "37 - add parent wechat auth"
2026-09-29 23:07:06.117 INFO  [main] o.f.core.internal.command.DbMigrate - Migrating schema "public" to version "38 - add parent relationship lifecycle"
2026-09-29 23:07:06.139 INFO  [main] o.f.core.internal.command.DbMigrate - Migrating schema "public" to version "39 - add account security event"
2026-09-29 23:07:06.151 INFO  [main] o.f.core.internal.command.DbMigrate - Migrating schema "public" to version "40 - add organization miniapp auth"
2026-09-29 23:07:06.156 INFO  [main] o.f.core.internal.command.DbMigrate - Migrating schema "public" to version "41 - add student organization lifecycle"
2026-09-29 23:07:06.167 INFO  [main] o.f.core.internal.command.DbMigrate - Migrating schema "public" to version "42 - add parent account lifecycle"
2026-09-29 23:07:06.175 INFO  [main] o.f.core.internal.command.DbMigrate - Migrating schema "public" to version "43 - finalize parent account cancellation"
2026-09-29 23:07:06.190 INFO  [main] o.f.core.internal.command.DbMigrate - Migrating schema "public" to version "44 - add parent mobile manual recovery"
2026-09-29 23:07:06.201 INFO  [main] o.f.core.internal.command.DbMigrate - Migrating schema "public" to version "45 - add student account cancellation"
2026-09-29 23:07:06.209 INFO  [main] o.f.core.internal.command.DbMigrate - Migrating schema "public" to version "46 - add student wechat auth"
2026-09-29 23:07:06.220 INFO  [main] o.f.core.internal.command.DbMigrate - Migrating schema "public" to version "47 - add organization node lifecycle"
2026-09-29 23:07:06.243 INFO  [main] o.f.core.internal.command.DbMigrate - Migrating schema "public" to version "48 - add class management"
2026-09-29 23:07:06.251 INFO  [main] o.f.core.internal.command.DbMigrate - Migrating schema "public" to version "49 - add permission grant boundary"
2026-09-29 23:07:06.262 INFO  [main] o.f.core.internal.command.DbMigrate - Migrating schema "public" to version "50 - add iam change audit"
2026-09-29 23:07:06.272 INFO  [main] o.f.core.internal.command.DbMigrate - Migrating schema "public" to version "51 - add dictionary management"
2026-09-29 23:07:06.276 INFO  [main] o.f.core.internal.command.DbMigrate - Migrating schema "public" to version "52 - add cache management"
2026-09-29 23:07:06.283 INFO  [main] o.f.core.internal.command.DbMigrate - Migrating schema "public" to version "53 - add interface service management"
2026-09-29 23:07:06.289 INFO  [main] o.f.core.internal.command.DbMigrate - Migrating schema "public" to version "54 - add attachment management"
2026-09-29 23:07:06.298 INFO  [main] o.f.core.internal.command.DbMigrate - Migrating schema "public" to version "55 - add import export template management"
2026-09-29 23:07:06.307 INFO  [main] o.f.core.internal.command.DbMigrate - Migrating schema "public" to version "56 - add import validation job"
2026-09-29 23:07:06.321 INFO  [main] o.f.core.internal.command.DbMigrate - Migrating schema "public" to version "57 - add async export job"
2026-09-29 23:07:06.336 INFO  [main] o.f.core.internal.command.DbMigrate - Migrating schema "public" to version "58 - add student batch import"
2026-09-29 23:07:06.349 INFO  [main] o.f.core.internal.command.DbMigrate - Migrating schema "public" to version "59 - add teacher management"
2026-09-29 23:07:06.357 INFO  [main] o.f.core.internal.command.DbMigrate - Migrating schema "public" to version "60 - complete organization teacher tasks"
2026-09-29 23:07:06.370 INFO  [main] o.f.core.internal.command.DbMigrate - Migrating schema "public" to version "61 - add student exception report"
2026-09-29 23:07:06.383 INFO  [main] o.f.core.internal.command.DbMigrate - Migrating schema "public" to version "62 - add manual attendance"
2026-09-29 23:07:06.400 INFO  [main] o.f.core.internal.command.DbMigrate - Migrating schema "public" to version "63 - add export job payload"
2026-09-29 23:07:06.408 INFO  [main] o.f.core.internal.command.DbMigrate - Migrating schema "public" to version "64 - add growth review pdf feature"
2026-09-29 23:07:06.416 INFO  [main] o.f.core.internal.command.DbMigrate - Migrating schema "public" to version "65 - add growth review pdf job type"
2026-09-29 23:07:06.422 INFO  [main] o.f.core.internal.command.DbMigrate - Migrating schema "public" to version "66 - add growth review subscription"
2026-09-29 23:07:06.429 INFO  [main] o.f.core.internal.command.DbMigrate - Migrating schema "public" to version "67 - add growth review delivery queue"
2026-09-29 23:07:06.437 INFO  [main] o.f.core.internal.command.DbMigrate - Migrating schema "public" to version "68 - add anonymous rank preference"
2026-09-29 23:07:06.442 INFO  [main] o.f.core.internal.command.DbMigrate - Migrating schema "public" to version "69 - add miniapp anonymous rank permission"
2026-09-29 23:07:06.446 INFO  [main] o.f.core.internal.command.DbMigrate - Migrating schema "public" to version "70 - add miniapp parent weekly review permission"
2026-09-29 23:07:06.452 INFO  [main] o.f.core.internal.command.DbMigrate - Migrating schema "public" to version "71 - add miniapp parent reward permissions"
2026-09-29 23:07:06.457 INFO  [main] o.f.core.internal.command.DbMigrate - Migrating schema "public" to version "72 - add web system task read permission"
2026-09-29 23:07:06.463 INFO  [main] o.f.core.internal.command.DbMigrate - Migrating schema "public" to version "73 - add feature toggle management"
2026-09-29 23:07:06.475 INFO  [main] o.f.core.internal.command.DbMigrate - Migrating schema "public" to version "74 - add interface change execution audit"
2026-09-29 23:07:06.486 INFO  [main] o.f.core.internal.command.DbMigrate - Migrating schema "public" to version "75 - add interface change before snapshot"
2026-09-29 23:07:06.499 INFO  [main] o.f.core.internal.command.DbMigrate - Migrating schema "public" to version "76 - add dictionary ledger export"
2026-09-29 23:07:06.504 INFO  [main] o.f.core.internal.command.DbMigrate - Migrating schema "public" to version "77 - add template ledger export"
2026-09-29 23:07:06.510 INFO  [main] o.f.core.internal.command.DbMigrate - Migrating schema "public" to version "78 - add interface service ledger export"
2026-09-29 23:07:06.515 INFO  [main] o.f.core.internal.command.DbMigrate - Migrating schema "public" to version "79 - add cache operation log export"
2026-09-29 23:07:06.521 INFO  [main] o.f.core.internal.command.DbMigrate - Migrating schema "public" to version "80 - add system task ledger export"
2026-09-29 23:07:06.526 INFO  [main] o.f.core.internal.command.DbMigrate - Migrating schema "public" to version "81 - add reward exchange ledger export"
2026-09-29 23:07:06.532 INFO  [main] o.f.core.internal.command.DbMigrate - Migrating schema "public" to version "82 - add exception report ledger export"
2026-09-29 23:07:06.539 INFO  [main] o.f.core.internal.command.DbMigrate - Migrating schema "public" to version "83 - add attachment ledger export"
2026-09-29 23:07:06.544 INFO  [main] o.f.core.internal.command.DbMigrate - Migrating schema "public" to version "84 - add student task report export"
2026-09-29 23:07:06.550 INFO  [main] o.f.core.internal.command.DbMigrate - Migrating schema "public" to version "85 - add organization task statistics export"
2026-09-29 23:07:06.556 INFO  [main] o.f.core.internal.command.DbMigrate - Migrating schema "public" to version "86 - add attendance ledger export"
2026-09-29 23:07:06.567 INFO  [main] o.f.core.internal.command.DbMigrate - Successfully applied 86 migrations to schema "public", now at version v86 (execution time 00:00.813s)
2026-09-29 23:07:12.537 INFO  [main] c.l.l.a.a.AttachmentFileApplicationServiceTest - Started AttachmentFileApplicationServiceTest in 12.861 seconds (process running for 18.931)
2026-09-29 23:07:12.541 WARN  [main] o.s.c.events.SpringDocAppInitializer - SpringDoc /api/v1/openapi endpoint is enabled by default. To disable it in production, set the property 'springdoc.api-docs.enabled=false'
2026-09-29 23:07:14.663 WARN  [main] c.l.l.a.a.AttachmentRetentionCleanupService - 已退役附件残留内容清理失败，文件标识=1874244142494647001，异常类型=IllegalStateException
2026-09-29 23:07:14.732 INFO  [main] o.s.t.c.s.AnnotationConfigContextLoaderUtils - Could not detect default configuration classes for test class [com.lingdong.learning.attachment.application.AttachmentRuleApplicationServiceTest]: AttachmentRuleApplicationServiceTest does not declare any static, non-private, non-final, nested classes annotated with @Configuration.
2026-09-29 23:07:14.740 INFO  [main] o.s.b.t.c.SpringBootTestContextBootstrapper - Found @SpringBootConfiguration com.lingdong.learning.LingdongLearningApplication for test class com.lingdong.learning.attachment.application.AttachmentRuleApplicationServiceTest
2026-09-29 23:07:15.751 INFO  [main] o.s.t.c.s.AnnotationConfigContextLoaderUtils - Could not detect default configuration classes for test class [com.lingdong.learning.attachment.web.AttachmentManagementControllerTest]: AttachmentManagementControllerTest does not declare any static, non-private, non-final, nested classes annotated with @Configuration.
2026-09-29 23:07:15.922 INFO  [main] o.s.b.t.c.SpringBootTestContextBootstrapper - Found @SpringBootConfiguration com.lingdong.learning.LingdongLearningApplication for test class com.lingdong.learning.attachment.web.AttachmentManagementControllerTest
2026-09-29 23:07:16.043 INFO  [main] c.l.l.a.w.AttachmentManagementControllerTest - Starting AttachmentManagementControllerTest using Java 17.0.20 with PID 284180 (started by Administrator in E:\apps\lingdong-xuexi-code\lingdong-xuexi-server)
2026-09-29 23:07:16.043 INFO  [main] c.l.l.a.w.AttachmentManagementControllerTest - The following 1 profile is active: "test"
2026-09-29 23:07:17.693 INFO  [main] o.s.d.r.c.RepositoryConfigurationDelegate - Multiple Spring Data modules found, entering strict repository configuration mode
2026-09-29 23:07:17.694 INFO  [main] o.s.d.r.c.RepositoryConfigurationDelegate - Bootstrapping Spring Data Redis repositories in DEFAULT mode.
2026-09-29 23:07:17.920 INFO  [main] o.s.d.r.c.RepositoryConfigurationDelegate - Finished Spring Data repository scanning in 219 ms. Found 0 Redis repository interfaces.
2026-09-29 23:07:18.690 INFO  [main] com.zaxxer.hikari.HikariDataSource - HikariPool-2 - Starting...
2026-09-29 23:07:18.692 INFO  [main] com.zaxxer.hikari.pool.HikariPool - HikariPool-2 - Added connection conn10: url=jdbc:h2:mem:lingdong_learning user=SA
2026-09-29 23:07:18.693 INFO  [main] com.zaxxer.hikari.HikariDataSource - HikariPool-2 - Start completed.
2026-09-29 23:07:18.703 INFO  [main] org.flywaydb.core.FlywayExecutor - Database: jdbc:h2:mem:lingdong_learning (H2 2.3)
2026-09-29 23:07:18.705 WARN  [main] o.f.c.i.database.base.Database - Flyway upgrade recommended: H2 2.3.232 is newer than this version of Flyway and support has not been tested. The latest supported version of H2 is 2.2.224.
2026-09-29 23:07:18.785 INFO  [main] o.f.core.internal.command.DbValidate - Successfully validated 86 migrations (execution time 00:00.067s)
2026-09-29 23:07:18.795 INFO  [main] o.f.core.internal.command.DbMigrate - Current version of schema "public": 86
2026-09-29 23:07:18.797 INFO  [main] o.f.core.internal.command.DbMigrate - Schema "public" is up to date. No migration necessary.
2026-09-29 23:07:23.106 INFO  [main] o.s.b.t.m.w.SpringBootMockServletContext - Initializing Spring TestDispatcherServlet ''
2026-09-29 23:07:23.106 INFO  [main] o.s.t.w.s.TestDispatcherServlet - Initializing Servlet ''
2026-09-29 23:07:23.116 INFO  [main] o.s.t.w.s.TestDispatcherServlet - Completed initialization in 9 ms
2026-09-29 23:07:23.179 INFO  [main] c.l.l.a.w.AttachmentManagementControllerTest - Started AttachmentManagementControllerTest in 7.249 seconds (process running for 29.573)
2026-09-29 23:07:23.183 WARN  [main] o.s.c.events.SpringDocAppInitializer - SpringDoc /api/v1/openapi endpoint is enabled by default. To disable it in production, set the property 'springdoc.api-docs.enabled=false'
2026-09-29 23:07:28.333 INFO  [main] o.s.api.AbstractOpenApiResource - Init duration for springdoc-openapi is: 4484 ms
2026-09-29 23:07:29.686 INFO  [main] o.s.t.c.s.AnnotationConfigContextLoaderUtils - Could not detect default configuration classes for test class [com.lingdong.learning.attendance.application.AttendancePersistenceTest]: AttendancePersistenceTest does not declare any static, non-private, non-final, nested classes annotated with @Configuration.
2026-09-29 23:07:29.769 INFO  [main] o.s.b.t.c.SpringBootTestContextBootstrapper - Found @SpringBootConfiguration com.lingdong.learning.LingdongLearningApplication for test class com.lingdong.learning.attendance.application.AttendancePersistenceTest
2026-09-29 23:07:30.235 INFO  [main] o.s.t.c.s.AnnotationConfigContextLoaderUtils - Could not detect default configuration classes for test class [com.lingdong.learning.audit.application.SystemTaskApplicationServiceTest]: SystemTaskApplicationServiceTest does not declare any static, non-private, non-final, nested classes annotated with @Configuration.
2026-09-29 23:07:30.305 INFO  [main] o.s.b.t.c.SpringBootTestContextBootstrapper - Found @SpringBootConfiguration com.lingdong.learning.LingdongLearningApplication for test class com.lingdong.learning.audit.application.SystemTaskApplicationServiceTest
2026-09-29 23:07:30.928 INFO  [main] o.s.t.c.s.AnnotationConfigContextLoaderUtils - Could not detect default configuration classes for test class [com.lingdong.learning.audit.web.SystemTaskQueryControllerTest]: SystemTaskQueryControllerTest does not declare any static, non-private, non-final, nested classes annotated with @Configuration.
2026-09-29 23:07:31.004 INFO  [main] o.s.b.t.c.SpringBootTestContextBootstrapper - Found @SpringBootConfiguration com.lingdong.learning.LingdongLearningApplication for test class com.lingdong.learning.audit.web.SystemTaskQueryControllerTest
2026-09-29 23:07:31.051 INFO  [main] c.l.l.a.w.SystemTaskQueryControllerTest - Starting SystemTaskQueryControllerTest using Java 17.0.20 with PID 284180 (started by Administrator in E:\apps\lingdong-xuexi-code\lingdong-xuexi-server)
2026-09-29 23:07:31.051 INFO  [main] c.l.l.a.w.SystemTaskQueryControllerTest - The following 1 profile is active: "test"
2026-09-29 23:07:31.826 INFO  [main] o.s.d.r.c.RepositoryConfigurationDelegate - Multiple Spring Data modules found, entering strict repository configuration mode
2026-09-29 23:07:31.826 INFO  [main] o.s.d.r.c.RepositoryConfigurationDelegate - Bootstrapping Spring Data Redis repositories in DEFAULT mode.
2026-09-29 23:07:31.918 INFO  [main] o.s.d.r.c.RepositoryConfigurationDelegate - Finished Spring Data repository scanning in 90 ms. Found 0 Redis repository interfaces.
2026-09-29 23:07:32.200 INFO  [main] com.zaxxer.hikari.HikariDataSource - HikariPool-3 - Starting...
2026-09-29 23:07:32.202 INFO  [main] com.zaxxer.hikari.pool.HikariPool - HikariPool-3 - Added connection conn20: url=jdbc:h2:mem:system_task_query_2643dacfe1a147d1bb122c7898f3baba user=SA
2026-09-29 23:07:32.203 INFO  [main] com.zaxxer.hikari.HikariDataSource - HikariPool-3 - Start completed.
2026-09-29 23:07:32.206 INFO  [main] org.flywaydb.core.FlywayExecutor - Database: jdbc:h2:mem:system_task_query_2643dacfe1a147d1bb122c7898f3baba (H2 2.3)
2026-09-29 23:07:32.207 WARN  [main] o.f.c.i.database.base.Database - Flyway upgrade recommended: H2 2.3.232 is newer than this version of Flyway and support has not been tested. The latest supported version of H2 is 2.2.224.
2026-09-29 23:07:32.241 INFO  [main] o.f.c.i.s.JdbcTableSchemaHistory - Schema history table "public"."flyway_schema_history" does not exist yet
2026-09-29 23:07:32.242 INFO  [main] o.f.core.internal.command.DbValidate - Successfully validated 86 migrations (execution time 00:00.031s)
2026-09-29 23:07:32.243 INFO  [main] o.f.c.i.s.JdbcTableSchemaHistory - Creating Schema History table "public"."flyway_schema_history" ...
2026-09-29 23:07:32.254 INFO  [main] o.f.core.internal.command.DbMigrate - Current version of schema "public": << Empty Schema >>
2026-09-29 23:07:32.258 INFO  [main] o.f.core.internal.command.DbMigrate - Migrating schema "public" to version "1 - create system config"
2026-09-29 23:07:32.270 INFO  [main] o.f.core.internal.command.DbMigrate - Migrating schema "public" to version "2 - create iam rbac tables"
2026-09-29 23:07:32.288 INFO  [main] o.f.core.internal.command.DbMigrate - Migrating schema "public" to version "3 - create organization types"
2026-09-29 23:07:32.306 INFO  [main] o.f.core.internal.command.DbMigrate - Migrating schema "public" to version "4 - create user organization relations"
2026-09-29 23:07:32.315 INFO  [main] o.f.core.internal.command.DbMigrate - Migrating schema "public" to version "5 - create system task audit"
2026-09-29 23:07:32.326 INFO  [main] o.f.core.internal.command.DbMigrate - Migrating schema "public" to version "6 - create feature toggles"
2026-09-29 23:07:32.336 INFO  [main] o.f.core.internal.command.DbMigrate - Migrating schema "public" to version "7 - create feature toggle changes"
2026-09-29 23:07:32.341 INFO  [main] o.f.core.internal.command.DbMigrate - Migrating schema "public" to version "8 - create user permissions"
2026-09-29 23:07:32.348 INFO  [main] o.f.core.internal.command.DbMigrate - Migrating schema "public" to version "9 - create role data scopes"
2026-09-29 23:07:32.356 INFO  [main] o.f.core.internal.command.DbMigrate - Migrating schema "public" to version "10 - create dictionary tables"
2026-09-29 23:07:32.367 INFO  [main] o.f.core.internal.command.DbMigrate - Migrating schema "public" to version "11 - create cache operation log"
2026-09-29 23:07:32.375 INFO  [main] o.f.core.internal.command.DbMigrate - Migrating schema "public" to version "12 - create interface service tables"
2026-09-29 23:07:32.390 INFO  [main] o.f.core.internal.command.DbMigrate - Migrating schema "public" to version "13 - create attachment core tables"
2026-09-29 23:07:32.403 INFO  [main] o.f.core.internal.command.DbMigrate - Migrating schema "public" to version "14 - create import export template table"
2026-09-29 23:07:32.408 INFO  [main] o.f.core.internal.command.DbMigrate - Migrating schema "public" to version "15 - create auth device session"
2026-09-29 23:07:32.417 INFO  [main] o.f.core.internal.command.DbMigrate - Migrating schema "public" to version "16 - seed iam management permissions"
2026-09-29 23:07:32.423 INFO  [main] o.f.core.internal.command.DbMigrate - Migrating schema "public" to version "17 - seed organization management permissions"
2026-09-29 23:07:32.427 INFO  [main] o.f.core.internal.command.DbMigrate - Migrating schema "public" to version "18 - seed user directory permissions"
2026-09-29 23:07:32.449 INFO  [main] o.f.core.internal.command.DbMigrate - Migrating schema "public" to version "19 - create student relationship foundation"
2026-09-29 23:07:32.460 INFO  [main] o.f.core.internal.command.DbMigrate - Migrating schema "public" to version "20 - create parent binding invitation"
2026-09-29 23:07:32.482 INFO  [main] o.f.core.internal.command.DbMigrate - Migrating schema "public" to version "21 - create student code login"
2026-09-29 23:07:32.501 INFO  [main] o.f.core.internal.command.DbMigrate - Migrating schema "public" to version "22 - create learning task foundation"
2026-09-29 23:07:32.533 INFO  [main] o.f.core.internal.command.DbMigrate - Migrating schema "public" to version "23 - create task execution foundation"
2026-09-29 23:07:32.583 INFO  [main] o.f.core.internal.command.DbMigrate - Migrating schema "public" to version "24 - create growth point account and ledger"
2026-09-29 23:07:32.628 INFO  [main] o.f.core.internal.command.DbMigrate - Migrating schema "public" to version "25 - seed growth point query access"
2026-09-29 23:07:32.640 INFO  [main] o.f.core.internal.command.DbMigrate - Migrating schema "public" to version "26 - add growth point correction"
2026-09-29 23:07:32.660 INFO  [main] o.f.core.internal.command.DbMigrate - Migrating schema "public" to version "27 - add reward exchange"
2026-09-29 23:07:32.720 INFO  [main] o.f.core.internal.command.DbMigrate - Migrating schema "public" to version "28 - add growth review"
2026-09-29 23:07:32.749 INFO  [main] o.f.core.internal.command.DbMigrate - Migrating schema "public" to version "29 - add point lifecycle"
2026-09-29 23:07:32.822 INFO  [main] o.f.core.internal.command.DbMigrate - Migrating schema "public" to version "30 - add recurring task"
2026-09-29 23:07:32.853 INFO  [main] o.f.core.internal.command.DbMigrate - Migrating schema "public" to version "31 - add task checkin attachment"
2026-09-29 23:07:32.883 INFO  [main] o.f.core.internal.command.DbMigrate - Migrating schema "public" to version "32 - add task overdue defer"
2026-09-29 23:07:32.943 INFO  [main] o.f.core.internal.command.DbMigrate - Migrating schema "public" to version "33 - add previous day task copy"
2026-09-29 23:07:32.957 INFO  [main] o.f.core.internal.command.DbMigrate - Migrating schema "public" to version "34 - add learning task template"
2026-09-29 23:07:32.972 INFO  [main] o.f.core.internal.command.DbMigrate - Migrating schema "public" to version "35 - add student qr login"
2026-09-29 23:07:32.993 INFO  [main] o.f.core.internal.command.DbMigrate - Migrating schema "public" to version "36 - add parent phone auth"
2026-09-29 23:07:33.018 INFO  [main] o.f.core.internal.command.DbMigrate - Migrating schema "public" to version "37 - add parent wechat auth"
2026-09-29 23:07:33.037 INFO  [main] o.f.core.internal.command.DbMigrate - Migrating schema "public" to version "38 - add parent relationship lifecycle"
2026-09-29 23:07:33.048 INFO  [main] o.f.core.internal.command.DbMigrate - Migrating schema "public" to version "39 - add account security event"
2026-09-29 23:07:33.056 INFO  [main] o.f.core.internal.command.DbMigrate - Migrating schema "public" to version "40 - add organization miniapp auth"
2026-09-29 23:07:33.060 INFO  [main] o.f.core.internal.command.DbMigrate - Migrating schema "public" to version "41 - add student organization lifecycle"
2026-09-29 23:07:33.072 INFO  [main] o.f.core.internal.command.DbMigrate - Migrating schema "public" to version "42 - add parent account lifecycle"
2026-09-29 23:07:33.078 INFO  [main] o.f.core.internal.command.DbMigrate - Migrating schema "public" to version "43 - finalize parent account cancellation"
2026-09-29 23:07:33.092 INFO  [main] o.f.core.internal.command.DbMigrate - Migrating schema "public" to version "44 - add parent mobile manual recovery"
2026-09-29 23:07:33.102 INFO  [main] o.f.core.internal.command.DbMigrate - Migrating schema "public" to version "45 - add student account cancellation"
2026-09-29 23:07:33.108 INFO  [main] o.f.core.internal.command.DbMigrate - Migrating schema "public" to version "46 - add student wechat auth"
2026-09-29 23:07:33.116 INFO  [main] o.f.core.internal.command.DbMigrate - Migrating schema "public" to version "47 - add organization node lifecycle"
2026-09-29 23:07:33.135 INFO  [main] o.f.core.internal.command.DbMigrate - Migrating schema "public" to version "48 - add class management"
2026-09-29 23:07:33.140 INFO  [main] o.f.core.internal.command.DbMigrate - Migrating schema "public" to version "49 - add permission grant boundary"
2026-09-29 23:07:33.149 INFO  [main] o.f.core.internal.command.DbMigrate - Migrating schema "public" to version "50 - add iam change audit"
2026-09-29 23:07:33.154 INFO  [main] o.f.core.internal.command.DbMigrate - Migrating schema "public" to version "51 - add dictionary management"
2026-09-29 23:07:33.157 INFO  [main] o.f.core.internal.command.DbMigrate - Migrating schema "public" to version "52 - add cache management"
2026-09-29 23:07:33.161 INFO  [main] o.f.core.internal.command.DbMigrate - Migrating schema "public" to version "53 - add interface service management"
2026-09-29 23:07:33.166 INFO  [main] o.f.core.internal.command.DbMigrate - Migrating schema "public" to version "54 - add attachment management"
2026-09-29 23:07:33.172 INFO  [main] o.f.core.internal.command.DbMigrate - Migrating schema "public" to version "55 - add import export template management"
2026-09-29 23:07:33.187 INFO  [main] o.f.core.internal.command.DbMigrate - Migrating schema "public" to version "56 - add import validation job"
2026-09-29 23:07:33.199 INFO  [main] o.f.core.internal.command.DbMigrate - Migrating schema "public" to version "57 - add async export job"
2026-09-29 23:07:33.208 INFO  [main] o.f.core.internal.command.DbMigrate - Migrating schema "public" to version "58 - add student batch import"
2026-09-29 23:07:33.233 INFO  [main] o.f.core.internal.command.DbMigrate - Migrating schema "public" to version "59 - add teacher management"
2026-09-29 23:07:33.241 INFO  [main] o.f.core.internal.command.DbMigrate - Migrating schema "public" to version "60 - complete organization teacher tasks"
2026-09-29 23:07:33.249 INFO  [main] o.f.core.internal.command.DbMigrate - Migrating schema "public" to version "61 - add student exception report"
2026-09-29 23:07:33.258 INFO  [main] o.f.core.internal.command.DbMigrate - Migrating schema "public" to version "62 - add manual attendance"
2026-09-29 23:07:33.271 INFO  [main] o.f.core.internal.command.DbMigrate - Migrating schema "public" to version "63 - add export job payload"
2026-09-29 23:07:33.276 INFO  [main] o.f.core.internal.command.DbMigrate - Migrating schema "public" to version "64 - add growth review pdf feature"
2026-09-29 23:07:33.280 INFO  [main] o.f.core.internal.command.DbMigrate - Migrating schema "public" to version "65 - add growth review pdf job type"
2026-09-29 23:07:33.286 INFO  [main] o.f.core.internal.command.DbMigrate - Migrating schema "public" to version "66 - add growth review subscription"
2026-09-29 23:07:33.290 INFO  [main] o.f.core.internal.command.DbMigrate - Migrating schema "public" to version "67 - add growth review delivery queue"
2026-09-29 23:07:33.294 INFO  [main] o.f.core.internal.command.DbMigrate - Migrating schema "public" to version "68 - add anonymous rank preference"
2026-09-29 23:07:33.301 INFO  [main] o.f.core.internal.command.DbMigrate - Migrating schema "public" to version "69 - add miniapp anonymous rank permission"
2026-09-29 23:07:33.303 INFO  [main] o.f.core.internal.command.DbMigrate - Migrating schema "public" to version "70 - add miniapp parent weekly review permission"
2026-09-29 23:07:33.305 INFO  [main] o.f.core.internal.command.DbMigrate - Migrating schema "public" to version "71 - add miniapp parent reward permissions"
2026-09-29 23:07:33.309 INFO  [main] o.f.core.internal.command.DbMigrate - Migrating schema "public" to version "72 - add web system task read permission"
2026-09-29 23:07:33.312 INFO  [main] o.f.core.internal.command.DbMigrate - Migrating schema "public" to version "73 - add feature toggle management"
2026-09-29 23:07:33.321 INFO  [main] o.f.core.internal.command.DbMigrate - Migrating schema "public" to version "74 - add interface change execution audit"
2026-09-29 23:07:33.328 INFO  [main] o.f.core.internal.command.DbMigrate - Migrating schema "public" to version "75 - add interface change before snapshot"
2026-09-29 23:07:33.338 INFO  [main] o.f.core.internal.command.DbMigrate - Migrating schema "public" to version "76 - add dictionary ledger export"
2026-09-29 23:07:33.342 INFO  [main] o.f.core.internal.command.DbMigrate - Migrating schema "public" to version "77 - add template ledger export"
2026-09-29 23:07:33.346 INFO  [main] o.f.core.internal.command.DbMigrate - Migrating schema "public" to version "78 - add interface service ledger export"
2026-09-29 23:07:33.349 INFO  [main] o.f.core.internal.command.DbMigrate - Migrating schema "public" to version "79 - add cache operation log export"
2026-09-29 23:07:33.353 INFO  [main] o.f.core.internal.command.DbMigrate - Migrating schema "public" to version "80 - add system task ledger export"
2026-09-29 23:07:33.357 INFO  [main] o.f.core.internal.command.DbMigrate - Migrating schema "public" to version "81 - add reward exchange ledger export"
2026-09-29 23:07:33.360 INFO  [main] o.f.core.internal.command.DbMigrate - Migrating schema "public" to version "82 - add exception report ledger export"
2026-09-29 23:07:33.366 INFO  [main] o.f.core.internal.command.DbMigrate - Migrating schema "public" to version "83 - add attachment ledger export"
2026-09-29 23:07:33.369 INFO  [main] o.f.core.internal.command.DbMigrate - Migrating schema "public" to version "84 - add student task report export"
2026-09-29 23:07:33.374 INFO  [main] o.f.core.internal.command.DbMigrate - Migrating schema "public" to version "85 - add organization task statistics export"
2026-09-29 23:07:33.378 INFO  [main] o.f.core.internal.command.DbMigrate - Migrating schema "public" to version "86 - add attendance ledger export"
2026-09-29 23:07:33.382 INFO  [main] o.f.core.internal.command.DbMigrate - Successfully applied 86 migrations to schema "public", now at version v86 (execution time 00:00.622s)
2026-09-29 23:07:34.839 INFO  [main] o.s.b.t.m.w.SpringBootMockServletContext - Initializing Spring TestDispatcherServlet ''
2026-09-29 23:07:34.839 INFO  [main] o.s.t.w.s.TestDispatcherServlet - Initializing Servlet ''
2026-09-29 23:07:34.840 INFO  [main] o.s.t.w.s.TestDispatcherServlet - Completed initialization in 1 ms
2026-09-29 23:07:34.861 INFO  [main] c.l.l.a.w.SystemTaskQueryControllerTest - Started SystemTaskQueryControllerTest in 3.852 seconds (process running for 41.255)
2026-09-29 23:07:34.862 WARN  [main] o.s.c.events.SpringDocAppInitializer - SpringDoc /api/v1/openapi endpoint is enabled by default. To disable it in production, set the property 'springdoc.api-docs.enabled=false'
2026-09-29 23:07:36.603 INFO  [main] o.s.t.c.s.AnnotationConfigContextLoaderUtils - Could not detect default configuration classes for test class [com.lingdong.learning.auth.application.AccountSecurityEventPersistenceTest]: AccountSecurityEventPersistenceTest does not declare any static, non-private, non-final, nested classes annotated with @Configuration.
2026-09-29 23:07:36.680 INFO  [main] o.s.b.t.c.SpringBootTestContextBootstrapper - Found @SpringBootConfiguration com.lingdong.learning.LingdongLearningApplication for test class com.lingdong.learning.auth.application.AccountSecurityEventPersistenceTest
2026-09-29 23:07:36.728 INFO  [main] o.s.t.c.s.AnnotationConfigContextLoaderUtils - Could not detect default configuration classes for test class [com.lingdong.learning.auth.application.AuthenticationApplicationServiceTest]: AuthenticationApplicationServiceTest does not declare any static, non-private, non-final, nested classes annotated with @Configuration.
2026-09-29 23:07:36.731 INFO  [main] o.s.b.t.c.SpringBootTestContextBootstrapper - Found @SpringBootConfiguration com.lingdong.learning.LingdongLearningApplication for test class com.lingdong.learning.auth.application.AuthenticationApplicationServiceTest
2026-09-29 23:07:38.903 INFO  [main] o.s.t.c.s.AnnotationConfigContextLoaderUtils - Could not detect default configuration classes for test class [com.lingdong.learning.auth.application.OrganizationMiniappAuthenticationTest]: OrganizationMiniappAuthenticationTest does not declare any static, non-private, non-final, nested classes annotated with @Configuration.
2026-09-29 23:07:38.906 INFO  [main] o.s.b.t.c.SpringBootTestContextBootstrapper - Found @SpringBootConfiguration com.lingdong.learning.LingdongLearningApplication for test class com.lingdong.learning.auth.application.OrganizationMiniappAuthenticationTest
2026-09-29 23:07:38.931 INFO  [main] c.l.l.a.a.OrganizationMiniappAuthenticationTest - Starting OrganizationMiniappAuthenticationTest using Java 17.0.20 with PID 284180 (started by Administrator in E:\apps\lingdong-xuexi-code\lingdong-xuexi-server)
2026-09-29 23:07:38.931 INFO  [main] c.l.l.a.a.OrganizationMiniappAuthenticationTest - The following 1 profile is active: "test"
2026-09-29 23:07:39.503 INFO  [main] o.s.d.r.c.RepositoryConfigurationDelegate - Multiple Spring Data modules found, entering strict repository configuration mode
2026-09-29 23:07:39.504 INFO  [main] o.s.d.r.c.RepositoryConfigurationDelegate - Bootstrapping Spring Data Redis repositories in DEFAULT mode.
2026-09-29 23:07:39.575 INFO  [main] o.s.d.r.c.RepositoryConfigurationDelegate - Finished Spring Data repository scanning in 69 ms. Found 0 Redis repository interfaces.
2026-09-29 23:07:39.770 INFO  [main] com.zaxxer.hikari.HikariDataSource - HikariPool-4 - Starting...
2026-09-29 23:07:39.771 INFO  [main] com.zaxxer.hikari.pool.HikariPool - HikariPool-4 - Added connection conn30: url=jdbc:h2:mem:lingdong_learning user=SA
2026-09-29 23:07:39.771 INFO  [main] com.zaxxer.hikari.HikariDataSource - HikariPool-4 - Start completed.
2026-09-29 23:07:39.773 INFO  [main] org.flywaydb.core.FlywayExecutor - Database: jdbc:h2:mem:lingdong_learning (H2 2.3)
2026-09-29 23:07:39.775 WARN  [main] o.f.c.i.database.base.Database - Flyway upgrade recommended: H2 2.3.232 is newer than this version of Flyway and support has not been tested. The latest supported version of H2 is 2.2.224.
2026-09-29 23:07:39.800 INFO  [main] o.f.core.internal.command.DbValidate - Successfully validated 86 migrations (execution time 00:00.024s)
2026-09-29 23:07:39.802 INFO  [main] o.f.core.internal.command.DbMigrate - Current version of schema "public": 86
2026-09-29 23:07:39.803 INFO  [main] o.f.core.internal.command.DbMigrate - Schema "public" is up to date. No migration necessary.
2026-09-29 23:07:41.253 INFO  [main] c.l.l.a.a.OrganizationMiniappAuthenticationTest - Started OrganizationMiniappAuthenticationTest in 2.344 seconds (process running for 47.648)
2026-09-29 23:07:41.255 WARN  [main] o.s.c.events.SpringDocAppInitializer - SpringDoc /api/v1/openapi endpoint is enabled by default. To disable it in production, set the property 'springdoc.api-docs.enabled=false'
2026-09-29 23:07:45.620 INFO  [main] o.s.t.c.s.AnnotationConfigContextLoaderUtils - Could not detect default configuration classes for test class [com.lingdong.learning.auth.application.OrganizationSessionRevocationPersistenceTest]: OrganizationSessionRevocationPersistenceTest does not declare any static, non-private, non-final, nested classes annotated with @Configuration.
2026-09-29 23:07:45.623 INFO  [main] o.s.b.t.c.SpringBootTestContextBootstrapper - Found @SpringBootConfiguration com.lingdong.learning.LingdongLearningApplication for test class com.lingdong.learning.auth.application.OrganizationSessionRevocationPersistenceTest
2026-09-29 23:07:45.974 WARN  [main] c.l.l.a.a.ParentAccountFinalizationBatchService - 家长注销申请终结失败，申请标识=12，异常类型=IllegalStateException
2026-09-29 23:07:45.993 INFO  [main] o.s.t.c.s.AnnotationConfigContextLoaderUtils - Could not detect default configuration classes for test class [com.lingdong.learning.auth.application.ParentAccountFinalizationPersistenceTest]: ParentAccountFinalizationPersistenceTest does not declare any static, non-private, non-final, nested classes annotated with @Configuration.
2026-09-29 23:07:45.995 INFO  [main] o.s.b.t.c.SpringBootTestContextBootstrapper - Found @SpringBootConfiguration com.lingdong.learning.LingdongLearningApplication for test class com.lingdong.learning.auth.application.ParentAccountFinalizationPersistenceTest
2026-09-29 23:07:46.728 INFO  [main] o.s.t.c.s.AnnotationConfigContextLoaderUtils - Could not detect default configuration classes for test class [com.lingdong.learning.auth.application.ParentMobileManualRecoveryPersistenceTest]: ParentMobileManualRecoveryPersistenceTest does not declare any static, non-private, non-final, nested classes annotated with @Configuration.
2026-09-29 23:07:46.730 INFO  [main] o.s.b.t.c.SpringBootTestContextBootstrapper - Found @SpringBootConfiguration com.lingdong.learning.LingdongLearningApplication for test class com.lingdong.learning.auth.application.ParentMobileManualRecoveryPersistenceTest
2026-09-29 23:07:47.783 INFO  [main] o.s.t.c.s.AnnotationConfigContextLoaderUtils - Could not detect default configuration classes for test class [com.lingdong.learning.auth.application.StudentCodeLoginApplicationServiceTest]: StudentCodeLoginApplicationServiceTest does not declare any static, non-private, non-final, nested classes annotated with @Configuration.
2026-09-29 23:07:47.785 INFO  [main] o.s.b.t.c.SpringBootTestContextBootstrapper - Found @SpringBootConfiguration com.lingdong.learning.LingdongLearningApplication for test class com.lingdong.learning.auth.application.StudentCodeLoginApplicationServiceTest
2026-09-29 23:07:48.588 INFO  [main] o.s.t.c.s.AnnotationConfigContextLoaderUtils - Could not detect default configuration classes for test class [com.lingdong.learning.auth.web.AuthenticationControllerTest]: AuthenticationControllerTest does not declare any static, non-private, non-final, nested classes annotated with @Configuration.
2026-09-29 23:07:48.671 INFO  [main] o.s.b.t.c.SpringBootTestContextBootstrapper - Found @SpringBootConfiguration com.lingdong.learning.LingdongLearningApplication for test class com.lingdong.learning.auth.web.AuthenticationControllerTest
2026-09-29 23:07:50.121 INFO  [main] o.s.t.c.s.AnnotationConfigContextLoaderUtils - Could not detect default configuration classes for test class [com.lingdong.learning.auth.web.ParentAuthenticationControllerTest]: ParentAuthenticationControllerTest does not declare any static, non-private, non-final, nested classes annotated with @Configuration.
2026-09-29 23:07:50.124 INFO  [main] o.s.b.t.c.SpringBootTestContextBootstrapper - Found @SpringBootConfiguration com.lingdong.learning.LingdongLearningApplication for test class com.lingdong.learning.auth.web.ParentAuthenticationControllerTest
2026-09-29 23:07:50.892 INFO  [main] o.s.t.c.s.AnnotationConfigContextLoaderUtils - Could not detect default configuration classes for test class [com.lingdong.learning.auth.web.StudentAuthenticationControllerTest]: StudentAuthenticationControllerTest does not declare any static, non-private, non-final, nested classes annotated with @Configuration.
2026-09-29 23:07:50.900 INFO  [main] o.s.b.t.c.SpringBootTestContextBootstrapper - Found @SpringBootConfiguration com.lingdong.learning.LingdongLearningApplication for test class com.lingdong.learning.auth.web.StudentAuthenticationControllerTest
2026-09-29 23:07:50.931 INFO  [main] c.l.l.a.w.StudentAuthenticationControllerTest - Starting StudentAuthenticationControllerTest using Java 17.0.20 with PID 284180 (started by Administrator in E:\apps\lingdong-xuexi-code\lingdong-xuexi-server)
2026-09-29 23:07:50.931 INFO  [main] c.l.l.a.w.StudentAuthenticationControllerTest - The following 1 profile is active: "test"
2026-09-29 23:07:51.515 INFO  [main] o.s.d.r.c.RepositoryConfigurationDelegate - Multiple Spring Data modules found, entering strict repository configuration mode
2026-09-29 23:07:51.515 INFO  [main] o.s.d.r.c.RepositoryConfigurationDelegate - Bootstrapping Spring Data Redis repositories in DEFAULT mode.
2026-09-29 23:07:51.573 INFO  [main] o.s.d.r.c.RepositoryConfigurationDelegate - Finished Spring Data repository scanning in 57 ms. Found 0 Redis repository interfaces.
2026-09-29 23:07:51.827 INFO  [main] com.zaxxer.hikari.HikariDataSource - HikariPool-5 - Starting...
2026-09-29 23:07:51.828 INFO  [main] com.zaxxer.hikari.pool.HikariPool - HikariPool-5 - Added connection conn40: url=jdbc:h2:mem:lingdong_learning user=SA
2026-09-29 23:07:51.828 INFO  [main] com.zaxxer.hikari.HikariDataSource - HikariPool-5 - Start completed.
2026-09-29 23:07:51.830 INFO  [main] org.flywaydb.core.FlywayExecutor - Database: jdbc:h2:mem:lingdong_learning (H2 2.3)
2026-09-29 23:07:51.831 WARN  [main] o.f.c.i.database.base.Database - Flyway upgrade recommended: H2 2.3.232 is newer than this version of Flyway and support has not been tested. The latest supported version of H2 is 2.2.224.
2026-09-29 23:07:51.855 INFO  [main] o.f.core.internal.command.DbValidate - Successfully validated 86 migrations (execution time 00:00.022s)
2026-09-29 23:07:51.858 INFO  [main] o.f.core.internal.command.DbMigrate - Current version of schema "public": 86
2026-09-29 23:07:51.858 INFO  [main] o.f.core.internal.command.DbMigrate - Schema "public" is up to date. No migration necessary.
2026-09-29 23:07:53.223 INFO  [main] o.s.b.t.m.w.SpringBootMockServletContext - Initializing Spring TestDispatcherServlet ''
2026-09-29 23:07:53.223 INFO  [main] o.s.t.w.s.TestDispatcherServlet - Initializing Servlet ''
2026-09-29 23:07:53.225 INFO  [main] o.s.t.w.s.TestDispatcherServlet - Completed initialization in 2 ms
2026-09-29 23:07:53.242 INFO  [main] c.l.l.a.w.StudentAuthenticationControllerTest - Started StudentAuthenticationControllerTest in 2.34 seconds (process running for 59.636)
2026-09-29 23:07:53.243 WARN  [main] o.s.c.events.SpringDocAppInitializer - SpringDoc /api/v1/openapi endpoint is enabled by default. To disable it in production, set the property 'springdoc.api-docs.enabled=false'
2026-09-29 23:07:53.352 INFO  [main] o.s.t.c.s.AnnotationConfigContextLoaderUtils - Could not detect default configuration classes for test class [com.lingdong.learning.auth.web.StudentQrAuthenticationControllerTest]: StudentQrAuthenticationControllerTest does not declare any static, non-private, non-final, nested classes annotated with @Configuration.
2026-09-29 23:07:53.356 INFO  [main] o.s.b.t.c.SpringBootTestContextBootstrapper - Found @SpringBootConfiguration com.lingdong.learning.LingdongLearningApplication for test class com.lingdong.learning.auth.web.StudentQrAuthenticationControllerTest
2026-09-29 23:07:54.687 INFO  [main] o.s.t.c.s.AnnotationConfigContextLoaderUtils - Could not detect default configuration classes for test class [com.lingdong.learning.auth.web.StudentWechatAuthenticationControllerTest]: StudentWechatAuthenticationControllerTest does not declare any static, non-private, non-final, nested classes annotated with @Configuration.
2026-09-29 23:07:54.691 INFO  [main] o.s.b.t.c.SpringBootTestContextBootstrapper - Found @SpringBootConfiguration com.lingdong.learning.LingdongLearningApplication for test class com.lingdong.learning.auth.web.StudentWechatAuthenticationControllerTest
2026-09-29 23:07:54.821 INFO  [main] o.s.t.c.s.AnnotationConfigContextLoaderUtils - Could not detect default configuration classes for test class [com.lingdong.learning.cache.application.CacheOperationApplicationServiceTest]: CacheOperationApplicationServiceTest does not declare any static, non-private, non-final, nested classes annotated with @Configuration.
2026-09-29 23:07:54.877 INFO  [main] o.s.b.t.c.SpringBootTestContextBootstrapper - Found @SpringBootConfiguration com.lingdong.learning.LingdongLearningApplication for test class com.lingdong.learning.cache.application.CacheOperationApplicationServiceTest
2026-09-29 23:07:54.974 INFO  [main] o.s.t.c.s.AnnotationConfigContextLoaderUtils - Could not detect default configuration classes for test class [com.lingdong.learning.cache.web.CacheManagementControllerTest]: CacheManagementControllerTest does not declare any static, non-private, non-final, nested classes annotated with @Configuration.
2026-09-29 23:07:55.019 INFO  [main] o.s.b.t.c.SpringBootTestContextBootstrapper - Found @SpringBootConfiguration com.lingdong.learning.LingdongLearningApplication for test class com.lingdong.learning.cache.web.CacheManagementControllerTest
2026-09-29 23:07:57.198 ERROR [main] LINGDONG_ALERT - [ALERT] exceptionType=NullPointerException, path=/api/v1/tasks, traceId=trace-2
2026-09-29 23:07:57.259 INFO  [main] LINGDONG_ALERT - [ALERT] webhook 分发成功，traceId=trace-2
2026-09-29 23:07:57.268 ERROR [main] LINGDONG_ALERT - [ALERT] exceptionType=RuntimeException, path=/api/v1/tasks, traceId=trace-3
2026-09-29 23:07:57.272 WARN  [main] LINGDONG_ALERT - [ALERT] webhook 分发失败，traceId=trace-3, 异常类型=ResourceAccessException
2026-09-29 23:07:57.274 ERROR [main] LINGDONG_ALERT - [ALERT] exceptionType=IllegalStateException, path=/api/v1/students, traceId=trace-1
2026-09-29 23:07:57.714 ERROR [main] c.l.l.common.web.ApiExceptionHandler - 未预期异常 traceId=trace-9 path=/api/v1/students
java.lang.RuntimeException: 数据库密码 hunter2 泄露细节
	at com.lingdong.learning.common.web.ApiExceptionHandlerUnexpectedErrorTest.returnsUnified500WithoutLeakingInternalDetailsAndRaisesAlert(ApiExceptionHandlerUnexpectedErrorTest.java:37)
	at java.base/jdk.internal.reflect.NativeMethodAccessorImpl.invoke0(Native Method)
	at java.base/jdk.internal.reflect.NativeMethodAccessorImpl.invoke(NativeMethodAccessorImpl.java:77)
	at java.base/jdk.internal.reflect.DelegatingMethodAccessorImpl.invoke(DelegatingMethodAccessorImpl.java:43)
	at java.base/java.lang.reflect.Method.invoke(Method.java:569)
	at org.junit.platform.commons.util.ReflectionUtils.invokeMethod(ReflectionUtils.java:767)
	at org.junit.jupiter.engine.execution.MethodInvocation.proceed(MethodInvocation.java:60)
	at org.junit.jupiter.engine.execution.InvocationInterceptorChain$ValidatingInvocation.proceed(InvocationInterceptorChain.java:131)
	at org.junit.jupiter.engine.extension.TimeoutExtension.intercept(TimeoutExtension.java:156)
	at org.junit.jupiter.engine.extension.TimeoutExtension.interceptTestableMethod(TimeoutExtension.java:147)
	at org.junit.jupiter.engine.extension.TimeoutExtension.interceptTestMethod(TimeoutExtension.java:86)
	at org.junit.jupiter.engine.execution.InterceptingExecutableInvoker$ReflectiveInterceptorCall.lambda$ofVoidMethod$0(InterceptingExecutableInvoker.java:103)
	at org.junit.jupiter.engine.execution.InterceptingExecutableInvoker.lambda$invoke$0(InterceptingExecutableInvoker.java:93)
	at org.junit.jupiter.engine.execution.InvocationInterceptorChain$InterceptedInvocation.proceed(InvocationInterceptorChain.java:106)
	at org.junit.jupiter.engine.execution.InvocationInterceptorChain.proceed(InvocationInterceptorChain.java:64)
	at org.junit.jupiter.engine.execution.InvocationInterceptorChain.chainAndInvoke(InvocationInterceptorChain.java:45)
	at org.junit.jupiter.engine.execution.InvocationInterceptorChain.invoke(InvocationInterceptorChain.java:37)
	at org.junit.jupiter.engine.execution.InterceptingExecutableInvoker.invoke(InterceptingExecutableInvoker.java:92)
	at org.junit.jupiter.engine.execution.InterceptingExecutableInvoker.invoke(InterceptingExecutableInvoker.java:86)
	at org.junit.jupiter.engine.descriptor.TestMethodTestDescriptor.lambda$invokeTestMethod$8(TestMethodTestDescriptor.java:217)
	at org.junit.platform.engine.support.hierarchical.ThrowableCollector.execute(ThrowableCollector.java:73)
	at org.junit.jupiter.engine.descriptor.TestMethodTestDescriptor.invokeTestMethod(TestMethodTestDescriptor.java:213)
	at org.junit.jupiter.engine.descriptor.TestMethodTestDescriptor.execute(TestMethodTestDescriptor.java:138)
	at org.junit.jupiter.engine.descriptor.TestMethodTestDescriptor.execute(TestMethodTestDescriptor.java:68)
	at org.junit.platform.engine.support.hierarchical.NodeTestTask.lambda$executeRecursively$6(NodeTestTask.java:156)
	at org.junit.platform.engine.support.hierarchical.ThrowableCollector.execute(ThrowableCollector.java:73)
	at org.junit.platform.engine.support.hierarchical.NodeTestTask.lambda$executeRecursively$8(NodeTestTask.java:146)
	at org.junit.platform.engine.support.hierarchical.Node.around(Node.java:137)
	at org.junit.platform.engine.support.hierarchical.NodeTestTask.lambda$executeRecursively$9(NodeTestTask.java:144)
	at org.junit.platform.engine.support.hierarchical.ThrowableCollector.execute(ThrowableCollector.java:73)
	at org.junit.platform.engine.support.hierarchical.NodeTestTask.executeRecursively(NodeTestTask.java:143)
	at org.junit.platform.engine.support.hierarchical.NodeTestTask.execute(NodeTestTask.java:100)
	at java.base/java.util.ArrayList.forEach(ArrayList.java:1511)
	at org.junit.platform.engine.support.hierarchical.SameThreadHierarchicalTestExecutorService.invokeAll(SameThreadHierarchicalTestExecutorService.java:41)
	at org.junit.platform.engine.support.hierarchical.NodeTestTask.lambda$executeRecursively$6(NodeTestTask.java:160)
	at org.junit.platform.engine.support.hierarchical.ThrowableCollector.execute(ThrowableCollector.java:73)
	at org.junit.platform.engine.support.hierarchical.NodeTestTask.lambda$executeRecursively$8(NodeTestTask.java:146)
	at org.junit.platform.engine.support.hierarchical.Node.around(Node.java:137)
	at org.junit.platform.engine.support.hierarchical.NodeTestTask.lambda$executeRecursively$9(NodeTestTask.java:144)
	at org.junit.platform.engine.support.hierarchical.ThrowableCollector.execute(ThrowableCollector.java:73)
	at org.junit.platform.engine.support.hierarchical.NodeTestTask.executeRecursively(NodeTestTask.java:143)
	at org.junit.platform.engine.support.hierarchical.NodeTestTask.execute(NodeTestTask.java:100)
	at java.base/java.util.ArrayList.forEach(ArrayList.java:1511)
	at org.junit.platform.engine.support.hierarchical.SameThreadHierarchicalTestExecutorService.invokeAll(SameThreadHierarchicalTestExecutorService.java:41)
	at org.junit.platform.engine.support.hierarchical.NodeTestTask.lambda$executeRecursively$6(NodeTestTask.java:160)
	at org.junit.platform.engine.support.hierarchical.ThrowableCollector.execute(ThrowableCollector.java:73)
	at org.junit.platform.engine.support.hierarchical.NodeTestTask.lambda$executeRecursively$8(NodeTestTask.java:146)
	at org.junit.platform.engine.support.hierarchical.Node.around(Node.java:137)
	at org.junit.platform.engine.support.hierarchical.NodeTestTask.lambda$executeRecursively$9(NodeTestTask.java:144)
	at org.junit.platform.engine.support.hierarchical.ThrowableCollector.execute(ThrowableCollector.java:73)
	at org.junit.platform.engine.support.hierarchical.NodeTestTask.executeRecursively(NodeTestTask.java:143)
	at org.junit.platform.engine.support.hierarchical.NodeTestTask.execute(NodeTestTask.java:100)
	at org.junit.platform.engine.support.hierarchical.SameThreadHierarchicalTestExecutorService.submit(SameThreadHierarchicalTestExecutorService.java:35)
	at org.junit.platform.engine.support.hierarchical.HierarchicalTestExecutor.execute(HierarchicalTestExecutor.java:57)
	at org.junit.platform.engine.support.hierarchical.HierarchicalTestEngine.execute(HierarchicalTestEngine.java:54)
	at org.junit.platform.launcher.core.EngineExecutionOrchestrator.execute(EngineExecutionOrchestrator.java:198)
	at org.junit.platform.launcher.core.EngineExecutionOrchestrator.execute(EngineExecutionOrchestrator.java:169)
	at org.junit.platform.launcher.core.EngineExecutionOrchestrator.execute(EngineExecutionOrchestrator.java:93)
	at org.junit.platform.launcher.core.EngineExecutionOrchestrator.lambda$execute$0(EngineExecutionOrchestrator.java:58)
	at org.junit.platform.launcher.core.EngineExecutionOrchestrator.withInterceptedStreams(EngineExecutionOrchestrator.java:141)
	at org.junit.platform.launcher.core.EngineExecutionOrchestrator.execute(EngineExecutionOrchestrator.java:57)
	at org.junit.platform.launcher.core.DefaultLauncher.execute(DefaultLauncher.java:103)
	at org.junit.platform.launcher.core.DefaultLauncher.execute(DefaultLauncher.java:85)
	at org.junit.platform.launcher.core.DelegatingLauncher.execute(DelegatingLauncher.java:47)
	at org.apache.maven.surefire.junitplatform.LazyLauncher.execute(LazyLauncher.java:56)
	at org.apache.maven.surefire.junitplatform.JUnitPlatformProvider.execute(JUnitPlatformProvider.java:194)
	at org.apache.maven.surefire.junitplatform.JUnitPlatformProvider.invokeAllTests(JUnitPlatformProvider.java:150)
	at org.apache.maven.surefire.junitplatform.JUnitPlatformProvider.invoke(JUnitPlatformProvider.java:124)
	at java.base/jdk.internal.reflect.NativeMethodAccessorImpl.invoke0(Native Method)
	at java.base/jdk.internal.reflect.NativeMethodAccessorImpl.invoke(NativeMethodAccessorImpl.java:77)
	at java.base/jdk.internal.reflect.DelegatingMethodAccessorImpl.invoke(DelegatingMethodAccessorImpl.java:43)
	at java.base/java.lang.reflect.Method.invoke(Method.java:569)
	at org.apache.maven.surefire.api.util.ReflectionUtils.invokeMethodWithArray2(ReflectionUtils.java:137)
	at org.apache.maven.surefire.booter.ProviderFactory$ProviderProxy.invoke(ProviderFactory.java:148)
	at org.apache.maven.surefire.booter.ProviderFactory.invokeProvider(ProviderFactory.java:88)
	at org.apache.maven.plugin.surefire.InPluginVMSurefireStarter.runSuitesInProcess(InPluginVMSurefireStarter.java:91)
	at org.apache.maven.plugin.surefire.AbstractSurefireMojo.executeProvider(AbstractSurefireMojo.java:1308)
	at org.apache.maven.plugin.surefire.AbstractSurefireMojo.executeAfterPreconditionsChecked(AbstractSurefireMojo.java:1135)
	at org.apache.maven.plugin.surefire.AbstractSurefireMojo.execute(AbstractSurefireMojo.java:969)
	at org.apache.maven.plugin.DefaultBuildPluginManager.executeMojo(DefaultBuildPluginManager.java:126)
	at org.apache.maven.lifecycle.internal.MojoExecutor.doExecute2(MojoExecutor.java:328)
	at org.apache.maven.lifecycle.internal.MojoExecutor.doExecute(MojoExecutor.java:316)
	at org.apache.maven.lifecycle.internal.MojoExecutor.execute(MojoExecutor.java:212)
	at org.apache.maven.lifecycle.internal.MojoExecutor.execute(MojoExecutor.java:174)
	at org.apache.maven.lifecycle.internal.MojoExecutor.access$000(MojoExecutor.java:75)
	at org.apache.maven.lifecycle.internal.MojoExecutor$1.run(MojoExecutor.java:162)
	at org.apache.maven.plugin.DefaultMojosExecutionStrategy.execute(DefaultMojosExecutionStrategy.java:39)
	at org.apache.maven.lifecycle.internal.MojoExecutor.execute(MojoExecutor.java:159)
	at org.apache.maven.lifecycle.internal.LifecycleModuleBuilder.buildProject(LifecycleModuleBuilder.java:105)
	at org.apache.maven.lifecycle.internal.LifecycleModuleBuilder.buildProject(LifecycleModuleBuilder.java:73)
	at org.apache.maven.lifecycle.internal.builder.singlethreaded.SingleThreadedBuilder.build(SingleThreadedBuilder.java:53)
	at org.apache.maven.lifecycle.internal.LifecycleStarter.execute(LifecycleStarter.java:118)
	at org.apache.maven.DefaultMaven.doExecute(DefaultMaven.java:261)
	at org.apache.maven.DefaultMaven.doExecute(DefaultMaven.java:173)
	at org.apache.maven.DefaultMaven.execute(DefaultMaven.java:101)
	at org.apache.maven.cli.MavenCli.execute(MavenCli.java:919)
	at org.apache.maven.cli.MavenCli.doMain(MavenCli.java:285)
	at org.apache.maven.cli.MavenCli.main(MavenCli.java:207)
	at java.base/jdk.internal.reflect.NativeMethodAccessorImpl.invoke0(Native Method)
	at java.base/jdk.internal.reflect.NativeMethodAccessorImpl.invoke(NativeMethodAccessorImpl.java:77)
	at java.base/jdk.internal.reflect.DelegatingMethodAccessorImpl.invoke(DelegatingMethodAccessorImpl.java:43)
	at java.base/java.lang.reflect.Method.invoke(Method.java:569)
	at org.codehaus.plexus.classworlds.launcher.Launcher.launchEnhanced(Launcher.java:255)
	at org.codehaus.plexus.classworlds.launcher.Launcher.launch(Launcher.java:201)
	at org.codehaus.plexus.classworlds.launcher.Launcher.mainWithExitCode(Launcher.java:361)
	at org.codehaus.plexus.classworlds.launcher.Launcher.main(Launcher.java:314)
2026-09-29 23:07:58.859 INFO  [main] o.s.t.c.s.AnnotationConfigContextLoaderUtils - Could not detect default configuration classes for test class [com.lingdong.learning.dashboard.web.ActivityTrendApiIntegrationTest]: ActivityTrendApiIntegrationTest does not declare any static, non-private, non-final, nested classes annotated with @Configuration.
2026-09-29 23:07:58.916 INFO  [main] o.s.b.t.c.SpringBootTestContextBootstrapper - Found @SpringBootConfiguration com.lingdong.learning.LingdongLearningApplication for test class com.lingdong.learning.dashboard.web.ActivityTrendApiIntegrationTest
2026-09-29 23:07:58.942 INFO  [main] c.l.l.d.w.ActivityTrendApiIntegrationTest - Starting ActivityTrendApiIntegrationTest using Java 17.0.20 with PID 284180 (started by Administrator in E:\apps\lingdong-xuexi-code\lingdong-xuexi-server)
2026-09-29 23:07:58.942 INFO  [main] c.l.l.d.w.ActivityTrendApiIntegrationTest - The following 1 profile is active: "test"
2026-09-29 23:07:59.512 INFO  [main] o.s.d.r.c.RepositoryConfigurationDelegate - Multiple Spring Data modules found, entering strict repository configuration mode
2026-09-29 23:07:59.512 INFO  [main] o.s.d.r.c.RepositoryConfigurationDelegate - Bootstrapping Spring Data Redis repositories in DEFAULT mode.
2026-09-29 23:07:59.573 INFO  [main] o.s.d.r.c.RepositoryConfigurationDelegate - Finished Spring Data repository scanning in 59 ms. Found 0 Redis repository interfaces.
2026-09-29 23:07:59.752 INFO  [main] com.zaxxer.hikari.HikariDataSource - HikariPool-6 - Starting...
2026-09-29 23:07:59.753 INFO  [main] com.zaxxer.hikari.pool.HikariPool - HikariPool-6 - Added connection conn50: url=jdbc:h2:mem:lingdong_learning user=SA
2026-09-29 23:07:59.753 INFO  [main] com.zaxxer.hikari.HikariDataSource - HikariPool-6 - Start completed.
2026-09-29 23:07:59.754 INFO  [main] org.flywaydb.core.FlywayExecutor - Database: jdbc:h2:mem:lingdong_learning (H2 2.3)
2026-09-29 23:07:59.755 WARN  [main] o.f.c.i.database.base.Database - Flyway upgrade recommended: H2 2.3.232 is newer than this version of Flyway and support has not been tested. The latest supported version of H2 is 2.2.224.
2026-09-29 23:07:59.782 INFO  [main] o.f.core.internal.command.DbValidate - Successfully validated 86 migrations (execution time 00:00.025s)
2026-09-29 23:07:59.785 INFO  [main] o.f.core.internal.command.DbMigrate - Current version of schema "public": 86
2026-09-29 23:07:59.785 INFO  [main] o.f.core.internal.command.DbMigrate - Schema "public" is up to date. No migration necessary.
2026-09-29 23:08:01.041 INFO  [main] o.s.b.t.m.w.SpringBootMockServletContext - Initializing Spring TestDispatcherServlet ''
2026-09-29 23:08:01.042 INFO  [main] o.s.t.w.s.TestDispatcherServlet - Initializing Servlet ''
2026-09-29 23:08:01.043 INFO  [main] o.s.t.w.s.TestDispatcherServlet - Completed initialization in 1 ms
2026-09-29 23:08:01.058 INFO  [main] c.l.l.d.w.ActivityTrendApiIntegrationTest - Started ActivityTrendApiIntegrationTest in 2.14 seconds (process running for 67.453)
2026-09-29 23:08:01.059 WARN  [main] o.s.c.events.SpringDocAppInitializer - SpringDoc /api/v1/openapi endpoint is enabled by default. To disable it in production, set the property 'springdoc.api-docs.enabled=false'
2026-09-29 23:08:04.090 INFO  [main] o.s.t.c.s.AnnotationConfigContextLoaderUtils - Could not detect default configuration classes for test class [com.lingdong.learning.datascope.application.OrganizationDataScopeServiceTest]: OrganizationDataScopeServiceTest does not declare any static, non-private, non-final, nested classes annotated with @Configuration.
2026-09-29 23:08:04.146 INFO  [main] o.s.b.t.c.SpringBootTestContextBootstrapper - Found @SpringBootConfiguration com.lingdong.learning.LingdongLearningApplication for test class com.lingdong.learning.datascope.application.OrganizationDataScopeServiceTest
2026-09-29 23:08:04.271 INFO  [main] o.s.t.c.s.AnnotationConfigContextLoaderUtils - Could not detect default configuration classes for test class [com.lingdong.learning.dictionary.application.DictionaryApplicationServiceTest]: DictionaryApplicationServiceTest does not declare any static, non-private, non-final, nested classes annotated with @Configuration.
2026-09-29 23:08:04.318 INFO  [main] o.s.b.t.c.SpringBootTestContextBootstrapper - Found @SpringBootConfiguration com.lingdong.learning.LingdongLearningApplication for test class com.lingdong.learning.dictionary.application.DictionaryApplicationServiceTest
2026-09-29 23:08:04.415 INFO  [main] o.s.t.c.s.AnnotationConfigContextLoaderUtils - Could not detect default configuration classes for test class [com.lingdong.learning.dictionary.web.DictionaryManagementControllerTest]: DictionaryManagementControllerTest does not declare any static, non-private, non-final, nested classes annotated with @Configuration.
2026-09-29 23:08:04.468 INFO  [main] o.s.b.t.c.SpringBootTestContextBootstrapper - Found @SpringBootConfiguration com.lingdong.learning.LingdongLearningApplication for test class com.lingdong.learning.dictionary.web.DictionaryManagementControllerTest
2026-09-29 23:08:05.510 INFO  [main] o.s.t.c.s.AnnotationConfigContextLoaderUtils - Could not detect default configuration classes for test class [com.lingdong.learning.exceptionreport.infrastructure.persistence.ExceptionReportPersistenceTest]: ExceptionReportPersistenceTest does not declare any static, non-private, non-final, nested classes annotated with @Configuration.
2026-09-29 23:08:05.559 INFO  [main] o.s.b.t.c.SpringBootTestContextBootstrapper - Found @SpringBootConfiguration com.lingdong.learning.LingdongLearningApplication for test class com.lingdong.learning.exceptionreport.infrastructure.persistence.ExceptionReportPersistenceTest
2026-09-29 23:08:07.040 WARN  [main] c.l.l.e.a.ExportJobExecutionService - 导出作业执行失败，作业标识=1874244142494646980，异常类型=IllegalStateException
2026-09-29 23:08:07.133 WARN  [main] c.l.l.e.a.ExportJobExecutionService - 导出作业执行失败，作业标识=1874244142494646980，异常类型=IllegalStateException
2026-09-29 23:08:07.153 WARN  [main] c.l.l.e.a.ExportJobExecutionService - 导出作业执行失败，作业标识=1874244142494646980，异常类型=IllegalStateException
2026-09-29 23:08:07.162 WARN  [main] c.l.l.e.a.ExportJobExecutionService - 导出作业执行失败，作业标识=1874244142494646980，异常类型=IllegalStateException
2026-09-29 23:08:07.183 WARN  [main] c.l.l.e.a.ExportJobExecutionService - 导出作业执行失败，作业标识=1874244142494646980，异常类型=IllegalStateException
2026-09-29 23:08:07.192 WARN  [main] c.l.l.e.a.ExportJobExecutionService - 导出作业执行失败，作业标识=1874244142494646980，异常类型=IllegalStateException
2026-09-29 23:08:07.238 WARN  [main] c.l.l.e.a.ExportJobExecutionService - 导出作业执行失败，作业标识=1874244142494646980，异常类型=IllegalStateException
2026-09-29 23:08:07.270 WARN  [main] c.l.l.e.a.ExportJobExecutionService - 导出作业执行失败，作业标识=1874244142494646980，异常类型=IllegalStateException
2026-09-29 23:08:07.295 WARN  [main] c.l.l.e.a.ExportJobExecutionService - 导出作业执行失败，作业标识=1874244142494646980，异常类型=IllegalStateException
2026-09-29 23:08:07.318 WARN  [main] c.l.l.e.a.ExportJobExecutionService - 导出作业执行失败，作业标识=1874244142494646980，异常类型=IllegalStateException
2026-09-29 23:08:07.337 WARN  [main] c.l.l.e.a.ExportJobExecutionService - 导出作业执行失败，作业标识=1874244142494646980，异常类型=IllegalStateException
2026-09-29 23:08:07.344 WARN  [main] c.l.l.e.a.ExportJobExecutionService - 导出作业执行失败，作业标识=1874244142494646980，异常类型=IllegalStateException
2026-09-29 23:08:07.368 WARN  [main] c.l.l.e.a.ExportJobExecutionService - 导出作业执行失败，作业标识=1874244142494646980，异常类型=IllegalStateException
2026-09-29 23:08:07.394 WARN  [main] c.l.l.e.a.ExportJobExecutionService - 导出作业执行失败，作业标识=1874244142494646980，异常类型=IllegalStateException
2026-09-29 23:08:07.411 WARN  [main] c.l.l.e.a.ExportJobExecutionService - 导出作业执行失败，作业标识=1874244142494646980，异常类型=IllegalStateException
2026-09-29 23:08:07.433 WARN  [main] c.l.l.e.a.ExportJobExecutionService - 导出作业执行失败，作业标识=1874244142494646980，异常类型=IllegalStateException
2026-09-29 23:08:07.459 WARN  [main] c.l.l.e.a.ExportJobExecutionService - 导出作业执行失败，作业标识=1874244142494646980，异常类型=IllegalStateException
2026-09-29 23:08:07.484 WARN  [main] c.l.l.e.a.ExportJobExecutionService - 导出作业执行失败，作业标识=1874244142494646980，异常类型=IllegalStateException
2026-09-29 23:08:07.501 WARN  [main] c.l.l.e.a.ExportJobExecutionService - 导出作业执行失败，作业标识=1874244142494646980，异常类型=IllegalStateException
2026-09-29 23:08:08.560 WARN  [main] org.apache.fontbox.ttf.CmapSubtable - Format 14 cmap table is not supported and will be ignored
2026-09-29 23:08:08.868 WARN  [main] org.apache.fontbox.ttf.CmapSubtable - Format 14 cmap table is not supported and will be ignored
2026-09-29 23:08:09.321 WARN  [main] org.apache.fontbox.ttf.CmapSubtable - Format 14 cmap table is not supported and will be ignored
2026-09-29 23:08:09.484 WARN  [main] org.apache.fontbox.ttf.CmapSubtable - Format 14 cmap table is not supported and will be ignored
2026-09-29 23:08:09.583 WARN  [main] org.apache.fontbox.ttf.CmapSubtable - Format 14 cmap table is not supported and will be ignored
2026-09-29 23:08:09.681 WARN  [main] org.apache.fontbox.ttf.CmapSubtable - Format 14 cmap table is not supported and will be ignored
2026-09-29 23:08:11.122 WARN  [main] org.apache.fontbox.ttf.CmapSubtable - Format 14 cmap table is not supported and will be ignored
2026-09-29 23:08:11.616 INFO  [main] o.s.t.c.s.AnnotationConfigContextLoaderUtils - Could not detect default configuration classes for test class [com.lingdong.learning.exportjob.infrastructure.persistence.ExportDatasetPersistenceTest]: ExportDatasetPersistenceTest does not declare any static, non-private, non-final, nested classes annotated with @Configuration.
2026-09-29 23:08:11.685 INFO  [main] o.s.b.t.c.SpringBootTestContextBootstrapper - Found @SpringBootConfiguration com.lingdong.learning.LingdongLearningApplication for test class com.lingdong.learning.exportjob.infrastructure.persistence.ExportDatasetPersistenceTest
2026-09-29 23:08:11.725 INFO  [main] o.s.t.c.s.AnnotationConfigContextLoaderUtils - Could not detect default configuration classes for test class [com.lingdong.learning.exportjob.infrastructure.persistence.ExportJobPersistenceTest]: ExportJobPersistenceTest does not declare any static, non-private, non-final, nested classes annotated with @Configuration.
2026-09-29 23:08:11.727 INFO  [main] o.s.b.t.c.SpringBootTestContextBootstrapper - Found @SpringBootConfiguration com.lingdong.learning.LingdongLearningApplication for test class com.lingdong.learning.exportjob.infrastructure.persistence.ExportJobPersistenceTest
2026-09-29 23:08:11.759 INFO  [main] o.s.t.c.s.AnnotationConfigContextLoaderUtils - Could not detect default configuration classes for test class [com.lingdong.learning.exportjob.infrastructure.persistence.GrowthReviewExportPayloadStoreTest]: GrowthReviewExportPayloadStoreTest does not declare any static, non-private, non-final, nested classes annotated with @Configuration.
2026-09-29 23:08:11.762 INFO  [main] o.s.b.t.c.SpringBootTestContextBootstrapper - Found @SpringBootConfiguration com.lingdong.learning.LingdongLearningApplication for test class com.lingdong.learning.exportjob.infrastructure.persistence.GrowthReviewExportPayloadStoreTest
2026-09-29 23:08:12.048 WARN  [main] org.apache.fontbox.ttf.CmapSubtable - Format 14 cmap table is not supported and will be ignored
2026-09-29 23:08:12.229 WARN  [main] org.apache.fontbox.ttf.CmapSubtable - Format 14 cmap table is not supported and will be ignored
2026-09-29 23:08:12.418 WARN  [main] org.apache.fontbox.ttf.CmapSubtable - Format 14 cmap table is not supported and will be ignored
2026-09-29 23:08:12.556 WARN  [main] org.apache.fontbox.ttf.CmapSubtable - Format 14 cmap table is not supported and will be ignored
2026-09-29 23:08:13.009 WARN  [main] org.apache.fontbox.ttf.CmapSubtable - Format 14 cmap table is not supported and will be ignored
2026-09-29 23:08:13.159 WARN  [main] org.apache.fontbox.ttf.CmapSubtable - Format 14 cmap table is not supported and will be ignored
2026-09-29 23:08:13.383 INFO  [main] o.s.t.c.s.AnnotationConfigContextLoaderUtils - Could not detect default configuration classes for test class [com.lingdong.learning.exportjob.web.ExportJobApiIntegrationTest]: ExportJobApiIntegrationTest does not declare any static, non-private, non-final, nested classes annotated with @Configuration.
2026-09-29 23:08:13.497 INFO  [main] o.s.b.t.c.SpringBootTestContextBootstrapper - Found @SpringBootConfiguration com.lingdong.learning.LingdongLearningApplication for test class com.lingdong.learning.exportjob.web.ExportJobApiIntegrationTest
2026-09-29 23:08:22.229 INFO  [main] o.s.api.AbstractOpenApiResource - Init duration for springdoc-openapi is: 3107 ms
2026-09-29 23:08:22.661 WARN  [main] c.l.l.e.a.ExportJobExecutionService - 导出作业执行失败，作业标识=2104951425715929088，异常类型=SystemOperationAccessDeniedException
2026-09-29 23:08:24.235 WARN  [main] c.l.l.e.a.ExportJobExecutionService - 导出作业执行失败，作业标识=2104951432284209152，异常类型=SystemOperationAccessDeniedException
2026-09-29 23:08:27.775 WARN  [main] c.l.l.e.a.ExportJobExecutionService - 导出作业执行失败，作业标识=2104951447161405440，异常类型=SystemOperationAccessDeniedException
2026-09-29 23:08:28.076 WARN  [main] c.l.l.e.a.ExportJobExecutionService - 导出作业执行失败，作业标识=2104951448428085248，异常类型=SystemOperationAccessDeniedException
2026-09-29 23:08:28.421 INFO  [main] o.s.mock.web.MockServletContext - Initializing Spring TestDispatcherServlet ''
2026-09-29 23:08:28.422 INFO  [main] o.s.t.w.s.TestDispatcherServlet - Initializing Servlet ''
2026-09-29 23:08:28.422 INFO  [main] o.s.t.w.s.TestDispatcherServlet - Completed initialization in 0 ms
2026-09-29 23:08:28.435 INFO  [main] o.s.mock.web.MockServletContext - Initializing Spring TestDispatcherServlet ''
2026-09-29 23:08:28.436 INFO  [main] o.s.t.w.s.TestDispatcherServlet - Initializing Servlet ''
2026-09-29 23:08:28.436 INFO  [main] o.s.t.w.s.TestDispatcherServlet - Completed initialization in 0 ms
2026-09-29 23:08:28.450 WARN  [main] o.s.w.s.m.s.DefaultHandlerExceptionResolver - Resolved [org.springframework.web.bind.MethodArgumentNotValidException: Validation failed for argument [1] in public com.lingdong.learning.exportjob.web.ExportJobResponse com.lingdong.learning.exportjob.web.GrowthReviewExportController.create(com.lingdong.learning.auth.application.AuthenticatedUser,com.lingdong.learning.exportjob.web.CreateGrowthReviewExportRequest,jakarta.servlet.http.HttpServletRequest): [Field error in object 'createGrowthReviewExportRequest' on field 'studentId': rejected value [123]; codes [Pattern.createGrowthReviewExportRequest.studentId,Pattern.studentId,Pattern.java.lang.String,Pattern]; arguments [org.springframework.context.support.DefaultMessageSourceResolvable: codes [createGrowthReviewExportRequest.studentId,studentId]; arguments []; default message [studentId],[Ljakarta.validation.constraints.Pattern$Flag;@676ea9ea,[1-9][0-9]{18}]; default message [must match "[1-9][0-9]{18}"]] ]
2026-09-29 23:08:28.451 WARN  [main] o.s.w.s.m.s.DefaultHandlerExceptionResolver - Resolved [org.springframework.web.bind.MethodArgumentNotValidException: Validation failed for argument [1] in public com.lingdong.learning.exportjob.web.ExportJobResponse com.lingdong.learning.exportjob.web.GrowthReviewExportController.create(com.lingdong.learning.auth.application.AuthenticatedUser,com.lingdong.learning.exportjob.web.CreateGrowthReviewExportRequest,jakarta.servlet.http.HttpServletRequest): [Field error in object 'createGrowthReviewExportRequest' on field 'mode': rejected value [null]; codes [NotNull.createGrowthReviewExportRequest.mode,NotNull.mode,NotNull.com.lingdong.learning.growthpoint.infrastructure.pdf.GrowthReviewPdfRenderer$Template,NotNull]; arguments [org.springframework.context.support.DefaultMessageSourceResolvable: codes [createGrowthReviewExportRequest.mode,mode]; arguments []; default message [mode]]; default message [must not be null]] ]
2026-09-29 23:08:28.453 WARN  [main] o.s.w.s.m.s.DefaultHandlerExceptionResolver - Resolved [org.springframework.web.bind.MethodArgumentNotValidException: Validation failed for argument [1] in public com.lingdong.learning.exportjob.web.ExportJobResponse com.lingdong.learning.exportjob.web.GrowthReviewExportController.create(com.lingdong.learning.auth.application.AuthenticatedUser,com.lingdong.learning.exportjob.web.CreateGrowthReviewExportRequest,jakarta.servlet.http.HttpServletRequest): [Field error in object 'createGrowthReviewExportRequest' on field 'reason': rejected value []; codes [NotBlank.createGrowthReviewExportRequest.reason,NotBlank.reason,NotBlank.java.lang.String,NotBlank]; arguments [org.springframework.context.support.DefaultMessageSourceResolvable: codes [createGrowthReviewExportRequest.reason,reason]; arguments []; default message [reason]]; default message [must not be blank]] ]
2026-09-29 23:08:28.463 INFO  [main] o.s.mock.web.MockServletContext - Initializing Spring TestDispatcherServlet ''
2026-09-29 23:08:28.465 INFO  [main] o.s.t.w.s.TestDispatcherServlet - Initializing Servlet ''
2026-09-29 23:08:28.465 INFO  [main] o.s.t.w.s.TestDispatcherServlet - Completed initialization in 0 ms
2026-09-29 23:08:28.634 INFO  [main] o.s.t.c.s.AnnotationConfigContextLoaderUtils - Could not detect default configuration classes for test class [com.lingdong.learning.exportjob.web.OrganizationAttendanceLedgerExportApiIntegrationTest]: OrganizationAttendanceLedgerExportApiIntegrationTest does not declare any static, non-private, non-final, nested classes annotated with @Configuration.
2026-09-29 23:08:28.640 INFO  [main] o.s.b.t.c.SpringBootTestContextBootstrapper - Found @SpringBootConfiguration com.lingdong.learning.LingdongLearningApplication for test class com.lingdong.learning.exportjob.web.OrganizationAttendanceLedgerExportApiIntegrationTest
2026-09-29 23:08:31.057 WARN  [main] org.apache.fontbox.ttf.CmapSubtable - Format 14 cmap table is not supported and will be ignored
2026-09-29 23:08:32.828 WARN  [main] c.l.l.e.a.ExportJobExecutionService - 导出作业执行失败，作业标识=2104951468351029248，异常类型=SystemOperationAccessDeniedException
2026-09-29 23:08:32.927 INFO  [main] o.s.t.c.s.AnnotationConfigContextLoaderUtils - Could not detect default configuration classes for test class [com.lingdong.learning.exportjob.web.OrganizationTaskStatisticsExportApiIntegrationTest]: OrganizationTaskStatisticsExportApiIntegrationTest does not declare any static, non-private, non-final, nested classes annotated with @Configuration.
2026-09-29 23:08:32.935 INFO  [main] o.s.b.t.c.SpringBootTestContextBootstrapper - Found @SpringBootConfiguration com.lingdong.learning.LingdongLearningApplication for test class com.lingdong.learning.exportjob.web.OrganizationTaskStatisticsExportApiIntegrationTest
2026-09-29 23:08:33.308 WARN  [main] org.apache.fontbox.ttf.CmapSubtable - Format 14 cmap table is not supported and will be ignored
2026-09-29 23:08:34.043 WARN  [main] c.l.l.e.a.ExportJobExecutionService - 导出作业执行失败，作业标识=2104951473463885824，异常类型=SystemOperationAccessDeniedException
2026-09-29 23:08:34.768 INFO  [main] o.s.t.c.s.AnnotationConfigContextLoaderUtils - Could not detect default configuration classes for test class [com.lingdong.learning.exportjob.web.StudentTaskExportApiIntegrationTest]: StudentTaskExportApiIntegrationTest does not declare any static, non-private, non-final, nested classes annotated with @Configuration.
2026-09-29 23:08:34.770 INFO  [main] o.s.b.t.c.SpringBootTestContextBootstrapper - Found @SpringBootConfiguration com.lingdong.learning.LingdongLearningApplication for test class com.lingdong.learning.exportjob.web.StudentTaskExportApiIntegrationTest
2026-09-29 23:08:36.002 WARN  [main] org.apache.fontbox.ttf.CmapSubtable - Format 14 cmap table is not supported and will be ignored
2026-09-29 23:08:36.558 WARN  [main] c.l.l.e.a.ExportJobExecutionService - 导出作业执行失败，作业标识=2104951484012560384，异常类型=SystemOperationAccessDeniedException
2026-09-29 23:08:37.867 WARN  [main] c.l.l.e.a.ExportJobExecutionService - 导出作业执行失败，作业标识=2104951489477738496，异常类型=SystemOperationAccessDeniedException
2026-09-29 23:08:37.944 INFO  [main] o.s.t.c.s.AnnotationConfigContextLoaderUtils - Could not detect default configuration classes for test class [com.lingdong.learning.feature.application.FeatureAccessServiceTest]: FeatureAccessServiceTest does not declare any static, non-private, non-final, nested classes annotated with @Configuration.
2026-09-29 23:08:38.041 INFO  [main] o.s.b.t.c.SpringBootTestContextBootstrapper - Found @SpringBootConfiguration com.lingdong.learning.LingdongLearningApplication for test class com.lingdong.learning.feature.application.FeatureAccessServiceTest
2026-09-29 23:08:38.078 INFO  [main] o.s.t.c.s.AnnotationConfigContextLoaderUtils - Could not detect default configuration classes for test class [com.lingdong.learning.feature.application.FeatureToggleChangeServiceTest]: FeatureToggleChangeServiceTest does not declare any static, non-private, non-final, nested classes annotated with @Configuration.
2026-09-29 23:08:38.081 INFO  [main] o.s.b.t.c.SpringBootTestContextBootstrapper - Found @SpringBootConfiguration com.lingdong.learning.LingdongLearningApplication for test class com.lingdong.learning.feature.application.FeatureToggleChangeServiceTest
2026-09-29 23:08:38.663 INFO  [main] o.s.mock.web.MockServletContext - Initializing Spring TestDispatcherServlet ''
2026-09-29 23:08:38.665 INFO  [main] o.s.t.w.s.TestDispatcherServlet - Initializing Servlet ''
2026-09-29 23:08:38.666 INFO  [main] o.s.t.w.s.TestDispatcherServlet - Completed initialization in 1 ms
2026-09-29 23:08:38.700 INFO  [main] o.s.t.c.s.AnnotationConfigContextLoaderUtils - Could not detect default configuration classes for test class [com.lingdong.learning.feature.web.FeatureManagementControllerTest]: FeatureManagementControllerTest does not declare any static, non-private, non-final, nested classes annotated with @Configuration.
2026-09-29 23:08:38.771 INFO  [main] o.s.b.t.c.SpringBootTestContextBootstrapper - Found @SpringBootConfiguration com.lingdong.learning.LingdongLearningApplication for test class com.lingdong.learning.feature.web.FeatureManagementControllerTest
2026-09-29 23:08:38.803 INFO  [main] c.l.l.f.w.FeatureManagementControllerTest - Starting FeatureManagementControllerTest using Java 17.0.20 with PID 284180 (started by Administrator in E:\apps\lingdong-xuexi-code\lingdong-xuexi-server)
2026-09-29 23:08:38.803 INFO  [main] c.l.l.f.w.FeatureManagementControllerTest - The following 1 profile is active: "test"
2026-09-29 23:08:39.789 INFO  [main] o.s.d.r.c.RepositoryConfigurationDelegate - Multiple Spring Data modules found, entering strict repository configuration mode
2026-09-29 23:08:39.790 INFO  [main] o.s.d.r.c.RepositoryConfigurationDelegate - Bootstrapping Spring Data Redis repositories in DEFAULT mode.
2026-09-29 23:08:39.883 INFO  [main] o.s.d.r.c.RepositoryConfigurationDelegate - Finished Spring Data repository scanning in 92 ms. Found 0 Redis repository interfaces.
2026-09-29 23:08:40.118 INFO  [main] com.zaxxer.hikari.HikariDataSource - HikariPool-7 - Starting...
2026-09-29 23:08:40.120 INFO  [main] com.zaxxer.hikari.pool.HikariPool - HikariPool-7 - Added connection conn60: url=jdbc:h2:mem:feature_management_016247536ac54ff18ffeff1aacb1abf3 user=SA
2026-09-29 23:08:40.120 INFO  [main] com.zaxxer.hikari.HikariDataSource - HikariPool-7 - Start completed.
2026-09-29 23:08:40.121 INFO  [main] org.flywaydb.core.FlywayExecutor - Database: jdbc:h2:mem:feature_management_016247536ac54ff18ffeff1aacb1abf3 (H2 2.3)
2026-09-29 23:08:40.122 WARN  [main] o.f.c.i.database.base.Database - Flyway upgrade recommended: H2 2.3.232 is newer than this version of Flyway and support has not been tested. The latest supported version of H2 is 2.2.224.
2026-09-29 23:08:40.150 INFO  [main] o.f.c.i.s.JdbcTableSchemaHistory - Schema history table "public"."flyway_schema_history" does not exist yet
2026-09-29 23:08:40.151 INFO  [main] o.f.core.internal.command.DbValidate - Successfully validated 86 migrations (execution time 00:00.027s)
2026-09-29 23:08:40.151 INFO  [main] o.f.c.i.s.JdbcTableSchemaHistory - Creating Schema History table "public"."flyway_schema_history" ...
2026-09-29 23:08:40.155 INFO  [main] o.f.core.internal.command.DbMigrate - Current version of schema "public": << Empty Schema >>
2026-09-29 23:08:40.157 INFO  [main] o.f.core.internal.command.DbMigrate - Migrating schema "public" to version "1 - create system config"
2026-09-29 23:08:40.166 INFO  [main] o.f.core.internal.command.DbMigrate - Migrating schema "public" to version "2 - create iam rbac tables"
2026-09-29 23:08:40.173 INFO  [main] o.f.core.internal.command.DbMigrate - Migrating schema "public" to version "3 - create organization types"
2026-09-29 23:08:40.181 INFO  [main] o.f.core.internal.command.DbMigrate - Migrating schema "public" to version "4 - create user organization relations"
2026-09-29 23:08:40.186 INFO  [main] o.f.core.internal.command.DbMigrate - Migrating schema "public" to version "5 - create system task audit"
2026-09-29 23:08:40.192 INFO  [main] o.f.core.internal.command.DbMigrate - Migrating schema "public" to version "6 - create feature toggles"
2026-09-29 23:08:40.198 INFO  [main] o.f.core.internal.command.DbMigrate - Migrating schema "public" to version "7 - create feature toggle changes"
2026-09-29 23:08:40.205 INFO  [main] o.f.core.internal.command.DbMigrate - Migrating schema "public" to version "8 - create user permissions"
2026-09-29 23:08:40.211 INFO  [main] o.f.core.internal.command.DbMigrate - Migrating schema "public" to version "9 - create role data scopes"
2026-09-29 23:08:40.220 INFO  [main] o.f.core.internal.command.DbMigrate - Migrating schema "public" to version "10 - create dictionary tables"
2026-09-29 23:08:40.224 INFO  [main] o.f.core.internal.command.DbMigrate - Migrating schema "public" to version "11 - create cache operation log"
2026-09-29 23:08:40.231 INFO  [main] o.f.core.internal.command.DbMigrate - Migrating schema "public" to version "12 - create interface service tables"
2026-09-29 23:08:40.236 INFO  [main] o.f.core.internal.command.DbMigrate - Migrating schema "public" to version "13 - create attachment core tables"
2026-09-29 23:08:40.241 INFO  [main] o.f.core.internal.command.DbMigrate - Migrating schema "public" to version "14 - create import export template table"
2026-09-29 23:08:40.244 INFO  [main] o.f.core.internal.command.DbMigrate - Migrating schema "public" to version "15 - create auth device session"
2026-09-29 23:08:40.250 INFO  [main] o.f.core.internal.command.DbMigrate - Migrating schema "public" to version "16 - seed iam management permissions"
2026-09-29 23:08:40.254 INFO  [main] o.f.core.internal.command.DbMigrate - Migrating schema "public" to version "17 - seed organization management permissions"
2026-09-29 23:08:40.257 INFO  [main] o.f.core.internal.command.DbMigrate - Migrating schema "public" to version "18 - seed user directory permissions"
2026-09-29 23:08:40.260 INFO  [main] o.f.core.internal.command.DbMigrate - Migrating schema "public" to version "19 - create student relationship foundation"
2026-09-29 23:08:40.270 INFO  [main] o.f.core.internal.command.DbMigrate - Migrating schema "public" to version "20 - create parent binding invitation"
2026-09-29 23:08:40.275 INFO  [main] o.f.core.internal.command.DbMigrate - Migrating schema "public" to version "21 - create student code login"
2026-09-29 23:08:40.285 INFO  [main] o.f.core.internal.command.DbMigrate - Migrating schema "public" to version "22 - create learning task foundation"
2026-09-29 23:08:40.294 INFO  [main] o.f.core.internal.command.DbMigrate - Migrating schema "public" to version "23 - create task execution foundation"
2026-09-29 23:08:40.309 INFO  [main] o.f.core.internal.command.DbMigrate - Migrating schema "public" to version "24 - create growth point account and ledger"
2026-09-29 23:08:40.318 INFO  [main] o.f.core.internal.command.DbMigrate - Migrating schema "public" to version "25 - seed growth point query access"
2026-09-29 23:08:40.323 INFO  [main] o.f.core.internal.command.DbMigrate - Migrating schema "public" to version "26 - add growth point correction"
2026-09-29 23:08:40.332 INFO  [main] o.f.core.internal.command.DbMigrate - Migrating schema "public" to version "27 - add reward exchange"
2026-09-29 23:08:40.342 INFO  [main] o.f.core.internal.command.DbMigrate - Migrating schema "public" to version "28 - add growth review"
2026-09-29 23:08:40.352 INFO  [main] o.f.core.internal.command.DbMigrate - Migrating schema "public" to version "29 - add point lifecycle"
2026-09-29 23:08:40.384 INFO  [main] o.f.core.internal.command.DbMigrate - Migrating schema "public" to version "30 - add recurring task"
2026-09-29 23:08:40.397 INFO  [main] o.f.core.internal.command.DbMigrate - Migrating schema "public" to version "31 - add task checkin attachment"
2026-09-29 23:08:40.409 INFO  [main] o.f.core.internal.command.DbMigrate - Migrating schema "public" to version "32 - add task overdue defer"
2026-09-29 23:08:40.442 INFO  [main] o.f.core.internal.command.DbMigrate - Migrating schema "public" to version "33 - add previous day task copy"
2026-09-29 23:08:40.451 INFO  [main] o.f.core.internal.command.DbMigrate - Migrating schema "public" to version "34 - add learning task template"
2026-09-29 23:08:40.456 INFO  [main] o.f.core.internal.command.DbMigrate - Migrating schema "public" to version "35 - add student qr login"
2026-09-29 23:08:40.465 INFO  [main] o.f.core.internal.command.DbMigrate - Migrating schema "public" to version "36 - add parent phone auth"
2026-09-29 23:08:40.470 INFO  [main] o.f.core.internal.command.DbMigrate - Migrating schema "public" to version "37 - add parent wechat auth"
2026-09-29 23:08:40.475 INFO  [main] o.f.core.internal.command.DbMigrate - Migrating schema "public" to version "38 - add parent relationship lifecycle"
2026-09-29 23:08:40.483 INFO  [main] o.f.core.internal.command.DbMigrate - Migrating schema "public" to version "39 - add account security event"
2026-09-29 23:08:40.487 INFO  [main] o.f.core.internal.command.DbMigrate - Migrating schema "public" to version "40 - add organization miniapp auth"
2026-09-29 23:08:40.490 INFO  [main] o.f.core.internal.command.DbMigrate - Migrating schema "public" to version "41 - add student organization lifecycle"
2026-09-29 23:08:40.495 INFO  [main] o.f.core.internal.command.DbMigrate - Migrating schema "public" to version "42 - add parent account lifecycle"
2026-09-29 23:08:40.501 INFO  [main] o.f.core.internal.command.DbMigrate - Migrating schema "public" to version "43 - finalize parent account cancellation"
2026-09-29 23:08:40.509 INFO  [main] o.f.core.internal.command.DbMigrate - Migrating schema "public" to version "44 - add parent mobile manual recovery"
2026-09-29 23:08:40.515 INFO  [main] o.f.core.internal.command.DbMigrate - Migrating schema "public" to version "45 - add student account cancellation"
2026-09-29 23:08:40.521 INFO  [main] o.f.core.internal.command.DbMigrate - Migrating schema "public" to version "46 - add student wechat auth"
2026-09-29 23:08:40.526 INFO  [main] o.f.core.internal.command.DbMigrate - Migrating schema "public" to version "47 - add organization node lifecycle"
2026-09-29 23:08:40.542 INFO  [main] o.f.core.internal.command.DbMigrate - Migrating schema "public" to version "48 - add class management"
2026-09-29 23:08:40.547 INFO  [main] o.f.core.internal.command.DbMigrate - Migrating schema "public" to version "49 - add permission grant boundary"
2026-09-29 23:08:40.552 INFO  [main] o.f.core.internal.command.DbMigrate - Migrating schema "public" to version "50 - add iam change audit"
2026-09-29 23:08:40.555 INFO  [main] o.f.core.internal.command.DbMigrate - Migrating schema "public" to version "51 - add dictionary management"
2026-09-29 23:08:40.558 INFO  [main] o.f.core.internal.command.DbMigrate - Migrating schema "public" to version "52 - add cache management"
2026-09-29 23:08:40.560 INFO  [main] o.f.core.internal.command.DbMigrate - Migrating schema "public" to version "53 - add interface service management"
2026-09-29 23:08:40.567 INFO  [main] o.f.core.internal.command.DbMigrate - Migrating schema "public" to version "54 - add attachment management"
2026-09-29 23:08:40.572 INFO  [main] o.f.core.internal.command.DbMigrate - Migrating schema "public" to version "55 - add import export template management"
2026-09-29 23:08:40.577 INFO  [main] o.f.core.internal.command.DbMigrate - Migrating schema "public" to version "56 - add import validation job"
2026-09-29 23:08:40.586 INFO  [main] o.f.core.internal.command.DbMigrate - Migrating schema "public" to version "57 - add async export job"
2026-09-29 23:08:40.596 INFO  [main] o.f.core.internal.command.DbMigrate - Migrating schema "public" to version "58 - add student batch import"
2026-09-29 23:08:40.607 INFO  [main] o.f.core.internal.command.DbMigrate - Migrating schema "public" to version "59 - add teacher management"
2026-09-29 23:08:40.614 INFO  [main] o.f.core.internal.command.DbMigrate - Migrating schema "public" to version "60 - complete organization teacher tasks"
2026-09-29 23:08:40.620 INFO  [main] o.f.core.internal.command.DbMigrate - Migrating schema "public" to version "61 - add student exception report"
2026-09-29 23:08:40.628 INFO  [main] o.f.core.internal.command.DbMigrate - Migrating schema "public" to version "62 - add manual attendance"
2026-09-29 23:08:40.640 INFO  [main] o.f.core.internal.command.DbMigrate - Migrating schema "public" to version "63 - add export job payload"
2026-09-29 23:08:40.643 INFO  [main] o.f.core.internal.command.DbMigrate - Migrating schema "public" to version "64 - add growth review pdf feature"
2026-09-29 23:08:40.647 INFO  [main] o.f.core.internal.command.DbMigrate - Migrating schema "public" to version "65 - add growth review pdf job type"
2026-09-29 23:08:40.652 INFO  [main] o.f.core.internal.command.DbMigrate - Migrating schema "public" to version "66 - add growth review subscription"
2026-09-29 23:08:40.656 INFO  [main] o.f.core.internal.command.DbMigrate - Migrating schema "public" to version "67 - add growth review delivery queue"
2026-09-29 23:08:40.660 INFO  [main] o.f.core.internal.command.DbMigrate - Migrating schema "public" to version "68 - add anonymous rank preference"
2026-09-29 23:08:40.669 INFO  [main] o.f.core.internal.command.DbMigrate - Migrating schema "public" to version "69 - add miniapp anonymous rank permission"
2026-09-29 23:08:40.673 INFO  [main] o.f.core.internal.command.DbMigrate - Migrating schema "public" to version "70 - add miniapp parent weekly review permission"
2026-09-29 23:08:40.677 INFO  [main] o.f.core.internal.command.DbMigrate - Migrating schema "public" to version "71 - add miniapp parent reward permissions"
2026-09-29 23:08:40.683 INFO  [main] o.f.core.internal.command.DbMigrate - Migrating schema "public" to version "72 - add web system task read permission"
2026-09-29 23:08:40.686 INFO  [main] o.f.core.internal.command.DbMigrate - Migrating schema "public" to version "73 - add feature toggle management"
2026-09-29 23:08:40.694 INFO  [main] o.f.core.internal.command.DbMigrate - Migrating schema "public" to version "74 - add interface change execution audit"
2026-09-29 23:08:40.704 INFO  [main] o.f.core.internal.command.DbMigrate - Migrating schema "public" to version "75 - add interface change before snapshot"
2026-09-29 23:08:40.711 INFO  [main] o.f.core.internal.command.DbMigrate - Migrating schema "public" to version "76 - add dictionary ledger export"
2026-09-29 23:08:40.717 INFO  [main] o.f.core.internal.command.DbMigrate - Migrating schema "public" to version "77 - add template ledger export"
2026-09-29 23:08:40.721 INFO  [main] o.f.core.internal.command.DbMigrate - Migrating schema "public" to version "78 - add interface service ledger export"
2026-09-29 23:08:40.724 INFO  [main] o.f.core.internal.command.DbMigrate - Migrating schema "public" to version "79 - add cache operation log export"
2026-09-29 23:08:40.734 INFO  [main] o.f.core.internal.command.DbMigrate - Migrating schema "public" to version "80 - add system task ledger export"
2026-09-29 23:08:40.738 INFO  [main] o.f.core.internal.command.DbMigrate - Migrating schema "public" to version "81 - add reward exchange ledger export"
2026-09-29 23:08:40.742 INFO  [main] o.f.core.internal.command.DbMigrate - Migrating schema "public" to version "82 - add exception report ledger export"
2026-09-29 23:08:40.749 INFO  [main] o.f.core.internal.command.DbMigrate - Migrating schema "public" to version "83 - add attachment ledger export"
2026-09-29 23:08:40.754 INFO  [main] o.f.core.internal.command.DbMigrate - Migrating schema "public" to version "84 - add student task report export"
2026-09-29 23:08:40.758 INFO  [main] o.f.core.internal.command.DbMigrate - Migrating schema "public" to version "85 - add organization task statistics export"
2026-09-29 23:08:40.764 INFO  [main] o.f.core.internal.command.DbMigrate - Migrating schema "public" to version "86 - add attendance ledger export"
2026-09-29 23:08:40.767 INFO  [main] o.f.core.internal.command.DbMigrate - Successfully applied 86 migrations to schema "public", now at version v86 (execution time 00:00.276s)
2026-09-29 23:08:42.360 INFO  [main] o.s.b.t.m.w.SpringBootMockServletContext - Initializing Spring TestDispatcherServlet ''
2026-09-29 23:08:42.361 INFO  [main] o.s.t.w.s.TestDispatcherServlet - Initializing Servlet ''
2026-09-29 23:08:42.361 INFO  [main] o.s.t.w.s.TestDispatcherServlet - Completed initialization in 0 ms
2026-09-29 23:08:42.376 INFO  [main] c.l.l.f.w.FeatureManagementControllerTest - Started FeatureManagementControllerTest in 3.601 seconds (process running for 108.77)
2026-09-29 23:08:42.377 WARN  [main] o.s.c.events.SpringDocAppInitializer - SpringDoc /api/v1/openapi endpoint is enabled by default. To disable it in production, set the property 'springdoc.api-docs.enabled=false'
2026-09-29 23:08:44.926 INFO  [main] o.s.t.c.s.AnnotationConfigContextLoaderUtils - Could not detect default configuration classes for test class [com.lingdong.learning.FlywayMigrationTest]: FlywayMigrationTest does not declare any static, non-private, non-final, nested classes annotated with @Configuration.
2026-09-29 23:08:44.976 INFO  [main] o.s.b.t.c.SpringBootTestContextBootstrapper - Found @SpringBootConfiguration com.lingdong.learning.LingdongLearningApplication for test class com.lingdong.learning.FlywayMigrationTest
2026-09-29 23:08:46.393 INFO  [main] o.s.t.c.s.AnnotationConfigContextLoaderUtils - Could not detect default configuration classes for test class [com.lingdong.learning.growthpoint.application.AnonymousRankPersistenceTest]: AnonymousRankPersistenceTest does not declare any static, non-private, non-final, nested classes annotated with @Configuration.
2026-09-29 23:08:46.484 INFO  [main] o.s.b.t.c.SpringBootTestContextBootstrapper - Found @SpringBootConfiguration com.lingdong.learning.LingdongLearningApplication for test class com.lingdong.learning.growthpoint.application.AnonymousRankPersistenceTest
2026-09-29 23:08:46.569 INFO  [main] o.s.t.c.s.AnnotationConfigContextLoaderUtils - Could not detect default configuration classes for test class [com.lingdong.learning.growthpoint.application.AnonymousRankQueryTest]: AnonymousRankQueryTest does not declare any static, non-private, non-final, nested classes annotated with @Configuration.
2026-09-29 23:08:46.571 INFO  [main] o.s.b.t.c.SpringBootTestContextBootstrapper - Found @SpringBootConfiguration com.lingdong.learning.LingdongLearningApplication for test class com.lingdong.learning.growthpoint.application.AnonymousRankQueryTest
2026-09-29 23:08:46.675 INFO  [main] o.s.t.c.s.AnnotationConfigContextLoaderUtils - Could not detect default configuration classes for test class [com.lingdong.learning.growthpoint.application.GrowthPointDecayIntegrationTest]: GrowthPointDecayIntegrationTest does not declare any static, non-private, non-final, nested classes annotated with @Configuration.
2026-09-29 23:08:46.677 INFO  [main] o.s.b.t.c.SpringBootTestContextBootstrapper - Found @SpringBootConfiguration com.lingdong.learning.LingdongLearningApplication for test class com.lingdong.learning.growthpoint.application.GrowthPointDecayIntegrationTest
2026-09-29 23:08:46.980 WARN  [main] c.l.l.g.a.GrowthPointDormancyBatchService - 学生积分生命周期处理失败，已隔离并继续。studentId=11
java.lang.IllegalStateException: 模拟单学生失败
	at com.lingdong.learning.growthpoint.application.GrowthPointDormancyService.processStudent(GrowthPointDormancyService.java:37)
	at com.lingdong.learning.growthpoint.application.GrowthPointDormancyBatchService.processDueStudents(GrowthPointDormancyBatchService.java:58)
	at com.lingdong.learning.growthpoint.application.GrowthPointDormancyBatchServiceTest.continuesAfterOneStudentFailsAndAdvancesTheKeysetCursor(GrowthPointDormancyBatchServiceTest.java:36)
	at java.base/jdk.internal.reflect.NativeMethodAccessorImpl.invoke0(Native Method)
	at java.base/jdk.internal.reflect.NativeMethodAccessorImpl.invoke(NativeMethodAccessorImpl.java:77)
	at java.base/jdk.internal.reflect.DelegatingMethodAccessorImpl.invoke(DelegatingMethodAccessorImpl.java:43)
	at java.base/java.lang.reflect.Method.invoke(Method.java:569)
	at org.junit.platform.commons.util.ReflectionUtils.invokeMethod(ReflectionUtils.java:767)
	at org.junit.jupiter.engine.execution.MethodInvocation.proceed(MethodInvocation.java:60)
	at org.junit.jupiter.engine.execution.InvocationInterceptorChain$ValidatingInvocation.proceed(InvocationInterceptorChain.java:131)
	at org.junit.jupiter.engine.extension.TimeoutExtension.intercept(TimeoutExtension.java:156)
	at org.junit.jupiter.engine.extension.TimeoutExtension.interceptTestableMethod(TimeoutExtension.java:147)
	at org.junit.jupiter.engine.extension.TimeoutExtension.interceptTestMethod(TimeoutExtension.java:86)
	at org.junit.jupiter.engine.execution.InterceptingExecutableInvoker$ReflectiveInterceptorCall.lambda$ofVoidMethod$0(InterceptingExecutableInvoker.java:103)
	at org.junit.jupiter.engine.execution.InterceptingExecutableInvoker.lambda$invoke$0(InterceptingExecutableInvoker.java:93)
	at org.junit.jupiter.engine.execution.InvocationInterceptorChain$InterceptedInvocation.proceed(InvocationInterceptorChain.java:106)
	at org.junit.jupiter.engine.execution.InvocationInterceptorChain.proceed(InvocationInterceptorChain.java:64)
	at org.junit.jupiter.engine.execution.InvocationInterceptorChain.chainAndInvoke(InvocationInterceptorChain.java:45)
	at org.junit.jupiter.engine.execution.InvocationInterceptorChain.invoke(InvocationInterceptorChain.java:37)
	at org.junit.jupiter.engine.execution.InterceptingExecutableInvoker.invoke(InterceptingExecutableInvoker.java:92)
	at org.junit.jupiter.engine.execution.InterceptingExecutableInvoker.invoke(InterceptingExecutableInvoker.java:86)
	at org.junit.jupiter.engine.descriptor.TestMethodTestDescriptor.lambda$invokeTestMethod$8(TestMethodTestDescriptor.java:217)
	at org.junit.platform.engine.support.hierarchical.ThrowableCollector.execute(ThrowableCollector.java:73)
	at org.junit.jupiter.engine.descriptor.TestMethodTestDescriptor.invokeTestMethod(TestMethodTestDescriptor.java:213)
	at org.junit.jupiter.engine.descriptor.TestMethodTestDescriptor.execute(TestMethodTestDescriptor.java:138)
	at org.junit.jupiter.engine.descriptor.TestMethodTestDescriptor.execute(TestMethodTestDescriptor.java:68)
	at org.junit.platform.engine.support.hierarchical.NodeTestTask.lambda$executeRecursively$6(NodeTestTask.java:156)
	at org.junit.platform.engine.support.hierarchical.ThrowableCollector.execute(ThrowableCollector.java:73)
	at org.junit.platform.engine.support.hierarchical.NodeTestTask.lambda$executeRecursively$8(NodeTestTask.java:146)
	at org.junit.platform.engine.support.hierarchical.Node.around(Node.java:137)
	at org.junit.platform.engine.support.hierarchical.NodeTestTask.lambda$executeRecursively$9(NodeTestTask.java:144)
	at org.junit.platform.engine.support.hierarchical.ThrowableCollector.execute(ThrowableCollector.java:73)
	at org.junit.platform.engine.support.hierarchical.NodeTestTask.executeRecursively(NodeTestTask.java:143)
	at org.junit.platform.engine.support.hierarchical.NodeTestTask.execute(NodeTestTask.java:100)
	at java.base/java.util.ArrayList.forEach(ArrayList.java:1511)
	at org.junit.platform.engine.support.hierarchical.SameThreadHierarchicalTestExecutorService.invokeAll(SameThreadHierarchicalTestExecutorService.java:41)
	at org.junit.platform.engine.support.hierarchical.NodeTestTask.lambda$executeRecursively$6(NodeTestTask.java:160)
	at org.junit.platform.engine.support.hierarchical.ThrowableCollector.execute(ThrowableCollector.java:73)
	at org.junit.platform.engine.support.hierarchical.NodeTestTask.lambda$executeRecursively$8(NodeTestTask.java:146)
	at org.junit.platform.engine.support.hierarchical.Node.around(Node.java:137)
	at org.junit.platform.engine.support.hierarchical.NodeTestTask.lambda$executeRecursively$9(NodeTestTask.java:144)
	at org.junit.platform.engine.support.hierarchical.ThrowableCollector.execute(ThrowableCollector.java:73)
	at org.junit.platform.engine.support.hierarchical.NodeTestTask.executeRecursively(NodeTestTask.java:143)
	at org.junit.platform.engine.support.hierarchical.NodeTestTask.execute(NodeTestTask.java:100)
	at java.base/java.util.ArrayList.forEach(ArrayList.java:1511)
	at org.junit.platform.engine.support.hierarchical.SameThreadHierarchicalTestExecutorService.invokeAll(SameThreadHierarchicalTestExecutorService.java:41)
	at org.junit.platform.engine.support.hierarchical.NodeTestTask.lambda$executeRecursively$6(NodeTestTask.java:160)
	at org.junit.platform.engine.support.hierarchical.ThrowableCollector.execute(ThrowableCollector.java:73)
	at org.junit.platform.engine.support.hierarchical.NodeTestTask.lambda$executeRecursively$8(NodeTestTask.java:146)
	at org.junit.platform.engine.support.hierarchical.Node.around(Node.java:137)
	at org.junit.platform.engine.support.hierarchical.NodeTestTask.lambda$executeRecursively$9(NodeTestTask.java:144)
	at org.junit.platform.engine.support.hierarchical.ThrowableCollector.execute(ThrowableCollector.java:73)
	at org.junit.platform.engine.support.hierarchical.NodeTestTask.executeRecursively(NodeTestTask.java:143)
	at org.junit.platform.engine.support.hierarchical.NodeTestTask.execute(NodeTestTask.java:100)
	at org.junit.platform.engine.support.hierarchical.SameThreadHierarchicalTestExecutorService.submit(SameThreadHierarchicalTestExecutorService.java:35)
	at org.junit.platform.engine.support.hierarchical.HierarchicalTestExecutor.execute(HierarchicalTestExecutor.java:57)
	at org.junit.platform.engine.support.hierarchical.HierarchicalTestEngine.execute(HierarchicalTestEngine.java:54)
	at org.junit.platform.launcher.core.EngineExecutionOrchestrator.execute(EngineExecutionOrchestrator.java:198)
	at org.junit.platform.launcher.core.EngineExecutionOrchestrator.execute(EngineExecutionOrchestrator.java:169)
	at org.junit.platform.launcher.core.EngineExecutionOrchestrator.execute(EngineExecutionOrchestrator.java:93)
	at org.junit.platform.launcher.core.EngineExecutionOrchestrator.lambda$execute$0(EngineExecutionOrchestrator.java:58)
	at org.junit.platform.launcher.core.EngineExecutionOrchestrator.withInterceptedStreams(EngineExecutionOrchestrator.java:141)
	at org.junit.platform.launcher.core.EngineExecutionOrchestrator.execute(EngineExecutionOrchestrator.java:57)
	at org.junit.platform.launcher.core.DefaultLauncher.execute(DefaultLauncher.java:103)
	at org.junit.platform.launcher.core.DefaultLauncher.execute(DefaultLauncher.java:85)
	at org.junit.platform.launcher.core.DelegatingLauncher.execute(DelegatingLauncher.java:47)
	at org.apache.maven.surefire.junitplatform.LazyLauncher.execute(LazyLauncher.java:56)
	at org.apache.maven.surefire.junitplatform.JUnitPlatformProvider.execute(JUnitPlatformProvider.java:194)
	at org.apache.maven.surefire.junitplatform.JUnitPlatformProvider.invokeAllTests(JUnitPlatformProvider.java:150)
	at org.apache.maven.surefire.junitplatform.JUnitPlatformProvider.invoke(JUnitPlatformProvider.java:124)
	at java.base/jdk.internal.reflect.NativeMethodAccessorImpl.invoke0(Native Method)
	at java.base/jdk.internal.reflect.NativeMethodAccessorImpl.invoke(NativeMethodAccessorImpl.java:77)
	at java.base/jdk.internal.reflect.DelegatingMethodAccessorImpl.invoke(DelegatingMethodAccessorImpl.java:43)
	at java.base/java.lang.reflect.Method.invoke(Method.java:569)
	at org.apache.maven.surefire.api.util.ReflectionUtils.invokeMethodWithArray2(ReflectionUtils.java:137)
	at org.apache.maven.surefire.booter.ProviderFactory$ProviderProxy.invoke(ProviderFactory.java:148)
	at org.apache.maven.surefire.booter.ProviderFactory.invokeProvider(ProviderFactory.java:88)
	at org.apache.maven.plugin.surefire.InPluginVMSurefireStarter.runSuitesInProcess(InPluginVMSurefireStarter.java:91)
	at org.apache.maven.plugin.surefire.AbstractSurefireMojo.executeProvider(AbstractSurefireMojo.java:1308)
	at org.apache.maven.plugin.surefire.AbstractSurefireMojo.executeAfterPreconditionsChecked(AbstractSurefireMojo.java:1135)
	at org.apache.maven.plugin.surefire.AbstractSurefireMojo.execute(AbstractSurefireMojo.java:969)
	at org.apache.maven.plugin.DefaultBuildPluginManager.executeMojo(DefaultBuildPluginManager.java:126)
	at org.apache.maven.lifecycle.internal.MojoExecutor.doExecute2(MojoExecutor.java:328)
	at org.apache.maven.lifecycle.internal.MojoExecutor.doExecute(MojoExecutor.java:316)
	at org.apache.maven.lifecycle.internal.MojoExecutor.execute(MojoExecutor.java:212)
	at org.apache.maven.lifecycle.internal.MojoExecutor.execute(MojoExecutor.java:174)
	at org.apache.maven.lifecycle.internal.MojoExecutor.access$000(MojoExecutor.java:75)
	at org.apache.maven.lifecycle.internal.MojoExecutor$1.run(MojoExecutor.java:162)
	at org.apache.maven.plugin.DefaultMojosExecutionStrategy.execute(DefaultMojosExecutionStrategy.java:39)
	at org.apache.maven.lifecycle.internal.MojoExecutor.execute(MojoExecutor.java:159)
	at org.apache.maven.lifecycle.internal.LifecycleModuleBuilder.buildProject(LifecycleModuleBuilder.java:105)
	at org.apache.maven.lifecycle.internal.LifecycleModuleBuilder.buildProject(LifecycleModuleBuilder.java:73)
	at org.apache.maven.lifecycle.internal.builder.singlethreaded.SingleThreadedBuilder.build(SingleThreadedBuilder.java:53)
	at org.apache.maven.lifecycle.internal.LifecycleStarter.execute(LifecycleStarter.java:118)
	at org.apache.maven.DefaultMaven.doExecute(DefaultMaven.java:261)
	at org.apache.maven.DefaultMaven.doExecute(DefaultMaven.java:173)
	at org.apache.maven.DefaultMaven.execute(DefaultMaven.java:101)
	at org.apache.maven.cli.MavenCli.execute(MavenCli.java:919)
	at org.apache.maven.cli.MavenCli.doMain(MavenCli.java:285)
	at org.apache.maven.cli.MavenCli.main(MavenCli.java:207)
	at java.base/jdk.internal.reflect.NativeMethodAccessorImpl.invoke0(Native Method)
	at java.base/jdk.internal.reflect.NativeMethodAccessorImpl.invoke(NativeMethodAccessorImpl.java:77)
	at java.base/jdk.internal.reflect.DelegatingMethodAccessorImpl.invoke(DelegatingMethodAccessorImpl.java:43)
	at java.base/java.lang.reflect.Method.invoke(Method.java:569)
	at org.codehaus.plexus.classworlds.launcher.Launcher.launchEnhanced(Launcher.java:255)
	at org.codehaus.plexus.classworlds.launcher.Launcher.launch(Launcher.java:201)
	at org.codehaus.plexus.classworlds.launcher.Launcher.mainWithExitCode(Launcher.java:361)
	at org.codehaus.plexus.classworlds.launcher.Launcher.main(Launcher.java:314)
2026-09-29 23:08:47.541 WARN  [main] c.l.l.g.a.GrowthReviewBatchService - 成长复盘批量生成失败，已跳过当前学生并继续处理。studentId=11, periodType=DAY, periodStart=2026-08-10, periodEnd=2026-08-10
java.lang.IllegalStateException: 模拟单学生生成失败
	at com.lingdong.learning.growthpoint.application.GrowthReviewGenerationService.generate(GrowthReviewGenerationService.java:63)
	at com.lingdong.learning.growthpoint.application.GrowthReviewBatchService.process(GrowthReviewBatchService.java:104)
	at com.lingdong.learning.growthpoint.application.GrowthReviewBatchService.processDaily(GrowthReviewBatchService.java:53)
	at com.lingdong.learning.growthpoint.application.GrowthReviewBatchServiceTest.continuesWithTheNextStudentWhenOneReviewGenerationFails(GrowthReviewBatchServiceTest.java:108)
	at java.base/jdk.internal.reflect.NativeMethodAccessorImpl.invoke0(Native Method)
	at java.base/jdk.internal.reflect.NativeMethodAccessorImpl.invoke(NativeMethodAccessorImpl.java:77)
	at java.base/jdk.internal.reflect.DelegatingMethodAccessorImpl.invoke(DelegatingMethodAccessorImpl.java:43)
	at java.base/java.lang.reflect.Method.invoke(Method.java:569)
	at org.junit.platform.commons.util.ReflectionUtils.invokeMethod(ReflectionUtils.java:767)
	at org.junit.jupiter.engine.execution.MethodInvocation.proceed(MethodInvocation.java:60)
	at org.junit.jupiter.engine.execution.InvocationInterceptorChain$ValidatingInvocation.proceed(InvocationInterceptorChain.java:131)
	at org.junit.jupiter.engine.extension.TimeoutExtension.intercept(TimeoutExtension.java:156)
	at org.junit.jupiter.engine.extension.TimeoutExtension.interceptTestableMethod(TimeoutExtension.java:147)
	at org.junit.jupiter.engine.extension.TimeoutExtension.interceptTestMethod(TimeoutExtension.java:86)
	at org.junit.jupiter.engine.execution.InterceptingExecutableInvoker$ReflectiveInterceptorCall.lambda$ofVoidMethod$0(InterceptingExecutableInvoker.java:103)
	at org.junit.jupiter.engine.execution.InterceptingExecutableInvoker.lambda$invoke$0(InterceptingExecutableInvoker.java:93)
	at org.junit.jupiter.engine.execution.InvocationInterceptorChain$InterceptedInvocation.proceed(InvocationInterceptorChain.java:106)
	at org.junit.jupiter.engine.execution.InvocationInterceptorChain.proceed(InvocationInterceptorChain.java:64)
	at org.junit.jupiter.engine.execution.InvocationInterceptorChain.chainAndInvoke(InvocationInterceptorChain.java:45)
	at org.junit.jupiter.engine.execution.InvocationInterceptorChain.invoke(InvocationInterceptorChain.java:37)
	at org.junit.jupiter.engine.execution.InterceptingExecutableInvoker.invoke(InterceptingExecutableInvoker.java:92)
	at org.junit.jupiter.engine.execution.InterceptingExecutableInvoker.invoke(InterceptingExecutableInvoker.java:86)
	at org.junit.jupiter.engine.descriptor.TestMethodTestDescriptor.lambda$invokeTestMethod$8(TestMethodTestDescriptor.java:217)
	at org.junit.platform.engine.support.hierarchical.ThrowableCollector.execute(ThrowableCollector.java:73)
	at org.junit.jupiter.engine.descriptor.TestMethodTestDescriptor.invokeTestMethod(TestMethodTestDescriptor.java:213)
	at org.junit.jupiter.engine.descriptor.TestMethodTestDescriptor.execute(TestMethodTestDescriptor.java:138)
	at org.junit.jupiter.engine.descriptor.TestMethodTestDescriptor.execute(TestMethodTestDescriptor.java:68)
	at org.junit.platform.engine.support.hierarchical.NodeTestTask.lambda$executeRecursively$6(NodeTestTask.java:156)
	at org.junit.platform.engine.support.hierarchical.ThrowableCollector.execute(ThrowableCollector.java:73)
	at org.junit.platform.engine.support.hierarchical.NodeTestTask.lambda$executeRecursively$8(NodeTestTask.java:146)
	at org.junit.platform.engine.support.hierarchical.Node.around(Node.java:137)
	at org.junit.platform.engine.support.hierarchical.NodeTestTask.lambda$executeRecursively$9(NodeTestTask.java:144)
	at org.junit.platform.engine.support.hierarchical.ThrowableCollector.execute(ThrowableCollector.java:73)
	at org.junit.platform.engine.support.hierarchical.NodeTestTask.executeRecursively(NodeTestTask.java:143)
	at org.junit.platform.engine.support.hierarchical.NodeTestTask.execute(NodeTestTask.java:100)
	at java.base/java.util.ArrayList.forEach(ArrayList.java:1511)
	at org.junit.platform.engine.support.hierarchical.SameThreadHierarchicalTestExecutorService.invokeAll(SameThreadHierarchicalTestExecutorService.java:41)
	at org.junit.platform.engine.support.hierarchical.NodeTestTask.lambda$executeRecursively$6(NodeTestTask.java:160)
	at org.junit.platform.engine.support.hierarchical.ThrowableCollector.execute(ThrowableCollector.java:73)
	at org.junit.platform.engine.support.hierarchical.NodeTestTask.lambda$executeRecursively$8(NodeTestTask.java:146)
	at org.junit.platform.engine.support.hierarchical.Node.around(Node.java:137)
	at org.junit.platform.engine.support.hierarchical.NodeTestTask.lambda$executeRecursively$9(NodeTestTask.java:144)
	at org.junit.platform.engine.support.hierarchical.ThrowableCollector.execute(ThrowableCollector.java:73)
	at org.junit.platform.engine.support.hierarchical.NodeTestTask.executeRecursively(NodeTestTask.java:143)
	at org.junit.platform.engine.support.hierarchical.NodeTestTask.execute(NodeTestTask.java:100)
	at java.base/java.util.ArrayList.forEach(ArrayList.java:1511)
	at org.junit.platform.engine.support.hierarchical.SameThreadHierarchicalTestExecutorService.invokeAll(SameThreadHierarchicalTestExecutorService.java:41)
	at org.junit.platform.engine.support.hierarchical.NodeTestTask.lambda$executeRecursively$6(NodeTestTask.java:160)
	at org.junit.platform.engine.support.hierarchical.ThrowableCollector.execute(ThrowableCollector.java:73)
	at org.junit.platform.engine.support.hierarchical.NodeTestTask.lambda$executeRecursively$8(NodeTestTask.java:146)
	at org.junit.platform.engine.support.hierarchical.Node.around(Node.java:137)
	at org.junit.platform.engine.support.hierarchical.NodeTestTask.lambda$executeRecursively$9(NodeTestTask.java:144)
	at org.junit.platform.engine.support.hierarchical.ThrowableCollector.execute(ThrowableCollector.java:73)
	at org.junit.platform.engine.support.hierarchical.NodeTestTask.executeRecursively(NodeTestTask.java:143)
	at org.junit.platform.engine.support.hierarchical.NodeTestTask.execute(NodeTestTask.java:100)
	at org.junit.platform.engine.support.hierarchical.SameThreadHierarchicalTestExecutorService.submit(SameThreadHierarchicalTestExecutorService.java:35)
	at org.junit.platform.engine.support.hierarchical.HierarchicalTestExecutor.execute(HierarchicalTestExecutor.java:57)
	at org.junit.platform.engine.support.hierarchical.HierarchicalTestEngine.execute(HierarchicalTestEngine.java:54)
	at org.junit.platform.launcher.core.EngineExecutionOrchestrator.execute(EngineExecutionOrchestrator.java:198)
	at org.junit.platform.launcher.core.EngineExecutionOrchestrator.execute(EngineExecutionOrchestrator.java:169)
	at org.junit.platform.launcher.core.EngineExecutionOrchestrator.execute(EngineExecutionOrchestrator.java:93)
	at org.junit.platform.launcher.core.EngineExecutionOrchestrator.lambda$execute$0(EngineExecutionOrchestrator.java:58)
	at org.junit.platform.launcher.core.EngineExecutionOrchestrator.withInterceptedStreams(EngineExecutionOrchestrator.java:141)
	at org.junit.platform.launcher.core.EngineExecutionOrchestrator.execute(EngineExecutionOrchestrator.java:57)
	at org.junit.platform.launcher.core.DefaultLauncher.execute(DefaultLauncher.java:103)
	at org.junit.platform.launcher.core.DefaultLauncher.execute(DefaultLauncher.java:85)
	at org.junit.platform.launcher.core.DelegatingLauncher.execute(DelegatingLauncher.java:47)
	at org.apache.maven.surefire.junitplatform.LazyLauncher.execute(LazyLauncher.java:56)
	at org.apache.maven.surefire.junitplatform.JUnitPlatformProvider.execute(JUnitPlatformProvider.java:194)
	at org.apache.maven.surefire.junitplatform.JUnitPlatformProvider.invokeAllTests(JUnitPlatformProvider.java:150)
	at org.apache.maven.surefire.junitplatform.JUnitPlatformProvider.invoke(JUnitPlatformProvider.java:124)
	at java.base/jdk.internal.reflect.NativeMethodAccessorImpl.invoke0(Native Method)
	at java.base/jdk.internal.reflect.NativeMethodAccessorImpl.invoke(NativeMethodAccessorImpl.java:77)
	at java.base/jdk.internal.reflect.DelegatingMethodAccessorImpl.invoke(DelegatingMethodAccessorImpl.java:43)
	at java.base/java.lang.reflect.Method.invoke(Method.java:569)
	at org.apache.maven.surefire.api.util.ReflectionUtils.invokeMethodWithArray2(ReflectionUtils.java:137)
	at org.apache.maven.surefire.booter.ProviderFactory$ProviderProxy.invoke(ProviderFactory.java:148)
	at org.apache.maven.surefire.booter.ProviderFactory.invokeProvider(ProviderFactory.java:88)
	at org.apache.maven.plugin.surefire.InPluginVMSurefireStarter.runSuitesInProcess(InPluginVMSurefireStarter.java:91)
	at org.apache.maven.plugin.surefire.AbstractSurefireMojo.executeProvider(AbstractSurefireMojo.java:1308)
	at org.apache.maven.plugin.surefire.AbstractSurefireMojo.executeAfterPreconditionsChecked(AbstractSurefireMojo.java:1135)
	at org.apache.maven.plugin.surefire.AbstractSurefireMojo.execute(AbstractSurefireMojo.java:969)
	at org.apache.maven.plugin.DefaultBuildPluginManager.executeMojo(DefaultBuildPluginManager.java:126)
	at org.apache.maven.lifecycle.internal.MojoExecutor.doExecute2(MojoExecutor.java:328)
	at org.apache.maven.lifecycle.internal.MojoExecutor.doExecute(MojoExecutor.java:316)
	at org.apache.maven.lifecycle.internal.MojoExecutor.execute(MojoExecutor.java:212)
	at org.apache.maven.lifecycle.internal.MojoExecutor.execute(MojoExecutor.java:174)
	at org.apache.maven.lifecycle.internal.MojoExecutor.access$000(MojoExecutor.java:75)
	at org.apache.maven.lifecycle.internal.MojoExecutor$1.run(MojoExecutor.java:162)
	at org.apache.maven.plugin.DefaultMojosExecutionStrategy.execute(DefaultMojosExecutionStrategy.java:39)
	at org.apache.maven.lifecycle.internal.MojoExecutor.execute(MojoExecutor.java:159)
	at org.apache.maven.lifecycle.internal.LifecycleModuleBuilder.buildProject(LifecycleModuleBuilder.java:105)
	at org.apache.maven.lifecycle.internal.LifecycleModuleBuilder.buildProject(LifecycleModuleBuilder.java:73)
	at org.apache.maven.lifecycle.internal.builder.singlethreaded.SingleThreadedBuilder.build(SingleThreadedBuilder.java:53)
	at org.apache.maven.lifecycle.internal.LifecycleStarter.execute(LifecycleStarter.java:118)
	at org.apache.maven.DefaultMaven.doExecute(DefaultMaven.java:261)
	at org.apache.maven.DefaultMaven.doExecute(DefaultMaven.java:173)
	at org.apache.maven.DefaultMaven.execute(DefaultMaven.java:101)
	at org.apache.maven.cli.MavenCli.execute(MavenCli.java:919)
	at org.apache.maven.cli.MavenCli.doMain(MavenCli.java:285)
	at org.apache.maven.cli.MavenCli.main(MavenCli.java:207)
	at java.base/jdk.internal.reflect.NativeMethodAccessorImpl.invoke0(Native Method)
	at java.base/jdk.internal.reflect.NativeMethodAccessorImpl.invoke(NativeMethodAccessorImpl.java:77)
	at java.base/jdk.internal.reflect.DelegatingMethodAccessorImpl.invoke(DelegatingMethodAccessorImpl.java:43)
	at java.base/java.lang.reflect.Method.invoke(Method.java:569)
	at org.codehaus.plexus.classworlds.launcher.Launcher.launchEnhanced(Launcher.java:255)
	at org.codehaus.plexus.classworlds.launcher.Launcher.launch(Launcher.java:201)
	at org.codehaus.plexus.classworlds.launcher.Launcher.mainWithExitCode(Launcher.java:361)
	at org.codehaus.plexus.classworlds.launcher.Launcher.main(Launcher.java:314)
2026-09-29 23:08:47.571 INFO  [main] o.s.t.c.s.AnnotationConfigContextLoaderUtils - Could not detect default configuration classes for test class [com.lingdong.learning.growthpoint.application.GrowthReviewGenerationServiceTest]: GrowthReviewGenerationServiceTest does not declare any static, non-private, non-final, nested classes annotated with @Configuration.
2026-09-29 23:08:47.573 INFO  [main] o.s.b.t.c.SpringBootTestContextBootstrapper - Found @SpringBootConfiguration com.lingdong.learning.LingdongLearningApplication for test class com.lingdong.learning.growthpoint.application.GrowthReviewGenerationServiceTest
2026-09-29 23:08:47.681 INFO  [main] o.s.t.c.s.AnnotationConfigContextLoaderUtils - Could not detect default configuration classes for test class [com.lingdong.learning.growthpoint.application.GrowthReviewQueryServiceTest]: GrowthReviewQueryServiceTest does not declare any static, non-private, non-final, nested classes annotated with @Configuration.
2026-09-29 23:08:47.683 INFO  [main] o.s.b.t.c.SpringBootTestContextBootstrapper - Found @SpringBootConfiguration com.lingdong.learning.LingdongLearningApplication for test class com.lingdong.learning.growthpoint.application.GrowthReviewQueryServiceTest
2026-09-29 23:08:48.221 WARN  [main] c.l.l.g.a.GrowthReviewSubscriptionBatchService - 周报订阅排程失败，保留后续扫描重试。subscriptionId=1
java.lang.IllegalStateException: 模拟单条失败
	at com.lingdong.learning.growthpoint.application.GrowthReviewSubscriptionQueueService.prepare(GrowthReviewSubscriptionQueueService.java:25)
	at com.lingdong.learning.growthpoint.application.GrowthReviewSubscriptionBatchService.process(GrowthReviewSubscriptionBatchService.java:30)
	at com.lingdong.learning.growthpoint.application.GrowthReviewSubscriptionBatchTest.pagesByLastIdAndIsolatesOneFailure(GrowthReviewSubscriptionBatchTest.java:31)
	at java.base/jdk.internal.reflect.NativeMethodAccessorImpl.invoke0(Native Method)
	at java.base/jdk.internal.reflect.NativeMethodAccessorImpl.invoke(NativeMethodAccessorImpl.java:77)
	at java.base/jdk.internal.reflect.DelegatingMethodAccessorImpl.invoke(DelegatingMethodAccessorImpl.java:43)
	at java.base/java.lang.reflect.Method.invoke(Method.java:569)
	at org.junit.platform.commons.util.ReflectionUtils.invokeMethod(ReflectionUtils.java:767)
	at org.junit.jupiter.engine.execution.MethodInvocation.proceed(MethodInvocation.java:60)
	at org.junit.jupiter.engine.execution.InvocationInterceptorChain$ValidatingInvocation.proceed(InvocationInterceptorChain.java:131)
	at org.junit.jupiter.engine.extension.TimeoutExtension.intercept(TimeoutExtension.java:156)
	at org.junit.jupiter.engine.extension.TimeoutExtension.interceptTestableMethod(TimeoutExtension.java:147)
	at org.junit.jupiter.engine.extension.TimeoutExtension.interceptTestMethod(TimeoutExtension.java:86)
	at org.junit.jupiter.engine.execution.InterceptingExecutableInvoker$ReflectiveInterceptorCall.lambda$ofVoidMethod$0(InterceptingExecutableInvoker.java:103)
	at org.junit.jupiter.engine.execution.InterceptingExecutableInvoker.lambda$invoke$0(InterceptingExecutableInvoker.java:93)
	at org.junit.jupiter.engine.execution.InvocationInterceptorChain$InterceptedInvocation.proceed(InvocationInterceptorChain.java:106)
	at org.junit.jupiter.engine.execution.InvocationInterceptorChain.proceed(InvocationInterceptorChain.java:64)
	at org.junit.jupiter.engine.execution.InvocationInterceptorChain.chainAndInvoke(InvocationInterceptorChain.java:45)
	at org.junit.jupiter.engine.execution.InvocationInterceptorChain.invoke(InvocationInterceptorChain.java:37)
	at org.junit.jupiter.engine.execution.InterceptingExecutableInvoker.invoke(InterceptingExecutableInvoker.java:92)
	at org.junit.jupiter.engine.execution.InterceptingExecutableInvoker.invoke(InterceptingExecutableInvoker.java:86)
	at org.junit.jupiter.engine.descriptor.TestMethodTestDescriptor.lambda$invokeTestMethod$8(TestMethodTestDescriptor.java:217)
	at org.junit.platform.engine.support.hierarchical.ThrowableCollector.execute(ThrowableCollector.java:73)
	at org.junit.jupiter.engine.descriptor.TestMethodTestDescriptor.invokeTestMethod(TestMethodTestDescriptor.java:213)
	at org.junit.jupiter.engine.descriptor.TestMethodTestDescriptor.execute(TestMethodTestDescriptor.java:138)
	at org.junit.jupiter.engine.descriptor.TestMethodTestDescriptor.execute(TestMethodTestDescriptor.java:68)
	at org.junit.platform.engine.support.hierarchical.NodeTestTask.lambda$executeRecursively$6(NodeTestTask.java:156)
	at org.junit.platform.engine.support.hierarchical.ThrowableCollector.execute(ThrowableCollector.java:73)
	at org.junit.platform.engine.support.hierarchical.NodeTestTask.lambda$executeRecursively$8(NodeTestTask.java:146)
	at org.junit.platform.engine.support.hierarchical.Node.around(Node.java:137)
	at org.junit.platform.engine.support.hierarchical.NodeTestTask.lambda$executeRecursively$9(NodeTestTask.java:144)
	at org.junit.platform.engine.support.hierarchical.ThrowableCollector.execute(ThrowableCollector.java:73)
	at org.junit.platform.engine.support.hierarchical.NodeTestTask.executeRecursively(NodeTestTask.java:143)
	at org.junit.platform.engine.support.hierarchical.NodeTestTask.execute(NodeTestTask.java:100)
	at java.base/java.util.ArrayList.forEach(ArrayList.java:1511)
	at org.junit.platform.engine.support.hierarchical.SameThreadHierarchicalTestExecutorService.invokeAll(SameThreadHierarchicalTestExecutorService.java:41)
	at org.junit.platform.engine.support.hierarchical.NodeTestTask.lambda$executeRecursively$6(NodeTestTask.java:160)
	at org.junit.platform.engine.support.hierarchical.ThrowableCollector.execute(ThrowableCollector.java:73)
	at org.junit.platform.engine.support.hierarchical.NodeTestTask.lambda$executeRecursively$8(NodeTestTask.java:146)
	at org.junit.platform.engine.support.hierarchical.Node.around(Node.java:137)
	at org.junit.platform.engine.support.hierarchical.NodeTestTask.lambda$executeRecursively$9(NodeTestTask.java:144)
	at org.junit.platform.engine.support.hierarchical.ThrowableCollector.execute(ThrowableCollector.java:73)
	at org.junit.platform.engine.support.hierarchical.NodeTestTask.executeRecursively(NodeTestTask.java:143)
	at org.junit.platform.engine.support.hierarchical.NodeTestTask.execute(NodeTestTask.java:100)
	at java.base/java.util.ArrayList.forEach(ArrayList.java:1511)
	at org.junit.platform.engine.support.hierarchical.SameThreadHierarchicalTestExecutorService.invokeAll(SameThreadHierarchicalTestExecutorService.java:41)
	at org.junit.platform.engine.support.hierarchical.NodeTestTask.lambda$executeRecursively$6(NodeTestTask.java:160)
	at org.junit.platform.engine.support.hierarchical.ThrowableCollector.execute(ThrowableCollector.java:73)
	at org.junit.platform.engine.support.hierarchical.NodeTestTask.lambda$executeRecursively$8(NodeTestTask.java:146)
	at org.junit.platform.engine.support.hierarchical.Node.around(Node.java:137)
	at org.junit.platform.engine.support.hierarchical.NodeTestTask.lambda$executeRecursively$9(NodeTestTask.java:144)
	at org.junit.platform.engine.support.hierarchical.ThrowableCollector.execute(ThrowableCollector.java:73)
	at org.junit.platform.engine.support.hierarchical.NodeTestTask.executeRecursively(NodeTestTask.java:143)
	at org.junit.platform.engine.support.hierarchical.NodeTestTask.execute(NodeTestTask.java:100)
	at org.junit.platform.engine.support.hierarchical.SameThreadHierarchicalTestExecutorService.submit(SameThreadHierarchicalTestExecutorService.java:35)
	at org.junit.platform.engine.support.hierarchical.HierarchicalTestExecutor.execute(HierarchicalTestExecutor.java:57)
	at org.junit.platform.engine.support.hierarchical.HierarchicalTestEngine.execute(HierarchicalTestEngine.java:54)
	at org.junit.platform.launcher.core.EngineExecutionOrchestrator.execute(EngineExecutionOrchestrator.java:198)
	at org.junit.platform.launcher.core.EngineExecutionOrchestrator.execute(EngineExecutionOrchestrator.java:169)
	at org.junit.platform.launcher.core.EngineExecutionOrchestrator.execute(EngineExecutionOrchestrator.java:93)
	at org.junit.platform.launcher.core.EngineExecutionOrchestrator.lambda$execute$0(EngineExecutionOrchestrator.java:58)
	at org.junit.platform.launcher.core.EngineExecutionOrchestrator.withInterceptedStreams(EngineExecutionOrchestrator.java:141)
	at org.junit.platform.launcher.core.EngineExecutionOrchestrator.execute(EngineExecutionOrchestrator.java:57)
	at org.junit.platform.launcher.core.DefaultLauncher.execute(DefaultLauncher.java:103)
	at org.junit.platform.launcher.core.DefaultLauncher.execute(DefaultLauncher.java:85)
	at org.junit.platform.launcher.core.DelegatingLauncher.execute(DelegatingLauncher.java:47)
	at org.apache.maven.surefire.junitplatform.LazyLauncher.execute(LazyLauncher.java:56)
	at org.apache.maven.surefire.junitplatform.JUnitPlatformProvider.execute(JUnitPlatformProvider.java:194)
	at org.apache.maven.surefire.junitplatform.JUnitPlatformProvider.invokeAllTests(JUnitPlatformProvider.java:150)
	at org.apache.maven.surefire.junitplatform.JUnitPlatformProvider.invoke(JUnitPlatformProvider.java:124)
	at java.base/jdk.internal.reflect.NativeMethodAccessorImpl.invoke0(Native Method)
	at java.base/jdk.internal.reflect.NativeMethodAccessorImpl.invoke(NativeMethodAccessorImpl.java:77)
	at java.base/jdk.internal.reflect.DelegatingMethodAccessorImpl.invoke(DelegatingMethodAccessorImpl.java:43)
	at java.base/java.lang.reflect.Method.invoke(Method.java:569)
	at org.apache.maven.surefire.api.util.ReflectionUtils.invokeMethodWithArray2(ReflectionUtils.java:137)
	at org.apache.maven.surefire.booter.ProviderFactory$ProviderProxy.invoke(ProviderFactory.java:148)
	at org.apache.maven.surefire.booter.ProviderFactory.invokeProvider(ProviderFactory.java:88)
	at org.apache.maven.plugin.surefire.InPluginVMSurefireStarter.runSuitesInProcess(InPluginVMSurefireStarter.java:91)
	at org.apache.maven.plugin.surefire.AbstractSurefireMojo.executeProvider(AbstractSurefireMojo.java:1308)
	at org.apache.maven.plugin.surefire.AbstractSurefireMojo.executeAfterPreconditionsChecked(AbstractSurefireMojo.java:1135)
	at org.apache.maven.plugin.surefire.AbstractSurefireMojo.execute(AbstractSurefireMojo.java:969)
	at org.apache.maven.plugin.DefaultBuildPluginManager.executeMojo(DefaultBuildPluginManager.java:126)
	at org.apache.maven.lifecycle.internal.MojoExecutor.doExecute2(MojoExecutor.java:328)
	at org.apache.maven.lifecycle.internal.MojoExecutor.doExecute(MojoExecutor.java:316)
	at org.apache.maven.lifecycle.internal.MojoExecutor.execute(MojoExecutor.java:212)
	at org.apache.maven.lifecycle.internal.MojoExecutor.execute(MojoExecutor.java:174)
	at org.apache.maven.lifecycle.internal.MojoExecutor.access$000(MojoExecutor.java:75)
	at org.apache.maven.lifecycle.internal.MojoExecutor$1.run(MojoExecutor.java:162)
	at org.apache.maven.plugin.DefaultMojosExecutionStrategy.execute(DefaultMojosExecutionStrategy.java:39)
	at org.apache.maven.lifecycle.internal.MojoExecutor.execute(MojoExecutor.java:159)
	at org.apache.maven.lifecycle.internal.LifecycleModuleBuilder.buildProject(LifecycleModuleBuilder.java:105)
	at org.apache.maven.lifecycle.internal.LifecycleModuleBuilder.buildProject(LifecycleModuleBuilder.java:73)
	at org.apache.maven.lifecycle.internal.builder.singlethreaded.SingleThreadedBuilder.build(SingleThreadedBuilder.java:53)
	at org.apache.maven.lifecycle.internal.LifecycleStarter.execute(LifecycleStarter.java:118)
	at org.apache.maven.DefaultMaven.doExecute(DefaultMaven.java:261)
	at org.apache.maven.DefaultMaven.doExecute(DefaultMaven.java:173)
	at org.apache.maven.DefaultMaven.execute(DefaultMaven.java:101)
	at org.apache.maven.cli.MavenCli.execute(MavenCli.java:919)
	at org.apache.maven.cli.MavenCli.doMain(MavenCli.java:285)
	at org.apache.maven.cli.MavenCli.main(MavenCli.java:207)
	at java.base/jdk.internal.reflect.NativeMethodAccessorImpl.invoke0(Native Method)
	at java.base/jdk.internal.reflect.NativeMethodAccessorImpl.invoke(NativeMethodAccessorImpl.java:77)
	at java.base/jdk.internal.reflect.DelegatingMethodAccessorImpl.invoke(DelegatingMethodAccessorImpl.java:43)
	at java.base/java.lang.reflect.Method.invoke(Method.java:569)
	at org.codehaus.plexus.classworlds.launcher.Launcher.launchEnhanced(Launcher.java:255)
	at org.codehaus.plexus.classworlds.launcher.Launcher.launch(Launcher.java:201)
	at org.codehaus.plexus.classworlds.launcher.Launcher.mainWithExitCode(Launcher.java:361)
	at org.codehaus.plexus.classworlds.launcher.Launcher.main(Launcher.java:314)
2026-09-29 23:08:48.254 INFO  [main] o.s.t.c.s.AnnotationConfigContextLoaderUtils - Could not detect default configuration classes for test class [com.lingdong.learning.growthpoint.application.GrowthReviewSubscriptionTest]: GrowthReviewSubscriptionTest does not declare any static, non-private, non-final, nested classes annotated with @Configuration.
2026-09-29 23:08:48.257 INFO  [main] o.s.b.t.c.SpringBootTestContextBootstrapper - Found @SpringBootConfiguration com.lingdong.learning.LingdongLearningApplication for test class com.lingdong.learning.growthpoint.application.GrowthReviewSubscriptionTest
2026-09-29 23:08:48.752 INFO  [main] o.s.t.c.s.AnnotationConfigContextLoaderUtils - Could not detect default configuration classes for test class [com.lingdong.learning.growthpoint.application.MiniappParentWeeklyReviewQueryTest]: MiniappParentWeeklyReviewQueryTest does not declare any static, non-private, non-final, nested classes annotated with @Configuration.
2026-09-29 23:08:48.754 INFO  [main] o.s.b.t.c.SpringBootTestContextBootstrapper - Found @SpringBootConfiguration com.lingdong.learning.LingdongLearningApplication for test class com.lingdong.learning.growthpoint.application.MiniappParentWeeklyReviewQueryTest
2026-09-29 23:08:48.843 INFO  [main] o.s.t.c.s.AnnotationConfigContextLoaderUtils - Could not detect default configuration classes for test class [com.lingdong.learning.growthpoint.application.MiniappWeeklyPermissionMigrationTest]: MiniappWeeklyPermissionMigrationTest does not declare any static, non-private, non-final, nested classes annotated with @Configuration.
2026-09-29 23:08:48.848 INFO  [main] o.s.b.t.c.SpringBootTestContextBootstrapper - Found @SpringBootConfiguration com.lingdong.learning.LingdongLearningApplication for test class com.lingdong.learning.growthpoint.application.MiniappWeeklyPermissionMigrationTest
2026-09-29 23:08:48.918 WARN  [main] org.apache.fontbox.ttf.CmapSubtable - Format 14 cmap table is not supported and will be ignored
2026-09-29 23:08:48.990 WARN  [main] org.apache.fontbox.ttf.CmapSubtable - Format 14 cmap table is not supported and will be ignored
2026-09-29 23:08:49.647 WARN  [main] org.apache.fontbox.ttf.CmapSubtable - Format 14 cmap table is not supported and will be ignored
2026-09-29 23:08:49.721 WARN  [main] org.apache.fontbox.ttf.CmapSubtable - Format 14 cmap table is not supported and will be ignored
2026-09-29 23:08:49.786 WARN  [main] org.apache.fontbox.ttf.CmapSubtable - Format 14 cmap table is not supported and will be ignored
2026-09-29 23:08:50.018 INFO  [main] o.s.mock.web.MockServletContext - Initializing Spring TestDispatcherServlet ''
2026-09-29 23:08:50.018 INFO  [main] o.s.t.w.s.TestDispatcherServlet - Initializing Servlet ''
2026-09-29 23:08:50.019 INFO  [main] o.s.t.w.s.TestDispatcherServlet - Completed initialization in 1 ms
2026-09-29 23:08:50.034 INFO  [main] o.s.mock.web.MockServletContext - Initializing Spring TestDispatcherServlet ''
2026-09-29 23:08:50.035 INFO  [main] o.s.t.w.s.TestDispatcherServlet - Initializing Servlet ''
2026-09-29 23:08:50.036 INFO  [main] o.s.t.w.s.TestDispatcherServlet - Completed initialization in 1 ms
2026-09-29 23:08:50.043 INFO  [main] o.s.mock.web.MockServletContext - Initializing Spring TestDispatcherServlet ''
2026-09-29 23:08:50.047 INFO  [main] o.s.t.w.s.TestDispatcherServlet - Initializing Servlet ''
2026-09-29 23:08:50.048 INFO  [main] o.s.t.w.s.TestDispatcherServlet - Completed initialization in 1 ms
2026-09-29 23:08:50.070 INFO  [main] o.s.mock.web.MockServletContext - Initializing Spring TestDispatcherServlet ''
2026-09-29 23:08:50.071 INFO  [main] o.s.t.w.s.TestDispatcherServlet - Initializing Servlet ''
2026-09-29 23:08:50.072 INFO  [main] o.s.t.w.s.TestDispatcherServlet - Completed initialization in 1 ms
2026-09-29 23:08:50.081 WARN  [main] o.s.w.s.m.s.DefaultHandlerExceptionResolver - Resolved [org.springframework.web.bind.MethodArgumentNotValidException: Validation failed for argument [3] in public com.lingdong.learning.growthpoint.application.AnonymousRankQueryService$Preference com.lingdong.learning.growthpoint.web.AnonymousRankController.set(com.lingdong.learning.auth.application.AuthenticatedUser,java.lang.Long,java.lang.Long,com.lingdong.learning.growthpoint.web.AnonymousRankController$Request) with 2 errors: [Field error in object 'request' on field 'version': rejected value [null]; codes [NotNull.request.version,NotNull.version,NotNull.java.lang.Long,NotNull]; arguments [org.springframework.context.support.DefaultMessageSourceResolvable: codes [request.version,version]; arguments []; default message [version]]; default message [must not be null]] [Field error in object 'request' on field 'enabled': rejected value [null]; codes [NotNull.request.enabled,NotNull.enabled,NotNull.java.lang.Boolean,NotNull]; arguments [org.springframework.context.support.DefaultMessageSourceResolvable: codes [request.enabled,enabled]; arguments []; default message [enabled]]; default message [must not be null]] ]
2026-09-29 23:08:50.082 WARN  [main] o.s.w.s.m.s.DefaultHandlerExceptionResolver - Resolved [org.springframework.web.bind.MethodArgumentNotValidException: Validation failed for argument [3] in public com.lingdong.learning.growthpoint.application.AnonymousRankQueryService$Preference com.lingdong.learning.growthpoint.web.AnonymousRankController.set(com.lingdong.learning.auth.application.AuthenticatedUser,java.lang.Long,java.lang.Long,com.lingdong.learning.growthpoint.web.AnonymousRankController$Request): [Field error in object 'request' on field 'version': rejected value [null]; codes [NotNull.request.version,NotNull.version,NotNull.java.lang.Long,NotNull]; arguments [org.springframework.context.support.DefaultMessageSourceResolvable: codes [request.version,version]; arguments []; default message [version]]; default message [must not be null]] ]
2026-09-29 23:08:50.084 WARN  [main] o.s.w.s.m.s.DefaultHandlerExceptionResolver - Resolved [org.springframework.web.bind.MethodArgumentNotValidException: Validation failed for argument [3] in public com.lingdong.learning.growthpoint.application.AnonymousRankQueryService$Preference com.lingdong.learning.growthpoint.web.AnonymousRankController.set(com.lingdong.learning.auth.application.AuthenticatedUser,java.lang.Long,java.lang.Long,com.lingdong.learning.growthpoint.web.AnonymousRankController$Request): [Field error in object 'request' on field 'version': rejected value [-1]; codes [Min.request.version,Min.version,Min.java.lang.Long,Min]; arguments [org.springframework.context.support.DefaultMessageSourceResolvable: codes [request.version,version]; arguments []; default message [version],0]; default message [must be greater than or equal to 0]] ]
2026-09-29 23:08:50.091 INFO  [main] o.s.mock.web.MockServletContext - Initializing Spring TestDispatcherServlet ''
2026-09-29 23:08:50.092 INFO  [main] o.s.t.w.s.TestDispatcherServlet - Initializing Servlet ''
2026-09-29 23:08:50.093 INFO  [main] o.s.t.w.s.TestDispatcherServlet - Completed initialization in 1 ms
2026-09-29 23:08:50.106 INFO  [main] o.s.mock.web.MockServletContext - Initializing Spring TestDispatcherServlet ''
2026-09-29 23:08:50.108 INFO  [main] o.s.t.w.s.TestDispatcherServlet - Initializing Servlet ''
2026-09-29 23:08:50.108 INFO  [main] o.s.t.w.s.TestDispatcherServlet - Completed initialization in 0 ms
2026-09-29 23:08:50.335 INFO  [main] o.s.mock.web.MockServletContext - Initializing Spring TestDispatcherServlet ''
2026-09-29 23:08:50.336 INFO  [main] o.s.t.w.s.TestDispatcherServlet - Initializing Servlet ''
2026-09-29 23:08:50.337 INFO  [main] o.s.t.w.s.TestDispatcherServlet - Completed initialization in 1 ms
2026-09-29 23:08:50.351 INFO  [main] o.s.mock.web.MockServletContext - Initializing Spring TestDispatcherServlet ''
2026-09-29 23:08:50.352 INFO  [main] o.s.t.w.s.TestDispatcherServlet - Initializing Servlet ''
2026-09-29 23:08:50.352 INFO  [main] o.s.t.w.s.TestDispatcherServlet - Completed initialization in 0 ms
2026-09-29 23:08:50.372 INFO  [main] o.s.mock.web.MockServletContext - Initializing Spring TestDispatcherServlet ''
2026-09-29 23:08:50.374 INFO  [main] o.s.t.w.s.TestDispatcherServlet - Initializing Servlet ''
2026-09-29 23:08:50.374 INFO  [main] o.s.t.w.s.TestDispatcherServlet - Completed initialization in 0 ms
2026-09-29 23:08:50.400 INFO  [main] o.s.mock.web.MockServletContext - Initializing Spring TestDispatcherServlet ''
2026-09-29 23:08:50.401 INFO  [main] o.s.t.w.s.TestDispatcherServlet - Initializing Servlet ''
2026-09-29 23:08:50.402 INFO  [main] o.s.t.w.s.TestDispatcherServlet - Completed initialization in 0 ms
2026-09-29 23:08:50.416 INFO  [main] o.s.mock.web.MockServletContext - Initializing Spring TestDispatcherServlet ''
2026-09-29 23:08:50.417 INFO  [main] o.s.t.w.s.TestDispatcherServlet - Initializing Servlet ''
2026-09-29 23:08:50.418 INFO  [main] o.s.t.w.s.TestDispatcherServlet - Completed initialization in 0 ms
2026-09-29 23:08:50.668 INFO  [main] o.s.mock.web.MockServletContext - Initializing Spring TestDispatcherServlet ''
2026-09-29 23:08:50.670 INFO  [main] o.s.t.w.s.TestDispatcherServlet - Initializing Servlet ''
2026-09-29 23:08:50.671 INFO  [main] o.s.t.w.s.TestDispatcherServlet - Completed initialization in 1 ms
2026-09-29 23:08:50.699 INFO  [main] o.s.mock.web.MockServletContext - Initializing Spring TestDispatcherServlet ''
2026-09-29 23:08:50.701 INFO  [main] o.s.t.w.s.TestDispatcherServlet - Initializing Servlet ''
2026-09-29 23:08:50.701 INFO  [main] o.s.t.w.s.TestDispatcherServlet - Completed initialization in 0 ms
2026-09-29 23:08:50.736 INFO  [main] o.s.t.c.s.AnnotationConfigContextLoaderUtils - Could not detect default configuration classes for test class [com.lingdong.learning.growthpoint.web.RewardExchangeControllerTest]: RewardExchangeControllerTest does not declare any static, non-private, non-final, nested classes annotated with @Configuration.
2026-09-29 23:08:50.805 INFO  [main] o.s.b.t.c.SpringBootTestContextBootstrapper - Found @SpringBootConfiguration com.lingdong.learning.LingdongLearningApplication for test class com.lingdong.learning.growthpoint.web.RewardExchangeControllerTest
2026-09-29 23:08:50.829 INFO  [main] c.l.l.g.w.RewardExchangeControllerTest - Starting RewardExchangeControllerTest using Java 17.0.20 with PID 284180 (started by Administrator in E:\apps\lingdong-xuexi-code\lingdong-xuexi-server)
2026-09-29 23:08:50.831 INFO  [main] c.l.l.g.w.RewardExchangeControllerTest - The following 1 profile is active: "test"
2026-09-29 23:08:51.458 INFO  [main] o.s.d.r.c.RepositoryConfigurationDelegate - Multiple Spring Data modules found, entering strict repository configuration mode
2026-09-29 23:08:51.458 INFO  [main] o.s.d.r.c.RepositoryConfigurationDelegate - Bootstrapping Spring Data Redis repositories in DEFAULT mode.
2026-09-29 23:08:51.537 INFO  [main] o.s.d.r.c.RepositoryConfigurationDelegate - Finished Spring Data repository scanning in 76 ms. Found 0 Redis repository interfaces.
2026-09-29 23:08:51.771 INFO  [main] com.zaxxer.hikari.HikariDataSource - HikariPool-8 - Starting...
2026-09-29 23:08:51.772 INFO  [main] com.zaxxer.hikari.pool.HikariPool - HikariPool-8 - Added connection conn70: url=jdbc:h2:mem:reward_exchange_41d515867885429f87c246fc695759bb user=SA
2026-09-29 23:08:51.772 INFO  [main] com.zaxxer.hikari.HikariDataSource - HikariPool-8 - Start completed.
2026-09-29 23:08:51.774 INFO  [main] org.flywaydb.core.FlywayExecutor - Database: jdbc:h2:mem:reward_exchange_41d515867885429f87c246fc695759bb (H2 2.3)
2026-09-29 23:08:51.775 WARN  [main] o.f.c.i.database.base.Database - Flyway upgrade recommended: H2 2.3.232 is newer than this version of Flyway and support has not been tested. The latest supported version of H2 is 2.2.224.
2026-09-29 23:08:51.804 INFO  [main] o.f.c.i.s.JdbcTableSchemaHistory - Schema history table "public"."flyway_schema_history" does not exist yet
2026-09-29 23:08:51.804 INFO  [main] o.f.core.internal.command.DbValidate - Successfully validated 86 migrations (execution time 00:00.028s)
2026-09-29 23:08:51.805 INFO  [main] o.f.c.i.s.JdbcTableSchemaHistory - Creating Schema History table "public"."flyway_schema_history" ...
2026-09-29 23:08:51.808 INFO  [main] o.f.core.internal.command.DbMigrate - Current version of schema "public": << Empty Schema >>
2026-09-29 23:08:51.809 INFO  [main] o.f.core.internal.command.DbMigrate - Migrating schema "public" to version "1 - create system config"
2026-09-29 23:08:51.814 INFO  [main] o.f.core.internal.command.DbMigrate - Migrating schema "public" to version "2 - create iam rbac tables"
2026-09-29 23:08:51.821 INFO  [main] o.f.core.internal.command.DbMigrate - Migrating schema "public" to version "3 - create organization types"
2026-09-29 23:08:51.828 INFO  [main] o.f.core.internal.command.DbMigrate - Migrating schema "public" to version "4 - create user organization relations"
2026-09-29 23:08:51.835 INFO  [main] o.f.core.internal.command.DbMigrate - Migrating schema "public" to version "5 - create system task audit"
2026-09-29 23:08:51.839 INFO  [main] o.f.core.internal.command.DbMigrate - Migrating schema "public" to version "6 - create feature toggles"
2026-09-29 23:08:51.842 INFO  [main] o.f.core.internal.command.DbMigrate - Migrating schema "public" to version "7 - create feature toggle changes"
2026-09-29 23:08:51.846 INFO  [main] o.f.core.internal.command.DbMigrate - Migrating schema "public" to version "8 - create user permissions"
2026-09-29 23:08:51.850 INFO  [main] o.f.core.internal.command.DbMigrate - Migrating schema "public" to version "9 - create role data scopes"
2026-09-29 23:08:51.854 INFO  [main] o.f.core.internal.command.DbMigrate - Migrating schema "public" to version "10 - create dictionary tables"
2026-09-29 23:08:51.859 INFO  [main] o.f.core.internal.command.DbMigrate - Migrating schema "public" to version "11 - create cache operation log"
2026-09-29 23:08:51.863 INFO  [main] o.f.core.internal.command.DbMigrate - Migrating schema "public" to version "12 - create interface service tables"
2026-09-29 23:08:51.867 INFO  [main] o.f.core.internal.command.DbMigrate - Migrating schema "public" to version "13 - create attachment core tables"
2026-09-29 23:08:51.870 INFO  [main] o.f.core.internal.command.DbMigrate - Migrating schema "public" to version "14 - create import export template table"
2026-09-29 23:08:51.873 INFO  [main] o.f.core.internal.command.DbMigrate - Migrating schema "public" to version "15 - create auth device session"
2026-09-29 23:08:51.876 INFO  [main] o.f.core.internal.command.DbMigrate - Migrating schema "public" to version "16 - seed iam management permissions"
2026-09-29 23:08:51.878 INFO  [main] o.f.core.internal.command.DbMigrate - Migrating schema "public" to version "17 - seed organization management permissions"
2026-09-29 23:08:51.881 INFO  [main] o.f.core.internal.command.DbMigrate - Migrating schema "public" to version "18 - seed user directory permissions"
2026-09-29 23:08:51.883 INFO  [main] o.f.core.internal.command.DbMigrate - Migrating schema "public" to version "19 - create student relationship foundation"
2026-09-29 23:08:51.887 INFO  [main] o.f.core.internal.command.DbMigrate - Migrating schema "public" to version "20 - create parent binding invitation"
2026-09-29 23:08:51.891 INFO  [main] o.f.core.internal.command.DbMigrate - Migrating schema "public" to version "21 - create student code login"
2026-09-29 23:08:51.897 INFO  [main] o.f.core.internal.command.DbMigrate - Migrating schema "public" to version "22 - create learning task foundation"
2026-09-29 23:08:51.905 INFO  [main] o.f.core.internal.command.DbMigrate - Migrating schema "public" to version "23 - create task execution foundation"
2026-09-29 23:08:51.915 INFO  [main] o.f.core.internal.command.DbMigrate - Migrating schema "public" to version "24 - create growth point account and ledger"
2026-09-29 23:08:51.922 INFO  [main] o.f.core.internal.command.DbMigrate - Migrating schema "public" to version "25 - seed growth point query access"
2026-09-29 23:08:51.924 INFO  [main] o.f.core.internal.command.DbMigrate - Migrating schema "public" to version "26 - add growth point correction"
2026-09-29 23:08:51.930 INFO  [main] o.f.core.internal.command.DbMigrate - Migrating schema "public" to version "27 - add reward exchange"
2026-09-29 23:08:51.942 INFO  [main] o.f.core.internal.command.DbMigrate - Migrating schema "public" to version "28 - add growth review"
2026-09-29 23:08:51.950 INFO  [main] o.f.core.internal.command.DbMigrate - Migrating schema "public" to version "29 - add point lifecycle"
2026-09-29 23:08:51.999 INFO  [main] o.f.core.internal.command.DbMigrate - Migrating schema "public" to version "30 - add recurring task"
2026-09-29 23:08:52.010 INFO  [main] o.f.core.internal.command.DbMigrate - Migrating schema "public" to version "31 - add task checkin attachment"
2026-09-29 23:08:52.025 INFO  [main] o.f.core.internal.command.DbMigrate - Migrating schema "public" to version "32 - add task overdue defer"
2026-09-29 23:08:52.077 INFO  [main] o.f.core.internal.command.DbMigrate - Migrating schema "public" to version "33 - add previous day task copy"
2026-09-29 23:08:52.089 INFO  [main] o.f.core.internal.command.DbMigrate - Migrating schema "public" to version "34 - add learning task template"
2026-09-29 23:08:52.102 INFO  [main] o.f.core.internal.command.DbMigrate - Migrating schema "public" to version "35 - add student qr login"
2026-09-29 23:08:52.111 INFO  [main] o.f.core.internal.command.DbMigrate - Migrating schema "public" to version "36 - add parent phone auth"
2026-09-29 23:08:52.119 INFO  [main] o.f.core.internal.command.DbMigrate - Migrating schema "public" to version "37 - add parent wechat auth"
2026-09-29 23:08:52.125 INFO  [main] o.f.core.internal.command.DbMigrate - Migrating schema "public" to version "38 - add parent relationship lifecycle"
2026-09-29 23:08:52.137 INFO  [main] o.f.core.internal.command.DbMigrate - Migrating schema "public" to version "39 - add account security event"
2026-09-29 23:08:52.142 INFO  [main] o.f.core.internal.command.DbMigrate - Migrating schema "public" to version "40 - add organization miniapp auth"
2026-09-29 23:08:52.148 INFO  [main] o.f.core.internal.command.DbMigrate - Migrating schema "public" to version "41 - add student organization lifecycle"
2026-09-29 23:08:52.154 INFO  [main] o.f.core.internal.command.DbMigrate - Migrating schema "public" to version "42 - add parent account lifecycle"
2026-09-29 23:08:52.160 INFO  [main] o.f.core.internal.command.DbMigrate - Migrating schema "public" to version "43 - finalize parent account cancellation"
2026-09-29 23:08:52.173 INFO  [main] o.f.core.internal.command.DbMigrate - Migrating schema "public" to version "44 - add parent mobile manual recovery"
2026-09-29 23:08:52.180 INFO  [main] o.f.core.internal.command.DbMigrate - Migrating schema "public" to version "45 - add student account cancellation"
2026-09-29 23:08:52.187 INFO  [main] o.f.core.internal.command.DbMigrate - Migrating schema "public" to version "46 - add student wechat auth"
2026-09-29 23:08:52.193 INFO  [main] o.f.core.internal.command.DbMigrate - Migrating schema "public" to version "47 - add organization node lifecycle"
2026-09-29 23:08:52.218 INFO  [main] o.f.core.internal.command.DbMigrate - Migrating schema "public" to version "48 - add class management"
2026-09-29 23:08:52.222 INFO  [main] o.f.core.internal.command.DbMigrate - Migrating schema "public" to version "49 - add permission grant boundary"
2026-09-29 23:08:52.229 INFO  [main] o.f.core.internal.command.DbMigrate - Migrating schema "public" to version "50 - add iam change audit"
2026-09-29 23:08:52.236 INFO  [main] o.f.core.internal.command.DbMigrate - Migrating schema "public" to version "51 - add dictionary management"
2026-09-29 23:08:52.240 INFO  [main] o.f.core.internal.command.DbMigrate - Migrating schema "public" to version "52 - add cache management"
2026-09-29 23:08:52.249 INFO  [main] o.f.core.internal.command.DbMigrate - Migrating schema "public" to version "53 - add interface service management"
2026-09-29 23:08:52.254 INFO  [main] o.f.core.internal.command.DbMigrate - Migrating schema "public" to version "54 - add attachment management"
2026-09-29 23:08:52.287 INFO  [main] o.f.core.internal.command.DbMigrate - Migrating schema "public" to version "55 - add import export template management"
2026-09-29 23:08:52.299 INFO  [main] o.f.core.internal.command.DbMigrate - Migrating schema "public" to version "56 - add import validation job"
2026-09-29 23:08:52.314 INFO  [main] o.f.core.internal.command.DbMigrate - Migrating schema "public" to version "57 - add async export job"
2026-09-29 23:08:52.325 INFO  [main] o.f.core.internal.command.DbMigrate - Migrating schema "public" to version "58 - add student batch import"
2026-09-29 23:08:52.341 INFO  [main] o.f.core.internal.command.DbMigrate - Migrating schema "public" to version "59 - add teacher management"
2026-09-29 23:08:52.354 INFO  [main] o.f.core.internal.command.DbMigrate - Migrating schema "public" to version "60 - complete organization teacher tasks"
2026-09-29 23:08:52.361 INFO  [main] o.f.core.internal.command.DbMigrate - Migrating schema "public" to version "61 - add student exception report"
2026-09-29 23:08:52.376 INFO  [main] o.f.core.internal.command.DbMigrate - Migrating schema "public" to version "62 - add manual attendance"
2026-09-29 23:08:52.386 INFO  [main] o.f.core.internal.command.DbMigrate - Migrating schema "public" to version "63 - add export job payload"
2026-09-29 23:08:52.390 INFO  [main] o.f.core.internal.command.DbMigrate - Migrating schema "public" to version "64 - add growth review pdf feature"
2026-09-29 23:08:52.393 INFO  [main] o.f.core.internal.command.DbMigrate - Migrating schema "public" to version "65 - add growth review pdf job type"
2026-09-29 23:08:52.402 INFO  [main] o.f.core.internal.command.DbMigrate - Migrating schema "public" to version "66 - add growth review subscription"
2026-09-29 23:08:52.410 INFO  [main] o.f.core.internal.command.DbMigrate - Migrating schema "public" to version "67 - add growth review delivery queue"
2026-09-29 23:08:52.424 INFO  [main] o.f.core.internal.command.DbMigrate - Migrating schema "public" to version "68 - add anonymous rank preference"
2026-09-29 23:08:52.434 INFO  [main] o.f.core.internal.command.DbMigrate - Migrating schema "public" to version "69 - add miniapp anonymous rank permission"
2026-09-29 23:08:52.439 INFO  [main] o.f.core.internal.command.DbMigrate - Migrating schema "public" to version "70 - add miniapp parent weekly review permission"
2026-09-29 23:08:52.442 INFO  [main] o.f.core.internal.command.DbMigrate - Migrating schema "public" to version "71 - add miniapp parent reward permissions"
2026-09-29 23:08:52.449 INFO  [main] o.f.core.internal.command.DbMigrate - Migrating schema "public" to version "72 - add web system task read permission"
2026-09-29 23:08:52.455 INFO  [main] o.f.core.internal.command.DbMigrate - Migrating schema "public" to version "73 - add feature toggle management"
2026-09-29 23:08:52.467 INFO  [main] o.f.core.internal.command.DbMigrate - Migrating schema "public" to version "74 - add interface change execution audit"
2026-09-29 23:08:52.473 INFO  [main] o.f.core.internal.command.DbMigrate - Migrating schema "public" to version "75 - add interface change before snapshot"
2026-09-29 23:08:52.483 INFO  [main] o.f.core.internal.command.DbMigrate - Migrating schema "public" to version "76 - add dictionary ledger export"
2026-09-29 23:08:52.486 INFO  [main] o.f.core.internal.command.DbMigrate - Migrating schema "public" to version "77 - add template ledger export"
2026-09-29 23:08:52.489 INFO  [main] o.f.core.internal.command.DbMigrate - Migrating schema "public" to version "78 - add interface service ledger export"
2026-09-29 23:08:52.493 INFO  [main] o.f.core.internal.command.DbMigrate - Migrating schema "public" to version "79 - add cache operation log export"
2026-09-29 23:08:52.498 INFO  [main] o.f.core.internal.command.DbMigrate - Migrating schema "public" to version "80 - add system task ledger export"
2026-09-29 23:08:52.502 INFO  [main] o.f.core.internal.command.DbMigrate - Migrating schema "public" to version "81 - add reward exchange ledger export"
2026-09-29 23:08:52.506 INFO  [main] o.f.core.internal.command.DbMigrate - Migrating schema "public" to version "82 - add exception report ledger export"
2026-09-29 23:08:52.510 INFO  [main] o.f.core.internal.command.DbMigrate - Migrating schema "public" to version "83 - add attachment ledger export"
2026-09-29 23:08:52.517 INFO  [main] o.f.core.internal.command.DbMigrate - Migrating schema "public" to version "84 - add student task report export"
2026-09-29 23:08:52.522 INFO  [main] o.f.core.internal.command.DbMigrate - Migrating schema "public" to version "85 - add organization task statistics export"
2026-09-29 23:08:52.528 INFO  [main] o.f.core.internal.command.DbMigrate - Migrating schema "public" to version "86 - add attendance ledger export"
2026-09-29 23:08:52.532 INFO  [main] o.f.core.internal.command.DbMigrate - Successfully applied 86 migrations to schema "public", now at version v86 (execution time 00:00.334s)
2026-09-29 23:08:53.972 INFO  [main] o.s.b.t.m.w.SpringBootMockServletContext - Initializing Spring TestDispatcherServlet ''
2026-09-29 23:08:53.973 INFO  [main] o.s.t.w.s.TestDispatcherServlet - Initializing Servlet ''
2026-09-29 23:08:53.974 INFO  [main] o.s.t.w.s.TestDispatcherServlet - Completed initialization in 0 ms
2026-09-29 23:08:53.988 INFO  [main] c.l.l.g.w.RewardExchangeControllerTest - Started RewardExchangeControllerTest in 3.18 seconds (process running for 120.383)
2026-09-29 23:08:53.989 WARN  [main] o.s.c.events.SpringDocAppInitializer - SpringDoc /api/v1/openapi endpoint is enabled by default. To disable it in production, set the property 'springdoc.api-docs.enabled=false'
2026-09-29 23:09:01.774 INFO  [main] com.zaxxer.hikari.HikariDataSource - HikariPool-8 - Shutdown initiated...
2026-09-29 23:09:01.780 INFO  [main] com.zaxxer.hikari.HikariDataSource - HikariPool-8 - Shutdown completed.
2026-09-29 23:09:01.820 INFO  [main] c.l.l.g.w.RewardExchangeControllerTest - Starting RewardExchangeControllerTest using Java 17.0.20 with PID 284180 (started by Administrator in E:\apps\lingdong-xuexi-code\lingdong-xuexi-server)
2026-09-29 23:09:01.820 INFO  [main] c.l.l.g.w.RewardExchangeControllerTest - The following 1 profile is active: "test"
2026-09-29 23:09:02.504 INFO  [main] o.s.d.r.c.RepositoryConfigurationDelegate - Multiple Spring Data modules found, entering strict repository configuration mode
2026-09-29 23:09:02.504 INFO  [main] o.s.d.r.c.RepositoryConfigurationDelegate - Bootstrapping Spring Data Redis repositories in DEFAULT mode.
2026-09-29 23:09:02.670 INFO  [main] o.s.d.r.c.RepositoryConfigurationDelegate - Finished Spring Data repository scanning in 164 ms. Found 0 Redis repository interfaces.
2026-09-29 23:09:02.907 INFO  [main] com.zaxxer.hikari.HikariDataSource - HikariPool-9 - Starting...
2026-09-29 23:09:02.911 INFO  [main] com.zaxxer.hikari.pool.HikariPool - HikariPool-9 - Added connection conn80: url=jdbc:h2:mem:reward_exchange_41d515867885429f87c246fc695759bb user=SA
2026-09-29 23:09:02.912 INFO  [main] com.zaxxer.hikari.HikariDataSource - HikariPool-9 - Start completed.
2026-09-29 23:09:02.916 INFO  [main] org.flywaydb.core.FlywayExecutor - Database: jdbc:h2:mem:reward_exchange_41d515867885429f87c246fc695759bb (H2 2.3)
2026-09-29 23:09:02.917 WARN  [main] o.f.c.i.database.base.Database - Flyway upgrade recommended: H2 2.3.232 is newer than this version of Flyway and support has not been tested. The latest supported version of H2 is 2.2.224.
2026-09-29 23:09:02.959 INFO  [main] o.f.c.i.s.JdbcTableSchemaHistory - Schema history table "public"."flyway_schema_history" does not exist yet
2026-09-29 23:09:02.960 INFO  [main] o.f.core.internal.command.DbValidate - Successfully validated 86 migrations (execution time 00:00.039s)
2026-09-29 23:09:02.966 INFO  [main] o.f.c.i.s.JdbcTableSchemaHistory - Creating Schema History table "public"."flyway_schema_history" ...
2026-09-29 23:09:02.971 INFO  [main] o.f.core.internal.command.DbMigrate - Current version of schema "public": << Empty Schema >>
2026-09-29 23:09:02.973 INFO  [main] o.f.core.internal.command.DbMigrate - Migrating schema "public" to version "1 - create system config"
2026-09-29 23:09:02.978 INFO  [main] o.f.core.internal.command.DbMigrate - Migrating schema "public" to version "2 - create iam rbac tables"
2026-09-29 23:09:02.989 INFO  [main] o.f.core.internal.command.DbMigrate - Migrating schema "public" to version "3 - create organization types"
2026-09-29 23:09:02.997 INFO  [main] o.f.core.internal.command.DbMigrate - Migrating schema "public" to version "4 - create user organization relations"
2026-09-29 23:09:03.001 INFO  [main] o.f.core.internal.command.DbMigrate - Migrating schema "public" to version "5 - create system task audit"
2026-09-29 23:09:03.005 INFO  [main] o.f.core.internal.command.DbMigrate - Migrating schema "public" to version "6 - create feature toggles"
2026-09-29 23:09:03.008 INFO  [main] o.f.core.internal.command.DbMigrate - Migrating schema "public" to version "7 - create feature toggle changes"
2026-09-29 23:09:03.015 INFO  [main] o.f.core.internal.command.DbMigrate - Migrating schema "public" to version "8 - create user permissions"
2026-09-29 23:09:03.019 INFO  [main] o.f.core.internal.command.DbMigrate - Migrating schema "public" to version "9 - create role data scopes"
2026-09-29 23:09:03.025 INFO  [main] o.f.core.internal.command.DbMigrate - Migrating schema "public" to version "10 - create dictionary tables"
2026-09-29 23:09:03.036 INFO  [main] o.f.core.internal.command.DbMigrate - Migrating schema "public" to version "11 - create cache operation log"
2026-09-29 23:09:03.047 INFO  [main] o.f.core.internal.command.DbMigrate - Migrating schema "public" to version "12 - create interface service tables"
2026-09-29 23:09:03.057 INFO  [main] o.f.core.internal.command.DbMigrate - Migrating schema "public" to version "13 - create attachment core tables"
2026-09-29 23:09:03.064 INFO  [main] o.f.core.internal.command.DbMigrate - Migrating schema "public" to version "14 - create import export template table"
2026-09-29 23:09:03.069 INFO  [main] o.f.core.internal.command.DbMigrate - Migrating schema "public" to version "15 - create auth device session"
2026-09-29 23:09:03.074 INFO  [main] o.f.core.internal.command.DbMigrate - Migrating schema "public" to version "16 - seed iam management permissions"
2026-09-29 23:09:03.082 INFO  [main] o.f.core.internal.command.DbMigrate - Migrating schema "public" to version "17 - seed organization management permissions"
2026-09-29 23:09:03.087 INFO  [main] o.f.core.internal.command.DbMigrate - Migrating schema "public" to version "18 - seed user directory permissions"
2026-09-29 23:09:03.091 INFO  [main] o.f.core.internal.command.DbMigrate - Migrating schema "public" to version "19 - create student relationship foundation"
2026-09-29 23:09:03.100 INFO  [main] o.f.core.internal.command.DbMigrate - Migrating schema "public" to version "20 - create parent binding invitation"
2026-09-29 23:09:03.107 INFO  [main] o.f.core.internal.command.DbMigrate - Migrating schema "public" to version "21 - create student code login"
2026-09-29 23:09:03.115 INFO  [main] o.f.core.internal.command.DbMigrate - Migrating schema "public" to version "22 - create learning task foundation"
2026-09-29 23:09:03.129 INFO  [main] o.f.core.internal.command.DbMigrate - Migrating schema "public" to version "23 - create task execution foundation"
2026-09-29 23:09:03.149 INFO  [main] o.f.core.internal.command.DbMigrate - Migrating schema "public" to version "24 - create growth point account and ledger"
2026-09-29 23:09:03.159 INFO  [main] o.f.core.internal.command.DbMigrate - Migrating schema "public" to version "25 - seed growth point query access"
2026-09-29 23:09:03.168 INFO  [main] o.f.core.internal.command.DbMigrate - Migrating schema "public" to version "26 - add growth point correction"
2026-09-29 23:09:03.174 INFO  [main] o.f.core.internal.command.DbMigrate - Migrating schema "public" to version "27 - add reward exchange"
2026-09-29 23:09:03.188 INFO  [main] o.f.core.internal.command.DbMigrate - Migrating schema "public" to version "28 - add growth review"
2026-09-29 23:09:03.203 INFO  [main] o.f.core.internal.command.DbMigrate - Migrating schema "public" to version "29 - add point lifecycle"
2026-09-29 23:09:03.256 INFO  [main] o.f.core.internal.command.DbMigrate - Migrating schema "public" to version "30 - add recurring task"
2026-09-29 23:09:03.272 INFO  [main] o.f.core.internal.command.DbMigrate - Migrating schema "public" to version "31 - add task checkin attachment"
2026-09-29 23:09:03.285 INFO  [main] o.f.core.internal.command.DbMigrate - Migrating schema "public" to version "32 - add task overdue defer"
2026-09-29 23:09:03.322 INFO  [main] o.f.core.internal.command.DbMigrate - Migrating schema "public" to version "33 - add previous day task copy"
2026-09-29 23:09:03.331 INFO  [main] o.f.core.internal.command.DbMigrate - Migrating schema "public" to version "34 - add learning task template"
2026-09-29 23:09:03.338 INFO  [main] o.f.core.internal.command.DbMigrate - Migrating schema "public" to version "35 - add student qr login"
2026-09-29 23:09:03.343 INFO  [main] o.f.core.internal.command.DbMigrate - Migrating schema "public" to version "36 - add parent phone auth"
2026-09-29 23:09:03.349 INFO  [main] o.f.core.internal.command.DbMigrate - Migrating schema "public" to version "37 - add parent wechat auth"
2026-09-29 23:09:03.355 INFO  [main] o.f.core.internal.command.DbMigrate - Migrating schema "public" to version "38 - add parent relationship lifecycle"
2026-09-29 23:09:03.361 INFO  [main] o.f.core.internal.command.DbMigrate - Migrating schema "public" to version "39 - add account security event"
2026-09-29 23:09:03.369 INFO  [main] o.f.core.internal.command.DbMigrate - Migrating schema "public" to version "40 - add organization miniapp auth"
2026-09-29 23:09:03.372 INFO  [main] o.f.core.internal.command.DbMigrate - Migrating schema "public" to version "41 - add student organization lifecycle"
2026-09-29 23:09:03.377 INFO  [main] o.f.core.internal.command.DbMigrate - Migrating schema "public" to version "42 - add parent account lifecycle"
2026-09-29 23:09:03.385 INFO  [main] o.f.core.internal.command.DbMigrate - Migrating schema "public" to version "43 - finalize parent account cancellation"
2026-09-29 23:09:03.397 INFO  [main] o.f.core.internal.command.DbMigrate - Migrating schema "public" to version "44 - add parent mobile manual recovery"
2026-09-29 23:09:03.405 INFO  [main] o.f.core.internal.command.DbMigrate - Migrating schema "public" to version "45 - add student account cancellation"
2026-09-29 23:09:03.411 INFO  [main] o.f.core.internal.command.DbMigrate - Migrating schema "public" to version "46 - add student wechat auth"
2026-09-29 23:09:03.419 INFO  [main] o.f.core.internal.command.DbMigrate - Migrating schema "public" to version "47 - add organization node lifecycle"
2026-09-29 23:09:03.439 INFO  [main] o.f.core.internal.command.DbMigrate - Migrating schema "public" to version "48 - add class management"
2026-09-29 23:09:03.445 INFO  [main] o.f.core.internal.command.DbMigrate - Migrating schema "public" to version "49 - add permission grant boundary"
2026-09-29 23:09:03.456 INFO  [main] o.f.core.internal.command.DbMigrate - Migrating schema "public" to version "50 - add iam change audit"
2026-09-29 23:09:03.460 INFO  [main] o.f.core.internal.command.DbMigrate - Migrating schema "public" to version "51 - add dictionary management"
2026-09-29 23:09:03.466 INFO  [main] o.f.core.internal.command.DbMigrate - Migrating schema "public" to version "52 - add cache management"
2026-09-29 23:09:03.473 INFO  [main] o.f.core.internal.command.DbMigrate - Migrating schema "public" to version "53 - add interface service management"
2026-09-29 23:09:03.482 INFO  [main] o.f.core.internal.command.DbMigrate - Migrating schema "public" to version "54 - add attachment management"
2026-09-29 23:09:03.490 INFO  [main] o.f.core.internal.command.DbMigrate - Migrating schema "public" to version "55 - add import export template management"
2026-09-29 23:09:03.501 INFO  [main] o.f.core.internal.command.DbMigrate - Migrating schema "public" to version "56 - add import validation job"
2026-09-29 23:09:03.508 INFO  [main] o.f.core.internal.command.DbMigrate - Migrating schema "public" to version "57 - add async export job"
2026-09-29 23:09:03.521 INFO  [main] o.f.core.internal.command.DbMigrate - Migrating schema "public" to version "58 - add student batch import"
2026-09-29 23:09:03.531 INFO  [main] o.f.core.internal.command.DbMigrate - Migrating schema "public" to version "59 - add teacher management"
2026-09-29 23:09:03.537 INFO  [main] o.f.core.internal.command.DbMigrate - Migrating schema "public" to version "60 - complete organization teacher tasks"
2026-09-29 23:09:03.544 INFO  [main] o.f.core.internal.command.DbMigrate - Migrating schema "public" to version "61 - add student exception report"
2026-09-29 23:09:03.559 INFO  [main] o.f.core.internal.command.DbMigrate - Migrating schema "public" to version "62 - add manual attendance"
2026-09-29 23:09:03.569 INFO  [main] o.f.core.internal.command.DbMigrate - Migrating schema "public" to version "63 - add export job payload"
2026-09-29 23:09:03.573 INFO  [main] o.f.core.internal.command.DbMigrate - Migrating schema "public" to version "64 - add growth review pdf feature"
2026-09-29 23:09:03.577 INFO  [main] o.f.core.internal.command.DbMigrate - Migrating schema "public" to version "65 - add growth review pdf job type"
2026-09-29 23:09:03.586 INFO  [main] o.f.core.internal.command.DbMigrate - Migrating schema "public" to version "66 - add growth review subscription"
2026-09-29 23:09:03.591 INFO  [main] o.f.core.internal.command.DbMigrate - Migrating schema "public" to version "67 - add growth review delivery queue"
2026-09-29 23:09:03.598 INFO  [main] o.f.core.internal.command.DbMigrate - Migrating schema "public" to version "68 - add anonymous rank preference"
2026-09-29 23:09:03.603 INFO  [main] o.f.core.internal.command.DbMigrate - Migrating schema "public" to version "69 - add miniapp anonymous rank permission"
2026-09-29 23:09:03.606 INFO  [main] o.f.core.internal.command.DbMigrate - Migrating schema "public" to version "70 - add miniapp parent weekly review permission"
2026-09-29 23:09:03.609 INFO  [main] o.f.core.internal.command.DbMigrate - Migrating schema "public" to version "71 - add miniapp parent reward permissions"
2026-09-29 23:09:03.614 INFO  [main] o.f.core.internal.command.DbMigrate - Migrating schema "public" to version "72 - add web system task read permission"
2026-09-29 23:09:03.620 INFO  [main] o.f.core.internal.command.DbMigrate - Migrating schema "public" to version "73 - add feature toggle management"
2026-09-29 23:09:03.635 INFO  [main] o.f.core.internal.command.DbMigrate - Migrating schema "public" to version "74 - add interface change execution audit"
2026-09-29 23:09:03.642 INFO  [main] o.f.core.internal.command.DbMigrate - Migrating schema "public" to version "75 - add interface change before snapshot"
2026-09-29 23:09:03.654 INFO  [main] o.f.core.internal.command.DbMigrate - Migrating schema "public" to version "76 - add dictionary ledger export"
2026-09-29 23:09:03.657 INFO  [main] o.f.core.internal.command.DbMigrate - Migrating schema "public" to version "77 - add template ledger export"
2026-09-29 23:09:03.661 INFO  [main] o.f.core.internal.command.DbMigrate - Migrating schema "public" to version "78 - add interface service ledger export"
2026-09-29 23:09:03.667 INFO  [main] o.f.core.internal.command.DbMigrate - Migrating schema "public" to version "79 - add cache operation log export"
2026-09-29 23:09:03.671 INFO  [main] o.f.core.internal.command.DbMigrate - Migrating schema "public" to version "80 - add system task ledger export"
2026-09-29 23:09:03.675 INFO  [main] o.f.core.internal.command.DbMigrate - Migrating schema "public" to version "81 - add reward exchange ledger export"
2026-09-29 23:09:03.681 INFO  [main] o.f.core.internal.command.DbMigrate - Migrating schema "public" to version "82 - add exception report ledger export"
2026-09-29 23:09:03.686 INFO  [main] o.f.core.internal.command.DbMigrate - Migrating schema "public" to version "83 - add attachment ledger export"
2026-09-29 23:09:03.689 INFO  [main] o.f.core.internal.command.DbMigrate - Migrating schema "public" to version "84 - add student task report export"
2026-09-29 23:09:03.693 INFO  [main] o.f.core.internal.command.DbMigrate - Migrating schema "public" to version "85 - add organization task statistics export"
2026-09-29 23:09:03.702 INFO  [main] o.f.core.internal.command.DbMigrate - Migrating schema "public" to version "86 - add attendance ledger export"
2026-09-29 23:09:03.706 INFO  [main] o.f.core.internal.command.DbMigrate - Successfully applied 86 migrations to schema "public", now at version v86 (execution time 00:00.333s)
2026-09-29 23:09:05.227 INFO  [main] o.s.b.t.m.w.SpringBootMockServletContext - Initializing Spring TestDispatcherServlet ''
2026-09-29 23:09:05.227 INFO  [main] o.s.t.w.s.TestDispatcherServlet - Initializing Servlet ''
2026-09-29 23:09:05.231 INFO  [main] o.s.t.w.s.TestDispatcherServlet - Completed initialization in 4 ms
2026-09-29 23:09:05.258 INFO  [main] c.l.l.g.w.RewardExchangeControllerTest - Started RewardExchangeControllerTest in 3.474 seconds (process running for 131.652)
2026-09-29 23:09:05.259 WARN  [main] o.s.c.events.SpringDocAppInitializer - SpringDoc /api/v1/openapi endpoint is enabled by default. To disable it in production, set the property 'springdoc.api-docs.enabled=false'
2026-09-29 23:09:06.191 INFO  [main] o.s.t.c.s.AnnotationConfigContextLoaderUtils - Could not detect default configuration classes for test class [com.lingdong.learning.HealthControllerTest]: HealthControllerTest does not declare any static, non-private, non-final, nested classes annotated with @Configuration.
2026-09-29 23:09:06.194 INFO  [main] o.s.b.t.c.SpringBootTestContextBootstrapper - Found @SpringBootConfiguration com.lingdong.learning.LingdongLearningApplication for test class com.lingdong.learning.HealthControllerTest
2026-09-29 23:09:06.224 INFO  [main] o.s.t.c.s.AnnotationConfigContextLoaderUtils - Could not detect default configuration classes for test class [com.lingdong.learning.iam.application.RoleApplicationServiceTest]: RoleApplicationServiceTest does not declare any static, non-private, non-final, nested classes annotated with @Configuration.
2026-09-29 23:09:06.291 INFO  [main] o.s.b.t.c.SpringBootTestContextBootstrapper - Found @SpringBootConfiguration com.lingdong.learning.LingdongLearningApplication for test class com.lingdong.learning.iam.application.RoleApplicationServiceTest
2026-09-29 23:09:06.331 INFO  [main] o.s.t.c.s.AnnotationConfigContextLoaderUtils - Could not detect default configuration classes for test class [com.lingdong.learning.iam.audit.application.IamChangeAuditPersistenceTest]: IamChangeAuditPersistenceTest does not declare any static, non-private, non-final, nested classes annotated with @Configuration.
2026-09-29 23:09:06.390 INFO  [main] o.s.b.t.c.SpringBootTestContextBootstrapper - Found @SpringBootConfiguration com.lingdong.learning.LingdongLearningApplication for test class com.lingdong.learning.iam.audit.application.IamChangeAuditPersistenceTest
2026-09-29 23:09:06.443 INFO  [main] o.s.t.c.s.AnnotationConfigContextLoaderUtils - Could not detect default configuration classes for test class [com.lingdong.learning.iam.web.IamManagementControllerTest]: IamManagementControllerTest does not declare any static, non-private, non-final, nested classes annotated with @Configuration.
2026-09-29 23:09:06.508 INFO  [main] o.s.b.t.c.SpringBootTestContextBootstrapper - Found @SpringBootConfiguration com.lingdong.learning.LingdongLearningApplication for test class com.lingdong.learning.iam.web.IamManagementControllerTest
2026-09-29 23:09:10.488 INFO  [main] o.s.t.c.s.AnnotationConfigContextLoaderUtils - Could not detect default configuration classes for test class [com.lingdong.learning.iam.web.RoleMatrixAccessIntegrationTest]: RoleMatrixAccessIntegrationTest does not declare any static, non-private, non-final, nested classes annotated with @Configuration.
2026-09-29 23:09:10.491 INFO  [main] o.s.b.t.c.SpringBootTestContextBootstrapper - Found @SpringBootConfiguration com.lingdong.learning.LingdongLearningApplication for test class com.lingdong.learning.iam.web.RoleMatrixAccessIntegrationTest
2026-09-29 23:09:13.983 WARN  [main] c.l.l.i.a.ImportJobBatchService - 导入校验作业处理失败，作业标识=1，异常类型=IllegalStateException
2026-09-29 23:09:14.722 INFO  [main] o.s.t.c.s.AnnotationConfigContextLoaderUtils - Could not detect default configuration classes for test class [com.lingdong.learning.importjob.web.ImportJobApiIntegrationTest]: ImportJobApiIntegrationTest does not declare any static, non-private, non-final, nested classes annotated with @Configuration.
2026-09-29 23:09:14.790 INFO  [main] o.s.b.t.c.SpringBootTestContextBootstrapper - Found @SpringBootConfiguration com.lingdong.learning.LingdongLearningApplication for test class com.lingdong.learning.importjob.web.ImportJobApiIntegrationTest
2026-09-29 23:09:14.812 INFO  [main] c.l.l.i.w.ImportJobApiIntegrationTest - Starting ImportJobApiIntegrationTest using Java 17.0.20 with PID 284180 (started by Administrator in E:\apps\lingdong-xuexi-code\lingdong-xuexi-server)
2026-09-29 23:09:14.812 INFO  [main] c.l.l.i.w.ImportJobApiIntegrationTest - The following 1 profile is active: "test"
2026-09-29 23:09:15.484 INFO  [main] o.s.d.r.c.RepositoryConfigurationDelegate - Multiple Spring Data modules found, entering strict repository configuration mode
2026-09-29 23:09:15.484 INFO  [main] o.s.d.r.c.RepositoryConfigurationDelegate - Bootstrapping Spring Data Redis repositories in DEFAULT mode.
2026-09-29 23:09:15.558 INFO  [main] o.s.d.r.c.RepositoryConfigurationDelegate - Finished Spring Data repository scanning in 72 ms. Found 0 Redis repository interfaces.
2026-09-29 23:09:15.753 INFO  [main] com.zaxxer.hikari.HikariDataSource - HikariPool-10 - Starting...
2026-09-29 23:09:15.753 INFO  [main] com.zaxxer.hikari.pool.HikariPool - HikariPool-10 - Added connection conn90: url=jdbc:h2:mem:lingdong_learning user=SA
2026-09-29 23:09:15.754 INFO  [main] com.zaxxer.hikari.HikariDataSource - HikariPool-10 - Start completed.
2026-09-29 23:09:15.755 INFO  [main] org.flywaydb.core.FlywayExecutor - Database: jdbc:h2:mem:lingdong_learning (H2 2.3)
2026-09-29 23:09:15.755 WARN  [main] o.f.c.i.database.base.Database - Flyway upgrade recommended: H2 2.3.232 is newer than this version of Flyway and support has not been tested. The latest supported version of H2 is 2.2.224.
2026-09-29 23:09:15.791 INFO  [main] o.f.core.internal.command.DbValidate - Successfully validated 86 migrations (execution time 00:00.034s)
2026-09-29 23:09:15.794 INFO  [main] o.f.core.internal.command.DbMigrate - Current version of schema "public": 86
2026-09-29 23:09:15.796 INFO  [main] o.f.core.internal.command.DbMigrate - Schema "public" is up to date. No migration necessary.
2026-09-29 23:09:17.375 INFO  [main] o.s.b.t.m.w.SpringBootMockServletContext - Initializing Spring TestDispatcherServlet ''
2026-09-29 23:09:17.375 INFO  [main] o.s.t.w.s.TestDispatcherServlet - Initializing Servlet ''
2026-09-29 23:09:17.376 INFO  [main] o.s.t.w.s.TestDispatcherServlet - Completed initialization in 1 ms
2026-09-29 23:09:17.398 INFO  [main] c.l.l.i.w.ImportJobApiIntegrationTest - Started ImportJobApiIntegrationTest in 2.606 seconds (process running for 143.793)
2026-09-29 23:09:17.399 WARN  [main] o.s.c.events.SpringDocAppInitializer - SpringDoc /api/v1/openapi endpoint is enabled by default. To disable it in production, set the property 'springdoc.api-docs.enabled=false'
2026-09-29 23:09:20.008 INFO  [main] o.s.api.AbstractOpenApiResource - Init duration for springdoc-openapi is: 2314 ms
2026-09-29 23:09:20.456 INFO  [main] o.s.t.c.s.AnnotationConfigContextLoaderUtils - Could not detect default configuration classes for test class [com.lingdong.learning.interfaceconfig.application.InterfaceServiceApplicationServiceTest]: InterfaceServiceApplicationServiceTest does not declare any static, non-private, non-final, nested classes annotated with @Configuration.
2026-09-29 23:09:20.539 INFO  [main] o.s.b.t.c.SpringBootTestContextBootstrapper - Found @SpringBootConfiguration com.lingdong.learning.LingdongLearningApplication for test class com.lingdong.learning.interfaceconfig.application.InterfaceServiceApplicationServiceTest
2026-09-29 23:09:20.788 INFO  [main] o.s.t.c.s.AnnotationConfigContextLoaderUtils - Could not detect default configuration classes for test class [com.lingdong.learning.interfaceconfig.web.InterfaceServiceManagementControllerTest]: InterfaceServiceManagementControllerTest does not declare any static, non-private, non-final, nested classes annotated with @Configuration.
2026-09-29 23:09:20.877 INFO  [main] o.s.b.t.c.SpringBootTestContextBootstrapper - Found @SpringBootConfiguration com.lingdong.learning.LingdongLearningApplication for test class com.lingdong.learning.interfaceconfig.web.InterfaceServiceManagementControllerTest
2026-09-29 23:09:22.728 INFO  [main] o.s.t.c.s.AnnotationConfigContextLoaderUtils - Could not detect default configuration classes for test class [com.lingdong.learning.learningtask.application.LearningTaskAuditorBoundaryTest]: LearningTaskAuditorBoundaryTest does not declare any static, non-private, non-final, nested classes annotated with @Configuration.
2026-09-29 23:09:22.820 INFO  [main] o.s.b.t.c.SpringBootTestContextBootstrapper - Found @SpringBootConfiguration com.lingdong.learning.LingdongLearningApplication for test class com.lingdong.learning.learningtask.application.LearningTaskAuditorBoundaryTest
2026-09-29 23:09:23.004 WARN  [main] c.l.l.l.a.LearningTaskBatchPublishService - 批量发布中的任务发布失败，taskId=12
com.lingdong.learning.common.web.ResourceNotFoundException: 机密任务属于其他家长
	at com.lingdong.learning.learningtask.application.LearningTaskPublishTransactionService.publish(LearningTaskPublishTransactionService.java:19)
	at com.lingdong.learning.learningtask.application.LearningTaskBatchPublishService.publish(LearningTaskBatchPublishService.java:42)
	at com.lingdong.learning.learningtask.application.LearningTaskBatchPublishServiceTest.continuesAfterFailureAndReturnsNeutralFailureReason(LearningTaskBatchPublishServiceTest.java:50)
	at java.base/jdk.internal.reflect.NativeMethodAccessorImpl.invoke0(Native Method)
	at java.base/jdk.internal.reflect.NativeMethodAccessorImpl.invoke(NativeMethodAccessorImpl.java:77)
	at java.base/jdk.internal.reflect.DelegatingMethodAccessorImpl.invoke(DelegatingMethodAccessorImpl.java:43)
	at java.base/java.lang.reflect.Method.invoke(Method.java:569)
	at org.junit.platform.commons.util.ReflectionUtils.invokeMethod(ReflectionUtils.java:767)
	at org.junit.jupiter.engine.execution.MethodInvocation.proceed(MethodInvocation.java:60)
	at org.junit.jupiter.engine.execution.InvocationInterceptorChain$ValidatingInvocation.proceed(InvocationInterceptorChain.java:131)
	at org.junit.jupiter.engine.extension.TimeoutExtension.intercept(TimeoutExtension.java:156)
	at org.junit.jupiter.engine.extension.TimeoutExtension.interceptTestableMethod(TimeoutExtension.java:147)
	at org.junit.jupiter.engine.extension.TimeoutExtension.interceptTestMethod(TimeoutExtension.java:86)
	at org.junit.jupiter.engine.execution.InterceptingExecutableInvoker$ReflectiveInterceptorCall.lambda$ofVoidMethod$0(InterceptingExecutableInvoker.java:103)
	at org.junit.jupiter.engine.execution.InterceptingExecutableInvoker.lambda$invoke$0(InterceptingExecutableInvoker.java:93)
	at org.junit.jupiter.engine.execution.InvocationInterceptorChain$InterceptedInvocation.proceed(InvocationInterceptorChain.java:106)
	at org.junit.jupiter.engine.execution.InvocationInterceptorChain.proceed(InvocationInterceptorChain.java:64)
	at org.junit.jupiter.engine.execution.InvocationInterceptorChain.chainAndInvoke(InvocationInterceptorChain.java:45)
	at org.junit.jupiter.engine.execution.InvocationInterceptorChain.invoke(InvocationInterceptorChain.java:37)
	at org.junit.jupiter.engine.execution.InterceptingExecutableInvoker.invoke(InterceptingExecutableInvoker.java:92)
	at org.junit.jupiter.engine.execution.InterceptingExecutableInvoker.invoke(InterceptingExecutableInvoker.java:86)
	at org.junit.jupiter.engine.descriptor.TestMethodTestDescriptor.lambda$invokeTestMethod$8(TestMethodTestDescriptor.java:217)
	at org.junit.platform.engine.support.hierarchical.ThrowableCollector.execute(ThrowableCollector.java:73)
	at org.junit.jupiter.engine.descriptor.TestMethodTestDescriptor.invokeTestMethod(TestMethodTestDescriptor.java:213)
	at org.junit.jupiter.engine.descriptor.TestMethodTestDescriptor.execute(TestMethodTestDescriptor.java:138)
	at org.junit.jupiter.engine.descriptor.TestMethodTestDescriptor.execute(TestMethodTestDescriptor.java:68)
	at org.junit.platform.engine.support.hierarchical.NodeTestTask.lambda$executeRecursively$6(NodeTestTask.java:156)
	at org.junit.platform.engine.support.hierarchical.ThrowableCollector.execute(ThrowableCollector.java:73)
	at org.junit.platform.engine.support.hierarchical.NodeTestTask.lambda$executeRecursively$8(NodeTestTask.java:146)
	at org.junit.platform.engine.support.hierarchical.Node.around(Node.java:137)
	at org.junit.platform.engine.support.hierarchical.NodeTestTask.lambda$executeRecursively$9(NodeTestTask.java:144)
	at org.junit.platform.engine.support.hierarchical.ThrowableCollector.execute(ThrowableCollector.java:73)
	at org.junit.platform.engine.support.hierarchical.NodeTestTask.executeRecursively(NodeTestTask.java:143)
	at org.junit.platform.engine.support.hierarchical.NodeTestTask.execute(NodeTestTask.java:100)
	at java.base/java.util.ArrayList.forEach(ArrayList.java:1511)
	at org.junit.platform.engine.support.hierarchical.SameThreadHierarchicalTestExecutorService.invokeAll(SameThreadHierarchicalTestExecutorService.java:41)
	at org.junit.platform.engine.support.hierarchical.NodeTestTask.lambda$executeRecursively$6(NodeTestTask.java:160)
	at org.junit.platform.engine.support.hierarchical.ThrowableCollector.execute(ThrowableCollector.java:73)
	at org.junit.platform.engine.support.hierarchical.NodeTestTask.lambda$executeRecursively$8(NodeTestTask.java:146)
	at org.junit.platform.engine.support.hierarchical.Node.around(Node.java:137)
	at org.junit.platform.engine.support.hierarchical.NodeTestTask.lambda$executeRecursively$9(NodeTestTask.java:144)
	at org.junit.platform.engine.support.hierarchical.ThrowableCollector.execute(ThrowableCollector.java:73)
	at org.junit.platform.engine.support.hierarchical.NodeTestTask.executeRecursively(NodeTestTask.java:143)
	at org.junit.platform.engine.support.hierarchical.NodeTestTask.execute(NodeTestTask.java:100)
	at java.base/java.util.ArrayList.forEach(ArrayList.java:1511)
	at org.junit.platform.engine.support.hierarchical.SameThreadHierarchicalTestExecutorService.invokeAll(SameThreadHierarchicalTestExecutorService.java:41)
	at org.junit.platform.engine.support.hierarchical.NodeTestTask.lambda$executeRecursively$6(NodeTestTask.java:160)
	at org.junit.platform.engine.support.hierarchical.ThrowableCollector.execute(ThrowableCollector.java:73)
	at org.junit.platform.engine.support.hierarchical.NodeTestTask.lambda$executeRecursively$8(NodeTestTask.java:146)
	at org.junit.platform.engine.support.hierarchical.Node.around(Node.java:137)
	at org.junit.platform.engine.support.hierarchical.NodeTestTask.lambda$executeRecursively$9(NodeTestTask.java:144)
	at org.junit.platform.engine.support.hierarchical.ThrowableCollector.execute(ThrowableCollector.java:73)
	at org.junit.platform.engine.support.hierarchical.NodeTestTask.executeRecursively(NodeTestTask.java:143)
	at org.junit.platform.engine.support.hierarchical.NodeTestTask.execute(NodeTestTask.java:100)
	at org.junit.platform.engine.support.hierarchical.SameThreadHierarchicalTestExecutorService.submit(SameThreadHierarchicalTestExecutorService.java:35)
	at org.junit.platform.engine.support.hierarchical.HierarchicalTestExecutor.execute(HierarchicalTestExecutor.java:57)
	at org.junit.platform.engine.support.hierarchical.HierarchicalTestEngine.execute(HierarchicalTestEngine.java:54)
	at org.junit.platform.launcher.core.EngineExecutionOrchestrator.execute(EngineExecutionOrchestrator.java:198)
	at org.junit.platform.launcher.core.EngineExecutionOrchestrator.execute(EngineExecutionOrchestrator.java:169)
	at org.junit.platform.launcher.core.EngineExecutionOrchestrator.execute(EngineExecutionOrchestrator.java:93)
	at org.junit.platform.launcher.core.EngineExecutionOrchestrator.lambda$execute$0(EngineExecutionOrchestrator.java:58)
	at org.junit.platform.launcher.core.EngineExecutionOrchestrator.withInterceptedStreams(EngineExecutionOrchestrator.java:141)
	at org.junit.platform.launcher.core.EngineExecutionOrchestrator.execute(EngineExecutionOrchestrator.java:57)
	at org.junit.platform.launcher.core.DefaultLauncher.execute(DefaultLauncher.java:103)
	at org.junit.platform.launcher.core.DefaultLauncher.execute(DefaultLauncher.java:85)
	at org.junit.platform.launcher.core.DelegatingLauncher.execute(DelegatingLauncher.java:47)
	at org.apache.maven.surefire.junitplatform.LazyLauncher.execute(LazyLauncher.java:56)
	at org.apache.maven.surefire.junitplatform.JUnitPlatformProvider.execute(JUnitPlatformProvider.java:194)
	at org.apache.maven.surefire.junitplatform.JUnitPlatformProvider.invokeAllTests(JUnitPlatformProvider.java:150)
	at org.apache.maven.surefire.junitplatform.JUnitPlatformProvider.invoke(JUnitPlatformProvider.java:124)
	at java.base/jdk.internal.reflect.NativeMethodAccessorImpl.invoke0(Native Method)
	at java.base/jdk.internal.reflect.NativeMethodAccessorImpl.invoke(NativeMethodAccessorImpl.java:77)
	at java.base/jdk.internal.reflect.DelegatingMethodAccessorImpl.invoke(DelegatingMethodAccessorImpl.java:43)
	at java.base/java.lang.reflect.Method.invoke(Method.java:569)
	at org.apache.maven.surefire.api.util.ReflectionUtils.invokeMethodWithArray2(ReflectionUtils.java:137)
	at org.apache.maven.surefire.booter.ProviderFactory$ProviderProxy.invoke(ProviderFactory.java:148)
	at org.apache.maven.surefire.booter.ProviderFactory.invokeProvider(ProviderFactory.java:88)
	at org.apache.maven.plugin.surefire.InPluginVMSurefireStarter.runSuitesInProcess(InPluginVMSurefireStarter.java:91)
	at org.apache.maven.plugin.surefire.AbstractSurefireMojo.executeProvider(AbstractSurefireMojo.java:1308)
	at org.apache.maven.plugin.surefire.AbstractSurefireMojo.executeAfterPreconditionsChecked(AbstractSurefireMojo.java:1135)
	at org.apache.maven.plugin.surefire.AbstractSurefireMojo.execute(AbstractSurefireMojo.java:969)
	at org.apache.maven.plugin.DefaultBuildPluginManager.executeMojo(DefaultBuildPluginManager.java:126)
	at org.apache.maven.lifecycle.internal.MojoExecutor.doExecute2(MojoExecutor.java:328)
	at org.apache.maven.lifecycle.internal.MojoExecutor.doExecute(MojoExecutor.java:316)
	at org.apache.maven.lifecycle.internal.MojoExecutor.execute(MojoExecutor.java:212)
	at org.apache.maven.lifecycle.internal.MojoExecutor.execute(MojoExecutor.java:174)
	at org.apache.maven.lifecycle.internal.MojoExecutor.access$000(MojoExecutor.java:75)
	at org.apache.maven.lifecycle.internal.MojoExecutor$1.run(MojoExecutor.java:162)
	at org.apache.maven.plugin.DefaultMojosExecutionStrategy.execute(DefaultMojosExecutionStrategy.java:39)
	at org.apache.maven.lifecycle.internal.MojoExecutor.execute(MojoExecutor.java:159)
	at org.apache.maven.lifecycle.internal.LifecycleModuleBuilder.buildProject(LifecycleModuleBuilder.java:105)
	at org.apache.maven.lifecycle.internal.LifecycleModuleBuilder.buildProject(LifecycleModuleBuilder.java:73)
	at org.apache.maven.lifecycle.internal.builder.singlethreaded.SingleThreadedBuilder.build(SingleThreadedBuilder.java:53)
	at org.apache.maven.lifecycle.internal.LifecycleStarter.execute(LifecycleStarter.java:118)
	at org.apache.maven.DefaultMaven.doExecute(DefaultMaven.java:261)
	at org.apache.maven.DefaultMaven.doExecute(DefaultMaven.java:173)
	at org.apache.maven.DefaultMaven.execute(DefaultMaven.java:101)
	at org.apache.maven.cli.MavenCli.execute(MavenCli.java:919)
	at org.apache.maven.cli.MavenCli.doMain(MavenCli.java:285)
	at org.apache.maven.cli.MavenCli.main(MavenCli.java:207)
	at java.base/jdk.internal.reflect.NativeMethodAccessorImpl.invoke0(Native Method)
	at java.base/jdk.internal.reflect.NativeMethodAccessorImpl.invoke(NativeMethodAccessorImpl.java:77)
	at java.base/jdk.internal.reflect.DelegatingMethodAccessorImpl.invoke(DelegatingMethodAccessorImpl.java:43)
	at java.base/java.lang.reflect.Method.invoke(Method.java:569)
	at org.codehaus.plexus.classworlds.launcher.Launcher.launchEnhanced(Launcher.java:255)
	at org.codehaus.plexus.classworlds.launcher.Launcher.launch(Launcher.java:201)
	at org.codehaus.plexus.classworlds.launcher.Launcher.mainWithExitCode(Launcher.java:361)
	at org.codehaus.plexus.classworlds.launcher.Launcher.main(Launcher.java:314)
2026-09-29 23:09:23.544 INFO  [main] o.s.t.c.s.AnnotationConfigContextLoaderUtils - Could not detect default configuration classes for test class [com.lingdong.learning.learningtask.application.LearningTaskTemplatePersistenceTest]: LearningTaskTemplatePersistenceTest does not declare any static, non-private, non-final, nested classes annotated with @Configuration.
2026-09-29 23:09:23.548 INFO  [main] o.s.b.t.c.SpringBootTestContextBootstrapper - Found @SpringBootConfiguration com.lingdong.learning.LingdongLearningApplication for test class com.lingdong.learning.learningtask.application.LearningTaskTemplatePersistenceTest
2026-09-29 23:09:24.159 INFO  [main] o.s.t.c.s.AnnotationConfigContextLoaderUtils - Could not detect default configuration classes for test class [com.lingdong.learning.learningtask.application.PreviousDayTaskCopyPersistenceTest]: PreviousDayTaskCopyPersistenceTest does not declare any static, non-private, non-final, nested classes annotated with @Configuration.
2026-09-29 23:09:24.161 INFO  [main] o.s.b.t.c.SpringBootTestContextBootstrapper - Found @SpringBootConfiguration com.lingdong.learning.LingdongLearningApplication for test class com.lingdong.learning.learningtask.application.PreviousDayTaskCopyPersistenceTest
2026-09-29 23:09:24.202 INFO  [main] com.zaxxer.hikari.HikariDataSource - HikariPool-1 - Shutdown initiated...
2026-09-29 23:09:24.204 INFO  [main] com.zaxxer.hikari.HikariDataSource - HikariPool-1 - Shutdown completed.
2026-09-29 23:09:24.667 WARN  [main] c.l.l.l.a.RecurringTaskGenerationBatchService - 固定任务计划生成失败，已隔离并继续。recurrenceId=11
java.lang.IllegalStateException: 模拟计划失败
	at com.lingdong.learning.learningtask.application.RecurringTaskGenerationTransactionService.generate(RecurringTaskGenerationTransactionService.java:20)
	at com.lingdong.learning.learningtask.application.RecurringTaskGenerationBatchService.processDuePlans(RecurringTaskGenerationBatchService.java:58)
	at com.lingdong.learning.learningtask.application.RecurringTaskGenerationBatchServiceTest.continuesAfterOnePlanFailsAndAdvancesTheKeysetCursor(RecurringTaskGenerationBatchServiceTest.java:39)
	at java.base/jdk.internal.reflect.NativeMethodAccessorImpl.invoke0(Native Method)
	at java.base/jdk.internal.reflect.NativeMethodAccessorImpl.invoke(NativeMethodAccessorImpl.java:77)
	at java.base/jdk.internal.reflect.DelegatingMethodAccessorImpl.invoke(DelegatingMethodAccessorImpl.java:43)
	at java.base/java.lang.reflect.Method.invoke(Method.java:569)
	at org.junit.platform.commons.util.ReflectionUtils.invokeMethod(ReflectionUtils.java:767)
	at org.junit.jupiter.engine.execution.MethodInvocation.proceed(MethodInvocation.java:60)
	at org.junit.jupiter.engine.execution.InvocationInterceptorChain$ValidatingInvocation.proceed(InvocationInterceptorChain.java:131)
	at org.junit.jupiter.engine.extension.TimeoutExtension.intercept(TimeoutExtension.java:156)
	at org.junit.jupiter.engine.extension.TimeoutExtension.interceptTestableMethod(TimeoutExtension.java:147)
	at org.junit.jupiter.engine.extension.TimeoutExtension.interceptTestMethod(TimeoutExtension.java:86)
	at org.junit.jupiter.engine.execution.InterceptingExecutableInvoker$ReflectiveInterceptorCall.lambda$ofVoidMethod$0(InterceptingExecutableInvoker.java:103)
	at org.junit.jupiter.engine.execution.InterceptingExecutableInvoker.lambda$invoke$0(InterceptingExecutableInvoker.java:93)
	at org.junit.jupiter.engine.execution.InvocationInterceptorChain$InterceptedInvocation.proceed(InvocationInterceptorChain.java:106)
	at org.junit.jupiter.engine.execution.InvocationInterceptorChain.proceed(InvocationInterceptorChain.java:64)
	at org.junit.jupiter.engine.execution.InvocationInterceptorChain.chainAndInvoke(InvocationInterceptorChain.java:45)
	at org.junit.jupiter.engine.execution.InvocationInterceptorChain.invoke(InvocationInterceptorChain.java:37)
	at org.junit.jupiter.engine.execution.InterceptingExecutableInvoker.invoke(InterceptingExecutableInvoker.java:92)
	at org.junit.jupiter.engine.execution.InterceptingExecutableInvoker.invoke(InterceptingExecutableInvoker.java:86)
	at org.junit.jupiter.engine.descriptor.TestMethodTestDescriptor.lambda$invokeTestMethod$8(TestMethodTestDescriptor.java:217)
	at org.junit.platform.engine.support.hierarchical.ThrowableCollector.execute(ThrowableCollector.java:73)
	at org.junit.jupiter.engine.descriptor.TestMethodTestDescriptor.invokeTestMethod(TestMethodTestDescriptor.java:213)
	at org.junit.jupiter.engine.descriptor.TestMethodTestDescriptor.execute(TestMethodTestDescriptor.java:138)
	at org.junit.jupiter.engine.descriptor.TestMethodTestDescriptor.execute(TestMethodTestDescriptor.java:68)
	at org.junit.platform.engine.support.hierarchical.NodeTestTask.lambda$executeRecursively$6(NodeTestTask.java:156)
	at org.junit.platform.engine.support.hierarchical.ThrowableCollector.execute(ThrowableCollector.java:73)
	at org.junit.platform.engine.support.hierarchical.NodeTestTask.lambda$executeRecursively$8(NodeTestTask.java:146)
	at org.junit.platform.engine.support.hierarchical.Node.around(Node.java:137)
	at org.junit.platform.engine.support.hierarchical.NodeTestTask.lambda$executeRecursively$9(NodeTestTask.java:144)
	at org.junit.platform.engine.support.hierarchical.ThrowableCollector.execute(ThrowableCollector.java:73)
	at org.junit.platform.engine.support.hierarchical.NodeTestTask.executeRecursively(NodeTestTask.java:143)
	at org.junit.platform.engine.support.hierarchical.NodeTestTask.execute(NodeTestTask.java:100)
	at java.base/java.util.ArrayList.forEach(ArrayList.java:1511)
	at org.junit.platform.engine.support.hierarchical.SameThreadHierarchicalTestExecutorService.invokeAll(SameThreadHierarchicalTestExecutorService.java:41)
	at org.junit.platform.engine.support.hierarchical.NodeTestTask.lambda$executeRecursively$6(NodeTestTask.java:160)
	at org.junit.platform.engine.support.hierarchical.ThrowableCollector.execute(ThrowableCollector.java:73)
	at org.junit.platform.engine.support.hierarchical.NodeTestTask.lambda$executeRecursively$8(NodeTestTask.java:146)
	at org.junit.platform.engine.support.hierarchical.Node.around(Node.java:137)
	at org.junit.platform.engine.support.hierarchical.NodeTestTask.lambda$executeRecursively$9(NodeTestTask.java:144)
	at org.junit.platform.engine.support.hierarchical.ThrowableCollector.execute(ThrowableCollector.java:73)
	at org.junit.platform.engine.support.hierarchical.NodeTestTask.executeRecursively(NodeTestTask.java:143)
	at org.junit.platform.engine.support.hierarchical.NodeTestTask.execute(NodeTestTask.java:100)
	at java.base/java.util.ArrayList.forEach(ArrayList.java:1511)
	at org.junit.platform.engine.support.hierarchical.SameThreadHierarchicalTestExecutorService.invokeAll(SameThreadHierarchicalTestExecutorService.java:41)
	at org.junit.platform.engine.support.hierarchical.NodeTestTask.lambda$executeRecursively$6(NodeTestTask.java:160)
	at org.junit.platform.engine.support.hierarchical.ThrowableCollector.execute(ThrowableCollector.java:73)
	at org.junit.platform.engine.support.hierarchical.NodeTestTask.lambda$executeRecursively$8(NodeTestTask.java:146)
	at org.junit.platform.engine.support.hierarchical.Node.around(Node.java:137)
	at org.junit.platform.engine.support.hierarchical.NodeTestTask.lambda$executeRecursively$9(NodeTestTask.java:144)
	at org.junit.platform.engine.support.hierarchical.ThrowableCollector.execute(ThrowableCollector.java:73)
	at org.junit.platform.engine.support.hierarchical.NodeTestTask.executeRecursively(NodeTestTask.java:143)
	at org.junit.platform.engine.support.hierarchical.NodeTestTask.execute(NodeTestTask.java:100)
	at org.junit.platform.engine.support.hierarchical.SameThreadHierarchicalTestExecutorService.submit(SameThreadHierarchicalTestExecutorService.java:35)
	at org.junit.platform.engine.support.hierarchical.HierarchicalTestExecutor.execute(HierarchicalTestExecutor.java:57)
	at org.junit.platform.engine.support.hierarchical.HierarchicalTestEngine.execute(HierarchicalTestEngine.java:54)
	at org.junit.platform.launcher.core.EngineExecutionOrchestrator.execute(EngineExecutionOrchestrator.java:198)
	at org.junit.platform.launcher.core.EngineExecutionOrchestrator.execute(EngineExecutionOrchestrator.java:169)
	at org.junit.platform.launcher.core.EngineExecutionOrchestrator.execute(EngineExecutionOrchestrator.java:93)
	at org.junit.platform.launcher.core.EngineExecutionOrchestrator.lambda$execute$0(EngineExecutionOrchestrator.java:58)
	at org.junit.platform.launcher.core.EngineExecutionOrchestrator.withInterceptedStreams(EngineExecutionOrchestrator.java:141)
	at org.junit.platform.launcher.core.EngineExecutionOrchestrator.execute(EngineExecutionOrchestrator.java:57)
	at org.junit.platform.launcher.core.DefaultLauncher.execute(DefaultLauncher.java:103)
	at org.junit.platform.launcher.core.DefaultLauncher.execute(DefaultLauncher.java:85)
	at org.junit.platform.launcher.core.DelegatingLauncher.execute(DelegatingLauncher.java:47)
	at org.apache.maven.surefire.junitplatform.LazyLauncher.execute(LazyLauncher.java:56)
	at org.apache.maven.surefire.junitplatform.JUnitPlatformProvider.execute(JUnitPlatformProvider.java:194)
	at org.apache.maven.surefire.junitplatform.JUnitPlatformProvider.invokeAllTests(JUnitPlatformProvider.java:150)
	at org.apache.maven.surefire.junitplatform.JUnitPlatformProvider.invoke(JUnitPlatformProvider.java:124)
	at java.base/jdk.internal.reflect.NativeMethodAccessorImpl.invoke0(Native Method)
	at java.base/jdk.internal.reflect.NativeMethodAccessorImpl.invoke(NativeMethodAccessorImpl.java:77)
	at java.base/jdk.internal.reflect.DelegatingMethodAccessorImpl.invoke(DelegatingMethodAccessorImpl.java:43)
	at java.base/java.lang.reflect.Method.invoke(Method.java:569)
	at org.apache.maven.surefire.api.util.ReflectionUtils.invokeMethodWithArray2(ReflectionUtils.java:137)
	at org.apache.maven.surefire.booter.ProviderFactory$ProviderProxy.invoke(ProviderFactory.java:148)
	at org.apache.maven.surefire.booter.ProviderFactory.invokeProvider(ProviderFactory.java:88)
	at org.apache.maven.plugin.surefire.InPluginVMSurefireStarter.runSuitesInProcess(InPluginVMSurefireStarter.java:91)
	at org.apache.maven.plugin.surefire.AbstractSurefireMojo.executeProvider(AbstractSurefireMojo.java:1308)
	at org.apache.maven.plugin.surefire.AbstractSurefireMojo.executeAfterPreconditionsChecked(AbstractSurefireMojo.java:1135)
	at org.apache.maven.plugin.surefire.AbstractSurefireMojo.execute(AbstractSurefireMojo.java:969)
	at org.apache.maven.plugin.DefaultBuildPluginManager.executeMojo(DefaultBuildPluginManager.java:126)
	at org.apache.maven.lifecycle.internal.MojoExecutor.doExecute2(MojoExecutor.java:328)
	at org.apache.maven.lifecycle.internal.MojoExecutor.doExecute(MojoExecutor.java:316)
	at org.apache.maven.lifecycle.internal.MojoExecutor.execute(MojoExecutor.java:212)
	at org.apache.maven.lifecycle.internal.MojoExecutor.execute(MojoExecutor.java:174)
	at org.apache.maven.lifecycle.internal.MojoExecutor.access$000(MojoExecutor.java:75)
	at org.apache.maven.lifecycle.internal.MojoExecutor$1.run(MojoExecutor.java:162)
	at org.apache.maven.plugin.DefaultMojosExecutionStrategy.execute(DefaultMojosExecutionStrategy.java:39)
	at org.apache.maven.lifecycle.internal.MojoExecutor.execute(MojoExecutor.java:159)
	at org.apache.maven.lifecycle.internal.LifecycleModuleBuilder.buildProject(LifecycleModuleBuilder.java:105)
	at org.apache.maven.lifecycle.internal.LifecycleModuleBuilder.buildProject(LifecycleModuleBuilder.java:73)
	at org.apache.maven.lifecycle.internal.builder.singlethreaded.SingleThreadedBuilder.build(SingleThreadedBuilder.java:53)
	at org.apache.maven.lifecycle.internal.LifecycleStarter.execute(LifecycleStarter.java:118)
	at org.apache.maven.DefaultMaven.doExecute(DefaultMaven.java:261)
	at org.apache.maven.DefaultMaven.doExecute(DefaultMaven.java:173)
	at org.apache.maven.DefaultMaven.execute(DefaultMaven.java:101)
	at org.apache.maven.cli.MavenCli.execute(MavenCli.java:919)
	at org.apache.maven.cli.MavenCli.doMain(MavenCli.java:285)
	at org.apache.maven.cli.MavenCli.main(MavenCli.java:207)
	at java.base/jdk.internal.reflect.NativeMethodAccessorImpl.invoke0(Native Method)
	at java.base/jdk.internal.reflect.NativeMethodAccessorImpl.invoke(NativeMethodAccessorImpl.java:77)
	at java.base/jdk.internal.reflect.DelegatingMethodAccessorImpl.invoke(DelegatingMethodAccessorImpl.java:43)
	at java.base/java.lang.reflect.Method.invoke(Method.java:569)
	at org.codehaus.plexus.classworlds.launcher.Launcher.launchEnhanced(Launcher.java:255)
	at org.codehaus.plexus.classworlds.launcher.Launcher.launch(Launcher.java:201)
	at org.codehaus.plexus.classworlds.launcher.Launcher.mainWithExitCode(Launcher.java:361)
	at org.codehaus.plexus.classworlds.launcher.Launcher.main(Launcher.java:314)
2026-09-29 23:09:25.143 WARN  [main] c.l.l.l.a.TaskAutoDeferBatchService - 任务自动顺延失败，已隔离并继续。assignmentId=11
java.lang.IllegalStateException: 模拟单条失败
	at com.lingdong.learning.learningtask.application.TaskDeferTransactionService.deferAutomatically(TaskDeferTransactionService.java:20)
	at com.lingdong.learning.learningtask.application.TaskAutoDeferBatchService.processYesterdayAssignments(TaskAutoDeferBatchService.java:59)
	at com.lingdong.learning.learningtask.application.TaskAutoDeferBatchServiceTest.processesYesterdayCandidatesWithIndependentFailureIsolation(TaskAutoDeferBatchServiceTest.java:43)
	at java.base/jdk.internal.reflect.NativeMethodAccessorImpl.invoke0(Native Method)
	at java.base/jdk.internal.reflect.NativeMethodAccessorImpl.invoke(NativeMethodAccessorImpl.java:77)
	at java.base/jdk.internal.reflect.DelegatingMethodAccessorImpl.invoke(DelegatingMethodAccessorImpl.java:43)
	at java.base/java.lang.reflect.Method.invoke(Method.java:569)
	at org.junit.platform.commons.util.ReflectionUtils.invokeMethod(ReflectionUtils.java:767)
	at org.junit.jupiter.engine.execution.MethodInvocation.proceed(MethodInvocation.java:60)
	at org.junit.jupiter.engine.execution.InvocationInterceptorChain$ValidatingInvocation.proceed(InvocationInterceptorChain.java:131)
	at org.junit.jupiter.engine.extension.TimeoutExtension.intercept(TimeoutExtension.java:156)
	at org.junit.jupiter.engine.extension.TimeoutExtension.interceptTestableMethod(TimeoutExtension.java:147)
	at org.junit.jupiter.engine.extension.TimeoutExtension.interceptTestMethod(TimeoutExtension.java:86)
	at org.junit.jupiter.engine.execution.InterceptingExecutableInvoker$ReflectiveInterceptorCall.lambda$ofVoidMethod$0(InterceptingExecutableInvoker.java:103)
	at org.junit.jupiter.engine.execution.InterceptingExecutableInvoker.lambda$invoke$0(InterceptingExecutableInvoker.java:93)
	at org.junit.jupiter.engine.execution.InvocationInterceptorChain$InterceptedInvocation.proceed(InvocationInterceptorChain.java:106)
	at org.junit.jupiter.engine.execution.InvocationInterceptorChain.proceed(InvocationInterceptorChain.java:64)
	at org.junit.jupiter.engine.execution.InvocationInterceptorChain.chainAndInvoke(InvocationInterceptorChain.java:45)
	at org.junit.jupiter.engine.execution.InvocationInterceptorChain.invoke(InvocationInterceptorChain.java:37)
	at org.junit.jupiter.engine.execution.InterceptingExecutableInvoker.invoke(InterceptingExecutableInvoker.java:92)
	at org.junit.jupiter.engine.execution.InterceptingExecutableInvoker.invoke(InterceptingExecutableInvoker.java:86)
	at org.junit.jupiter.engine.descriptor.TestMethodTestDescriptor.lambda$invokeTestMethod$8(TestMethodTestDescriptor.java:217)
	at org.junit.platform.engine.support.hierarchical.ThrowableCollector.execute(ThrowableCollector.java:73)
	at org.junit.jupiter.engine.descriptor.TestMethodTestDescriptor.invokeTestMethod(TestMethodTestDescriptor.java:213)
	at org.junit.jupiter.engine.descriptor.TestMethodTestDescriptor.execute(TestMethodTestDescriptor.java:138)
	at org.junit.jupiter.engine.descriptor.TestMethodTestDescriptor.execute(TestMethodTestDescriptor.java:68)
	at org.junit.platform.engine.support.hierarchical.NodeTestTask.lambda$executeRecursively$6(NodeTestTask.java:156)
	at org.junit.platform.engine.support.hierarchical.ThrowableCollector.execute(ThrowableCollector.java:73)
	at org.junit.platform.engine.support.hierarchical.NodeTestTask.lambda$executeRecursively$8(NodeTestTask.java:146)
	at org.junit.platform.engine.support.hierarchical.Node.around(Node.java:137)
	at org.junit.platform.engine.support.hierarchical.NodeTestTask.lambda$executeRecursively$9(NodeTestTask.java:144)
	at org.junit.platform.engine.support.hierarchical.ThrowableCollector.execute(ThrowableCollector.java:73)
	at org.junit.platform.engine.support.hierarchical.NodeTestTask.executeRecursively(NodeTestTask.java:143)
	at org.junit.platform.engine.support.hierarchical.NodeTestTask.execute(NodeTestTask.java:100)
	at java.base/java.util.ArrayList.forEach(ArrayList.java:1511)
	at org.junit.platform.engine.support.hierarchical.SameThreadHierarchicalTestExecutorService.invokeAll(SameThreadHierarchicalTestExecutorService.java:41)
	at org.junit.platform.engine.support.hierarchical.NodeTestTask.lambda$executeRecursively$6(NodeTestTask.java:160)
	at org.junit.platform.engine.support.hierarchical.ThrowableCollector.execute(ThrowableCollector.java:73)
	at org.junit.platform.engine.support.hierarchical.NodeTestTask.lambda$executeRecursively$8(NodeTestTask.java:146)
	at org.junit.platform.engine.support.hierarchical.Node.around(Node.java:137)
	at org.junit.platform.engine.support.hierarchical.NodeTestTask.lambda$executeRecursively$9(NodeTestTask.java:144)
	at org.junit.platform.engine.support.hierarchical.ThrowableCollector.execute(ThrowableCollector.java:73)
	at org.junit.platform.engine.support.hierarchical.NodeTestTask.executeRecursively(NodeTestTask.java:143)
	at org.junit.platform.engine.support.hierarchical.NodeTestTask.execute(NodeTestTask.java:100)
	at java.base/java.util.ArrayList.forEach(ArrayList.java:1511)
	at org.junit.platform.engine.support.hierarchical.SameThreadHierarchicalTestExecutorService.invokeAll(SameThreadHierarchicalTestExecutorService.java:41)
	at org.junit.platform.engine.support.hierarchical.NodeTestTask.lambda$executeRecursively$6(NodeTestTask.java:160)
	at org.junit.platform.engine.support.hierarchical.ThrowableCollector.execute(ThrowableCollector.java:73)
	at org.junit.platform.engine.support.hierarchical.NodeTestTask.lambda$executeRecursively$8(NodeTestTask.java:146)
	at org.junit.platform.engine.support.hierarchical.Node.around(Node.java:137)
	at org.junit.platform.engine.support.hierarchical.NodeTestTask.lambda$executeRecursively$9(NodeTestTask.java:144)
	at org.junit.platform.engine.support.hierarchical.ThrowableCollector.execute(ThrowableCollector.java:73)
	at org.junit.platform.engine.support.hierarchical.NodeTestTask.executeRecursively(NodeTestTask.java:143)
	at org.junit.platform.engine.support.hierarchical.NodeTestTask.execute(NodeTestTask.java:100)
	at org.junit.platform.engine.support.hierarchical.SameThreadHierarchicalTestExecutorService.submit(SameThreadHierarchicalTestExecutorService.java:35)
	at org.junit.platform.engine.support.hierarchical.HierarchicalTestExecutor.execute(HierarchicalTestExecutor.java:57)
	at org.junit.platform.engine.support.hierarchical.HierarchicalTestEngine.execute(HierarchicalTestEngine.java:54)
	at org.junit.platform.launcher.core.EngineExecutionOrchestrator.execute(EngineExecutionOrchestrator.java:198)
	at org.junit.platform.launcher.core.EngineExecutionOrchestrator.execute(EngineExecutionOrchestrator.java:169)
	at org.junit.platform.launcher.core.EngineExecutionOrchestrator.execute(EngineExecutionOrchestrator.java:93)
	at org.junit.platform.launcher.core.EngineExecutionOrchestrator.lambda$execute$0(EngineExecutionOrchestrator.java:58)
	at org.junit.platform.launcher.core.EngineExecutionOrchestrator.withInterceptedStreams(EngineExecutionOrchestrator.java:141)
	at org.junit.platform.launcher.core.EngineExecutionOrchestrator.execute(EngineExecutionOrchestrator.java:57)
	at org.junit.platform.launcher.core.DefaultLauncher.execute(DefaultLauncher.java:103)
	at org.junit.platform.launcher.core.DefaultLauncher.execute(DefaultLauncher.java:85)
	at org.junit.platform.launcher.core.DelegatingLauncher.execute(DelegatingLauncher.java:47)
	at org.apache.maven.surefire.junitplatform.LazyLauncher.execute(LazyLauncher.java:56)
	at org.apache.maven.surefire.junitplatform.JUnitPlatformProvider.execute(JUnitPlatformProvider.java:194)
	at org.apache.maven.surefire.junitplatform.JUnitPlatformProvider.invokeAllTests(JUnitPlatformProvider.java:150)
	at org.apache.maven.surefire.junitplatform.JUnitPlatformProvider.invoke(JUnitPlatformProvider.java:124)
	at java.base/jdk.internal.reflect.NativeMethodAccessorImpl.invoke0(Native Method)
	at java.base/jdk.internal.reflect.NativeMethodAccessorImpl.invoke(NativeMethodAccessorImpl.java:77)
	at java.base/jdk.internal.reflect.DelegatingMethodAccessorImpl.invoke(DelegatingMethodAccessorImpl.java:43)
	at java.base/java.lang.reflect.Method.invoke(Method.java:569)
	at org.apache.maven.surefire.api.util.ReflectionUtils.invokeMethodWithArray2(ReflectionUtils.java:137)
	at org.apache.maven.surefire.booter.ProviderFactory$ProviderProxy.invoke(ProviderFactory.java:148)
	at org.apache.maven.surefire.booter.ProviderFactory.invokeProvider(ProviderFactory.java:88)
	at org.apache.maven.plugin.surefire.InPluginVMSurefireStarter.runSuitesInProcess(InPluginVMSurefireStarter.java:91)
	at org.apache.maven.plugin.surefire.AbstractSurefireMojo.executeProvider(AbstractSurefireMojo.java:1308)
	at org.apache.maven.plugin.surefire.AbstractSurefireMojo.executeAfterPreconditionsChecked(AbstractSurefireMojo.java:1135)
	at org.apache.maven.plugin.surefire.AbstractSurefireMojo.execute(AbstractSurefireMojo.java:969)
	at org.apache.maven.plugin.DefaultBuildPluginManager.executeMojo(DefaultBuildPluginManager.java:126)
	at org.apache.maven.lifecycle.internal.MojoExecutor.doExecute2(MojoExecutor.java:328)
	at org.apache.maven.lifecycle.internal.MojoExecutor.doExecute(MojoExecutor.java:316)
	at org.apache.maven.lifecycle.internal.MojoExecutor.execute(MojoExecutor.java:212)
	at org.apache.maven.lifecycle.internal.MojoExecutor.execute(MojoExecutor.java:174)
	at org.apache.maven.lifecycle.internal.MojoExecutor.access$000(MojoExecutor.java:75)
	at org.apache.maven.lifecycle.internal.MojoExecutor$1.run(MojoExecutor.java:162)
	at org.apache.maven.plugin.DefaultMojosExecutionStrategy.execute(DefaultMojosExecutionStrategy.java:39)
	at org.apache.maven.lifecycle.internal.MojoExecutor.execute(MojoExecutor.java:159)
	at org.apache.maven.lifecycle.internal.LifecycleModuleBuilder.buildProject(LifecycleModuleBuilder.java:105)
	at org.apache.maven.lifecycle.internal.LifecycleModuleBuilder.buildProject(LifecycleModuleBuilder.java:73)
	at org.apache.maven.lifecycle.internal.builder.singlethreaded.SingleThreadedBuilder.build(SingleThreadedBuilder.java:53)
	at org.apache.maven.lifecycle.internal.LifecycleStarter.execute(LifecycleStarter.java:118)
	at org.apache.maven.DefaultMaven.doExecute(DefaultMaven.java:261)
	at org.apache.maven.DefaultMaven.doExecute(DefaultMaven.java:173)
	at org.apache.maven.DefaultMaven.execute(DefaultMaven.java:101)
	at org.apache.maven.cli.MavenCli.execute(MavenCli.java:919)
	at org.apache.maven.cli.MavenCli.doMain(MavenCli.java:285)
	at org.apache.maven.cli.MavenCli.main(MavenCli.java:207)
	at java.base/jdk.internal.reflect.NativeMethodAccessorImpl.invoke0(Native Method)
	at java.base/jdk.internal.reflect.NativeMethodAccessorImpl.invoke(NativeMethodAccessorImpl.java:77)
	at java.base/jdk.internal.reflect.DelegatingMethodAccessorImpl.invoke(DelegatingMethodAccessorImpl.java:43)
	at java.base/java.lang.reflect.Method.invoke(Method.java:569)
	at org.codehaus.plexus.classworlds.launcher.Launcher.launchEnhanced(Launcher.java:255)
	at org.codehaus.plexus.classworlds.launcher.Launcher.launch(Launcher.java:201)
	at org.codehaus.plexus.classworlds.launcher.Launcher.mainWithExitCode(Launcher.java:361)
	at org.codehaus.plexus.classworlds.launcher.Launcher.main(Launcher.java:314)
2026-09-29 23:09:25.520 WARN  [main] c.l.l.l.a.TaskOverdueBatchService - 任务转待优化失败，已隔离并继续。assignmentId=11
java.lang.IllegalStateException: 模拟单条失败
	at com.lingdong.learning.learningtask.application.TaskOverdueTransactionService.markNeedsImprovement(TaskOverdueTransactionService.java:20)
	at com.lingdong.learning.learningtask.application.TaskOverdueBatchService.processOverdueAssignments(TaskOverdueBatchService.java:58)
	at com.lingdong.learning.learningtask.application.TaskOverdueBatchServiceTest.isolatesFailuresAndAdvancesTheAssignmentCursor(TaskOverdueBatchServiceTest.java:38)
	at java.base/jdk.internal.reflect.NativeMethodAccessorImpl.invoke0(Native Method)
	at java.base/jdk.internal.reflect.NativeMethodAccessorImpl.invoke(NativeMethodAccessorImpl.java:77)
	at java.base/jdk.internal.reflect.DelegatingMethodAccessorImpl.invoke(DelegatingMethodAccessorImpl.java:43)
	at java.base/java.lang.reflect.Method.invoke(Method.java:569)
	at org.junit.platform.commons.util.ReflectionUtils.invokeMethod(ReflectionUtils.java:767)
	at org.junit.jupiter.engine.execution.MethodInvocation.proceed(MethodInvocation.java:60)
	at org.junit.jupiter.engine.execution.InvocationInterceptorChain$ValidatingInvocation.proceed(InvocationInterceptorChain.java:131)
	at org.junit.jupiter.engine.extension.TimeoutExtension.intercept(TimeoutExtension.java:156)
	at org.junit.jupiter.engine.extension.TimeoutExtension.interceptTestableMethod(TimeoutExtension.java:147)
	at org.junit.jupiter.engine.extension.TimeoutExtension.interceptTestMethod(TimeoutExtension.java:86)
	at org.junit.jupiter.engine.execution.InterceptingExecutableInvoker$ReflectiveInterceptorCall.lambda$ofVoidMethod$0(InterceptingExecutableInvoker.java:103)
	at org.junit.jupiter.engine.execution.InterceptingExecutableInvoker.lambda$invoke$0(InterceptingExecutableInvoker.java:93)
	at org.junit.jupiter.engine.execution.InvocationInterceptorChain$InterceptedInvocation.proceed(InvocationInterceptorChain.java:106)
	at org.junit.jupiter.engine.execution.InvocationInterceptorChain.proceed(InvocationInterceptorChain.java:64)
	at org.junit.jupiter.engine.execution.InvocationInterceptorChain.chainAndInvoke(InvocationInterceptorChain.java:45)
	at org.junit.jupiter.engine.execution.InvocationInterceptorChain.invoke(InvocationInterceptorChain.java:37)
	at org.junit.jupiter.engine.execution.InterceptingExecutableInvoker.invoke(InterceptingExecutableInvoker.java:92)
	at org.junit.jupiter.engine.execution.InterceptingExecutableInvoker.invoke(InterceptingExecutableInvoker.java:86)
	at org.junit.jupiter.engine.descriptor.TestMethodTestDescriptor.lambda$invokeTestMethod$8(TestMethodTestDescriptor.java:217)
	at org.junit.platform.engine.support.hierarchical.ThrowableCollector.execute(ThrowableCollector.java:73)
	at org.junit.jupiter.engine.descriptor.TestMethodTestDescriptor.invokeTestMethod(TestMethodTestDescriptor.java:213)
	at org.junit.jupiter.engine.descriptor.TestMethodTestDescriptor.execute(TestMethodTestDescriptor.java:138)
	at org.junit.jupiter.engine.descriptor.TestMethodTestDescriptor.execute(TestMethodTestDescriptor.java:68)
	at org.junit.platform.engine.support.hierarchical.NodeTestTask.lambda$executeRecursively$6(NodeTestTask.java:156)
	at org.junit.platform.engine.support.hierarchical.ThrowableCollector.execute(ThrowableCollector.java:73)
	at org.junit.platform.engine.support.hierarchical.NodeTestTask.lambda$executeRecursively$8(NodeTestTask.java:146)
	at org.junit.platform.engine.support.hierarchical.Node.around(Node.java:137)
	at org.junit.platform.engine.support.hierarchical.NodeTestTask.lambda$executeRecursively$9(NodeTestTask.java:144)
	at org.junit.platform.engine.support.hierarchical.ThrowableCollector.execute(ThrowableCollector.java:73)
	at org.junit.platform.engine.support.hierarchical.NodeTestTask.executeRecursively(NodeTestTask.java:143)
	at org.junit.platform.engine.support.hierarchical.NodeTestTask.execute(NodeTestTask.java:100)
	at java.base/java.util.ArrayList.forEach(ArrayList.java:1511)
	at org.junit.platform.engine.support.hierarchical.SameThreadHierarchicalTestExecutorService.invokeAll(SameThreadHierarchicalTestExecutorService.java:41)
	at org.junit.platform.engine.support.hierarchical.NodeTestTask.lambda$executeRecursively$6(NodeTestTask.java:160)
	at org.junit.platform.engine.support.hierarchical.ThrowableCollector.execute(ThrowableCollector.java:73)
	at org.junit.platform.engine.support.hierarchical.NodeTestTask.lambda$executeRecursively$8(NodeTestTask.java:146)
	at org.junit.platform.engine.support.hierarchical.Node.around(Node.java:137)
	at org.junit.platform.engine.support.hierarchical.NodeTestTask.lambda$executeRecursively$9(NodeTestTask.java:144)
	at org.junit.platform.engine.support.hierarchical.ThrowableCollector.execute(ThrowableCollector.java:73)
	at org.junit.platform.engine.support.hierarchical.NodeTestTask.executeRecursively(NodeTestTask.java:143)
	at org.junit.platform.engine.support.hierarchical.NodeTestTask.execute(NodeTestTask.java:100)
	at java.base/java.util.ArrayList.forEach(ArrayList.java:1511)
	at org.junit.platform.engine.support.hierarchical.SameThreadHierarchicalTestExecutorService.invokeAll(SameThreadHierarchicalTestExecutorService.java:41)
	at org.junit.platform.engine.support.hierarchical.NodeTestTask.lambda$executeRecursively$6(NodeTestTask.java:160)
	at org.junit.platform.engine.support.hierarchical.ThrowableCollector.execute(ThrowableCollector.java:73)
	at org.junit.platform.engine.support.hierarchical.NodeTestTask.lambda$executeRecursively$8(NodeTestTask.java:146)
	at org.junit.platform.engine.support.hierarchical.Node.around(Node.java:137)
	at org.junit.platform.engine.support.hierarchical.NodeTestTask.lambda$executeRecursively$9(NodeTestTask.java:144)
	at org.junit.platform.engine.support.hierarchical.ThrowableCollector.execute(ThrowableCollector.java:73)
	at org.junit.platform.engine.support.hierarchical.NodeTestTask.executeRecursively(NodeTestTask.java:143)
	at org.junit.platform.engine.support.hierarchical.NodeTestTask.execute(NodeTestTask.java:100)
	at org.junit.platform.engine.support.hierarchical.SameThreadHierarchicalTestExecutorService.submit(SameThreadHierarchicalTestExecutorService.java:35)
	at org.junit.platform.engine.support.hierarchical.HierarchicalTestExecutor.execute(HierarchicalTestExecutor.java:57)
	at org.junit.platform.engine.support.hierarchical.HierarchicalTestEngine.execute(HierarchicalTestEngine.java:54)
	at org.junit.platform.launcher.core.EngineExecutionOrchestrator.execute(EngineExecutionOrchestrator.java:198)
	at org.junit.platform.launcher.core.EngineExecutionOrchestrator.execute(EngineExecutionOrchestrator.java:169)
	at org.junit.platform.launcher.core.EngineExecutionOrchestrator.execute(EngineExecutionOrchestrator.java:93)
	at org.junit.platform.launcher.core.EngineExecutionOrchestrator.lambda$execute$0(EngineExecutionOrchestrator.java:58)
	at org.junit.platform.launcher.core.EngineExecutionOrchestrator.withInterceptedStreams(EngineExecutionOrchestrator.java:141)
	at org.junit.platform.launcher.core.EngineExecutionOrchestrator.execute(EngineExecutionOrchestrator.java:57)
	at org.junit.platform.launcher.core.DefaultLauncher.execute(DefaultLauncher.java:103)
	at org.junit.platform.launcher.core.DefaultLauncher.execute(DefaultLauncher.java:85)
	at org.junit.platform.launcher.core.DelegatingLauncher.execute(DelegatingLauncher.java:47)
	at org.apache.maven.surefire.junitplatform.LazyLauncher.execute(LazyLauncher.java:56)
	at org.apache.maven.surefire.junitplatform.JUnitPlatformProvider.execute(JUnitPlatformProvider.java:194)
	at org.apache.maven.surefire.junitplatform.JUnitPlatformProvider.invokeAllTests(JUnitPlatformProvider.java:150)
	at org.apache.maven.surefire.junitplatform.JUnitPlatformProvider.invoke(JUnitPlatformProvider.java:124)
	at java.base/jdk.internal.reflect.NativeMethodAccessorImpl.invoke0(Native Method)
	at java.base/jdk.internal.reflect.NativeMethodAccessorImpl.invoke(NativeMethodAccessorImpl.java:77)
	at java.base/jdk.internal.reflect.DelegatingMethodAccessorImpl.invoke(DelegatingMethodAccessorImpl.java:43)
	at java.base/java.lang.reflect.Method.invoke(Method.java:569)
	at org.apache.maven.surefire.api.util.ReflectionUtils.invokeMethodWithArray2(ReflectionUtils.java:137)
	at org.apache.maven.surefire.booter.ProviderFactory$ProviderProxy.invoke(ProviderFactory.java:148)
	at org.apache.maven.surefire.booter.ProviderFactory.invokeProvider(ProviderFactory.java:88)
	at org.apache.maven.plugin.surefire.InPluginVMSurefireStarter.runSuitesInProcess(InPluginVMSurefireStarter.java:91)
	at org.apache.maven.plugin.surefire.AbstractSurefireMojo.executeProvider(AbstractSurefireMojo.java:1308)
	at org.apache.maven.plugin.surefire.AbstractSurefireMojo.executeAfterPreconditionsChecked(AbstractSurefireMojo.java:1135)
	at org.apache.maven.plugin.surefire.AbstractSurefireMojo.execute(AbstractSurefireMojo.java:969)
	at org.apache.maven.plugin.DefaultBuildPluginManager.executeMojo(DefaultBuildPluginManager.java:126)
	at org.apache.maven.lifecycle.internal.MojoExecutor.doExecute2(MojoExecutor.java:328)
	at org.apache.maven.lifecycle.internal.MojoExecutor.doExecute(MojoExecutor.java:316)
	at org.apache.maven.lifecycle.internal.MojoExecutor.execute(MojoExecutor.java:212)
	at org.apache.maven.lifecycle.internal.MojoExecutor.execute(MojoExecutor.java:174)
	at org.apache.maven.lifecycle.internal.MojoExecutor.access$000(MojoExecutor.java:75)
	at org.apache.maven.lifecycle.internal.MojoExecutor$1.run(MojoExecutor.java:162)
	at org.apache.maven.plugin.DefaultMojosExecutionStrategy.execute(DefaultMojosExecutionStrategy.java:39)
	at org.apache.maven.lifecycle.internal.MojoExecutor.execute(MojoExecutor.java:159)
	at org.apache.maven.lifecycle.internal.LifecycleModuleBuilder.buildProject(LifecycleModuleBuilder.java:105)
	at org.apache.maven.lifecycle.internal.LifecycleModuleBuilder.buildProject(LifecycleModuleBuilder.java:73)
	at org.apache.maven.lifecycle.internal.builder.singlethreaded.SingleThreadedBuilder.build(SingleThreadedBuilder.java:53)
	at org.apache.maven.lifecycle.internal.LifecycleStarter.execute(LifecycleStarter.java:118)
	at org.apache.maven.DefaultMaven.doExecute(DefaultMaven.java:261)
	at org.apache.maven.DefaultMaven.doExecute(DefaultMaven.java:173)
	at org.apache.maven.DefaultMaven.execute(DefaultMaven.java:101)
	at org.apache.maven.cli.MavenCli.execute(MavenCli.java:919)
	at org.apache.maven.cli.MavenCli.doMain(MavenCli.java:285)
	at org.apache.maven.cli.MavenCli.main(MavenCli.java:207)
	at java.base/jdk.internal.reflect.NativeMethodAccessorImpl.invoke0(Native Method)
	at java.base/jdk.internal.reflect.NativeMethodAccessorImpl.invoke(NativeMethodAccessorImpl.java:77)
	at java.base/jdk.internal.reflect.DelegatingMethodAccessorImpl.invoke(DelegatingMethodAccessorImpl.java:43)
	at java.base/java.lang.reflect.Method.invoke(Method.java:569)
	at org.codehaus.plexus.classworlds.launcher.Launcher.launchEnhanced(Launcher.java:255)
	at org.codehaus.plexus.classworlds.launcher.Launcher.launch(Launcher.java:201)
	at org.codehaus.plexus.classworlds.launcher.Launcher.mainWithExitCode(Launcher.java:361)
	at org.codehaus.plexus.classworlds.launcher.Launcher.main(Launcher.java:314)
2026-09-29 23:09:25.824 INFO  [main] o.s.t.c.s.AnnotationConfigContextLoaderUtils - Could not detect default configuration classes for test class [com.lingdong.learning.learningtask.application.TaskReviewAuditorBoundaryTest]: TaskReviewAuditorBoundaryTest does not declare any static, non-private, non-final, nested classes annotated with @Configuration.
2026-09-29 23:09:25.826 INFO  [main] o.s.b.t.c.SpringBootTestContextBootstrapper - Found @SpringBootConfiguration com.lingdong.learning.LingdongLearningApplication for test class com.lingdong.learning.learningtask.application.TaskReviewAuditorBoundaryTest
2026-09-29 23:09:25.859 INFO  [main] c.l.l.l.a.TaskReviewAuditorBoundaryTest - Starting TaskReviewAuditorBoundaryTest using Java 17.0.20 with PID 284180 (started by Administrator in E:\apps\lingdong-xuexi-code\lingdong-xuexi-server)
2026-09-29 23:09:25.859 INFO  [main] c.l.l.l.a.TaskReviewAuditorBoundaryTest - The following 1 profile is active: "test"
2026-09-29 23:09:26.433 INFO  [main] o.s.d.r.c.RepositoryConfigurationDelegate - Multiple Spring Data modules found, entering strict repository configuration mode
2026-09-29 23:09:26.433 INFO  [main] o.s.d.r.c.RepositoryConfigurationDelegate - Bootstrapping Spring Data Redis repositories in DEFAULT mode.
2026-09-29 23:09:26.502 INFO  [main] o.s.d.r.c.RepositoryConfigurationDelegate - Finished Spring Data repository scanning in 67 ms. Found 0 Redis repository interfaces.
2026-09-29 23:09:26.723 INFO  [main] com.zaxxer.hikari.HikariDataSource - HikariPool-11 - Starting...
2026-09-29 23:09:26.723 INFO  [main] com.zaxxer.hikari.pool.HikariPool - HikariPool-11 - Added connection conn100: url=jdbc:h2:mem:lingdong_learning user=SA
2026-09-29 23:09:26.724 INFO  [main] com.zaxxer.hikari.HikariDataSource - HikariPool-11 - Start completed.
2026-09-29 23:09:26.725 INFO  [main] org.flywaydb.core.FlywayExecutor - Database: jdbc:h2:mem:lingdong_learning (H2 2.3)
2026-09-29 23:09:26.725 WARN  [main] o.f.c.i.database.base.Database - Flyway upgrade recommended: H2 2.3.232 is newer than this version of Flyway and support has not been tested. The latest supported version of H2 is 2.2.224.
2026-09-29 23:09:26.751 INFO  [main] o.f.core.internal.command.DbValidate - Successfully validated 86 migrations (execution time 00:00.024s)
2026-09-29 23:09:26.753 INFO  [main] o.f.core.internal.command.DbMigrate - Current version of schema "public": 86
2026-09-29 23:09:26.753 INFO  [main] o.f.core.internal.command.DbMigrate - Schema "public" is up to date. No migration necessary.
2026-09-29 23:09:28.190 INFO  [main] c.l.l.l.a.TaskReviewAuditorBoundaryTest - Started TaskReviewAuditorBoundaryTest in 2.362 seconds (process running for 154.584)
2026-09-29 23:09:28.190 WARN  [main] o.s.c.events.SpringDocAppInitializer - SpringDoc /api/v1/openapi endpoint is enabled by default. To disable it in production, set the property 'springdoc.api-docs.enabled=false'
2026-09-29 23:09:28.542 INFO  [main] o.s.t.c.s.AnnotationConfigContextLoaderUtils - Could not detect default configuration classes for test class [com.lingdong.learning.learningtask.web.LearningTaskControllerTest]: LearningTaskControllerTest does not declare any static, non-private, non-final, nested classes annotated with @Configuration.
2026-09-29 23:09:28.637 INFO  [main] o.s.b.t.c.SpringBootTestContextBootstrapper - Found @SpringBootConfiguration com.lingdong.learning.LingdongLearningApplication for test class com.lingdong.learning.learningtask.web.LearningTaskControllerTest
2026-09-29 23:09:40.690 INFO  [main] o.s.t.c.s.AnnotationConfigContextLoaderUtils - Could not detect default configuration classes for test class [com.lingdong.learning.learningtask.web.LearningTaskOptionControllerTest]: LearningTaskOptionControllerTest does not declare any static, non-private, non-final, nested classes annotated with @Configuration.
2026-09-29 23:09:40.692 INFO  [main] o.s.b.t.c.SpringBootTestContextBootstrapper - Found @SpringBootConfiguration com.lingdong.learning.LingdongLearningApplication for test class com.lingdong.learning.learningtask.web.LearningTaskOptionControllerTest
2026-09-29 23:09:41.524 INFO  [main] o.s.t.c.s.AnnotationConfigContextLoaderUtils - Could not detect default configuration classes for test class [com.lingdong.learning.learningtask.web.TeacherClassControllerTest]: TeacherClassControllerTest does not declare any static, non-private, non-final, nested classes annotated with @Configuration.
2026-09-29 23:09:41.527 INFO  [main] o.s.b.t.c.SpringBootTestContextBootstrapper - Found @SpringBootConfiguration com.lingdong.learning.LingdongLearningApplication for test class com.lingdong.learning.learningtask.web.TeacherClassControllerTest
2026-09-29 23:09:42.011 INFO  [main] o.s.t.c.s.AnnotationConfigContextLoaderUtils - Could not detect default configuration classes for test class [com.lingdong.learning.organization.application.ClassManagementApplicationServiceTest]: ClassManagementApplicationServiceTest does not declare any static, non-private, non-final, nested classes annotated with @Configuration.
2026-09-29 23:09:42.072 INFO  [main] o.s.b.t.c.SpringBootTestContextBootstrapper - Found @SpringBootConfiguration com.lingdong.learning.LingdongLearningApplication for test class com.lingdong.learning.organization.application.ClassManagementApplicationServiceTest
2026-09-29 23:09:42.154 INFO  [main] o.s.t.c.s.AnnotationConfigContextLoaderUtils - Could not detect default configuration classes for test class [com.lingdong.learning.organization.application.OrganizationApplicationServiceTest]: OrganizationApplicationServiceTest does not declare any static, non-private, non-final, nested classes annotated with @Configuration.
2026-09-29 23:09:42.157 INFO  [main] o.s.b.t.c.SpringBootTestContextBootstrapper - Found @SpringBootConfiguration com.lingdong.learning.LingdongLearningApplication for test class com.lingdong.learning.organization.application.OrganizationApplicationServiceTest
2026-09-29 23:09:42.268 INFO  [main] o.s.t.c.s.AnnotationConfigContextLoaderUtils - Could not detect default configuration classes for test class [com.lingdong.learning.organization.application.OrganizationChangeApplicationServiceTest]: OrganizationChangeApplicationServiceTest does not declare any static, non-private, non-final, nested classes annotated with @Configuration.
2026-09-29 23:09:42.271 INFO  [main] o.s.b.t.c.SpringBootTestContextBootstrapper - Found @SpringBootConfiguration com.lingdong.learning.LingdongLearningApplication for test class com.lingdong.learning.organization.application.OrganizationChangeApplicationServiceTest
2026-09-29 23:09:42.466 INFO  [main] o.s.t.c.s.AnnotationConfigContextLoaderUtils - Could not detect default configuration classes for test class [com.lingdong.learning.organization.application.OrganizationChangePersistenceTest]: OrganizationChangePersistenceTest does not declare any static, non-private, non-final, nested classes annotated with @Configuration.
2026-09-29 23:09:42.469 INFO  [main] o.s.b.t.c.SpringBootTestContextBootstrapper - Found @SpringBootConfiguration com.lingdong.learning.LingdongLearningApplication for test class com.lingdong.learning.organization.application.OrganizationChangePersistenceTest
2026-09-29 23:09:42.499 INFO  [main] o.s.t.c.s.AnnotationConfigContextLoaderUtils - Could not detect default configuration classes for test class [com.lingdong.learning.organization.web.ClassManagementControllerTest]: ClassManagementControllerTest does not declare any static, non-private, non-final, nested classes annotated with @Configuration.
2026-09-29 23:09:42.557 INFO  [main] o.s.b.t.c.SpringBootTestContextBootstrapper - Found @SpringBootConfiguration com.lingdong.learning.LingdongLearningApplication for test class com.lingdong.learning.organization.web.ClassManagementControllerTest
2026-09-29 23:09:44.018 INFO  [main] o.s.t.c.s.AnnotationConfigContextLoaderUtils - Could not detect default configuration classes for test class [com.lingdong.learning.organization.web.OrganizationChangeControllerTest]: OrganizationChangeControllerTest does not declare any static, non-private, non-final, nested classes annotated with @Configuration.
2026-09-29 23:09:44.020 INFO  [main] o.s.b.t.c.SpringBootTestContextBootstrapper - Found @SpringBootConfiguration com.lingdong.learning.LingdongLearningApplication for test class com.lingdong.learning.organization.web.OrganizationChangeControllerTest
2026-09-29 23:09:44.619 INFO  [main] o.s.t.c.s.AnnotationConfigContextLoaderUtils - Could not detect default configuration classes for test class [com.lingdong.learning.organization.web.OrganizationManagementControllerTest]: OrganizationManagementControllerTest does not declare any static, non-private, non-final, nested classes annotated with @Configuration.
2026-09-29 23:09:44.623 INFO  [main] o.s.b.t.c.SpringBootTestContextBootstrapper - Found @SpringBootConfiguration com.lingdong.learning.LingdongLearningApplication for test class com.lingdong.learning.organization.web.OrganizationManagementControllerTest
2026-09-29 23:09:45.426 INFO  [main] o.s.t.c.s.AnnotationConfigContextLoaderUtils - Could not detect default configuration classes for test class [com.lingdong.learning.organization.web.OrganizationWorkbenchControllerTest]: OrganizationWorkbenchControllerTest does not declare any static, non-private, non-final, nested classes annotated with @Configuration.
2026-09-29 23:09:45.433 INFO  [main] o.s.b.t.c.SpringBootTestContextBootstrapper - Found @SpringBootConfiguration com.lingdong.learning.LingdongLearningApplication for test class com.lingdong.learning.organization.web.OrganizationWorkbenchControllerTest
2026-09-29 23:09:46.502 INFO  [main] o.s.t.c.s.AnnotationConfigContextLoaderUtils - Could not detect default configuration classes for test class [com.lingdong.learning.permission.application.PermissionDecisionServiceTest]: PermissionDecisionServiceTest does not declare any static, non-private, non-final, nested classes annotated with @Configuration.
2026-09-29 23:09:46.576 INFO  [main] o.s.b.t.c.SpringBootTestContextBootstrapper - Found @SpringBootConfiguration com.lingdong.learning.LingdongLearningApplication for test class com.lingdong.learning.permission.application.PermissionDecisionServiceTest
2026-09-29 23:09:46.754 WARN  [main] o.s.c.a.AnnotationConfigApplicationContext - Exception encountered during context initialization - cancelling refresh attempt: org.springframework.beans.factory.BeanCreationException: Error creating bean with name 'lingdong.auth.student-code-com.lingdong.learning.auth.infrastructure.config.StudentLoginCodeProperties': 学生登录码密钥至少32字节：v1
2026-09-29 23:09:47.235 INFO  [main] o.s.t.c.s.AnnotationConfigContextLoaderUtils - Could not detect default configuration classes for test class [com.lingdong.learning.student.application.ParentRelationshipPersistenceTest]: ParentRelationshipPersistenceTest does not declare any static, non-private, non-final, nested classes annotated with @Configuration.
2026-09-29 23:09:47.353 INFO  [main] o.s.b.t.c.SpringBootTestContextBootstrapper - Found @SpringBootConfiguration com.lingdong.learning.LingdongLearningApplication for test class com.lingdong.learning.student.application.ParentRelationshipPersistenceTest
2026-09-29 23:09:47.402 INFO  [main] o.s.t.c.s.AnnotationConfigContextLoaderUtils - Could not detect default configuration classes for test class [com.lingdong.learning.student.application.ParentRelationshipTaskTransferPersistenceTest]: ParentRelationshipTaskTransferPersistenceTest does not declare any static, non-private, non-final, nested classes annotated with @Configuration.
2026-09-29 23:09:47.404 INFO  [main] o.s.b.t.c.SpringBootTestContextBootstrapper - Found @SpringBootConfiguration com.lingdong.learning.LingdongLearningApplication for test class com.lingdong.learning.student.application.ParentRelationshipTaskTransferPersistenceTest
2026-09-29 23:09:47.449 INFO  [main] o.s.t.c.s.AnnotationConfigContextLoaderUtils - Could not detect default configuration classes for test class [com.lingdong.learning.student.application.StudentAccountAllocatorTest]: StudentAccountAllocatorTest does not declare any static, non-private, non-final, nested classes annotated with @Configuration.
2026-09-29 23:09:47.451 INFO  [main] o.s.b.t.c.SpringBootTestContextBootstrapper - Found @SpringBootConfiguration com.lingdong.learning.LingdongLearningApplication for test class com.lingdong.learning.student.application.StudentAccountAllocatorTest
2026-09-29 23:09:47.491 INFO  [main] o.s.t.c.s.AnnotationConfigContextLoaderUtils - Could not detect default configuration classes for test class [com.lingdong.learning.student.application.StudentAccountCancellationPersistenceTest]: StudentAccountCancellationPersistenceTest does not declare any static, non-private, non-final, nested classes annotated with @Configuration.
2026-09-29 23:09:47.493 INFO  [main] o.s.b.t.c.SpringBootTestContextBootstrapper - Found @SpringBootConfiguration com.lingdong.learning.LingdongLearningApplication for test class com.lingdong.learning.student.application.StudentAccountCancellationPersistenceTest
2026-09-29 23:09:48.082 INFO  [main] o.s.t.c.s.AnnotationConfigContextLoaderUtils - Could not detect default configuration classes for test class [com.lingdong.learning.student.application.StudentIdentityProvisioningServiceTest]: StudentIdentityProvisioningServiceTest does not declare any static, non-private, non-final, nested classes annotated with @Configuration.
2026-09-29 23:09:48.085 INFO  [main] o.s.b.t.c.SpringBootTestContextBootstrapper - Found @SpringBootConfiguration com.lingdong.learning.LingdongLearningApplication for test class com.lingdong.learning.student.application.StudentIdentityProvisioningServiceTest
2026-09-29 23:09:48.110 INFO  [main] o.s.t.c.s.AnnotationConfigContextLoaderUtils - Could not detect default configuration classes for test class [com.lingdong.learning.student.web.ParentBindingInvitationControllerTest]: ParentBindingInvitationControllerTest does not declare any static, non-private, non-final, nested classes annotated with @Configuration.
2026-09-29 23:09:48.171 INFO  [main] o.s.b.t.c.SpringBootTestContextBootstrapper - Found @SpringBootConfiguration com.lingdong.learning.LingdongLearningApplication for test class com.lingdong.learning.student.web.ParentBindingInvitationControllerTest
2026-09-29 23:09:49.770 INFO  [main] o.s.t.c.s.AnnotationConfigContextLoaderUtils - Could not detect default configuration classes for test class [com.lingdong.learning.student.web.ParentRelationshipSecurityTest]: ParentRelationshipSecurityTest does not declare any static, non-private, non-final, nested classes annotated with @Configuration.
2026-09-29 23:09:49.772 INFO  [main] o.s.b.t.c.SpringBootTestContextBootstrapper - Found @SpringBootConfiguration com.lingdong.learning.LingdongLearningApplication for test class com.lingdong.learning.student.web.ParentRelationshipSecurityTest
2026-09-29 23:09:49.926 INFO  [main] o.s.t.c.s.AnnotationConfigContextLoaderUtils - Could not detect default configuration classes for test class [com.lingdong.learning.student.web.StudentCredentialManagementControllerTest]: StudentCredentialManagementControllerTest does not declare any static, non-private, non-final, nested classes annotated with @Configuration.
2026-09-29 23:09:49.931 INFO  [main] o.s.b.t.c.SpringBootTestContextBootstrapper - Found @SpringBootConfiguration com.lingdong.learning.LingdongLearningApplication for test class com.lingdong.learning.student.web.StudentCredentialManagementControllerTest
2026-09-29 23:09:50.564 INFO  [main] o.s.t.c.s.AnnotationConfigContextLoaderUtils - Could not detect default configuration classes for test class [com.lingdong.learning.student.web.StudentManagementControllerTest]: StudentManagementControllerTest does not declare any static, non-private, non-final, nested classes annotated with @Configuration.
2026-09-29 23:09:50.567 INFO  [main] o.s.b.t.c.SpringBootTestContextBootstrapper - Found @SpringBootConfiguration com.lingdong.learning.LingdongLearningApplication for test class com.lingdong.learning.student.web.StudentManagementControllerTest
2026-09-29 23:09:54.398 INFO  [main] o.s.t.c.s.AnnotationConfigContextLoaderUtils - Could not detect default configuration classes for test class [com.lingdong.learning.studentimport.infrastructure.persistence.StudentImportPersistenceTest]: StudentImportPersistenceTest does not declare any static, non-private, non-final, nested classes annotated with @Configuration.
2026-09-29 23:09:54.450 INFO  [main] o.s.b.t.c.SpringBootTestContextBootstrapper - Found @SpringBootConfiguration com.lingdong.learning.LingdongLearningApplication for test class com.lingdong.learning.studentimport.infrastructure.persistence.StudentImportPersistenceTest
2026-09-29 23:09:54.488 INFO  [main] o.s.t.c.s.AnnotationConfigContextLoaderUtils - Could not detect default configuration classes for test class [com.lingdong.learning.studentimport.web.StudentImportApiIntegrationTest]: StudentImportApiIntegrationTest does not declare any static, non-private, non-final, nested classes annotated with @Configuration.
2026-09-29 23:09:54.550 INFO  [main] o.s.b.t.c.SpringBootTestContextBootstrapper - Found @SpringBootConfiguration com.lingdong.learning.LingdongLearningApplication for test class com.lingdong.learning.studentimport.web.StudentImportApiIntegrationTest
2026-09-29 23:09:57.003 WARN  [main] c.l.l.t.a.TeacherBatchApplicationService - 教师批量操作单项失败，operation=BIND_CLASS, teacherUserId=12, exceptionType=ResourceNotFoundException
2026-09-29 23:09:57.041 INFO  [main] o.s.t.c.s.AnnotationConfigContextLoaderUtils - Could not detect default configuration classes for test class [com.lingdong.learning.teacher.application.TeacherManagementApplicationServiceTest]: TeacherManagementApplicationServiceTest does not declare any static, non-private, non-final, nested classes annotated with @Configuration.
2026-09-29 23:09:57.119 INFO  [main] o.s.b.t.c.SpringBootTestContextBootstrapper - Found @SpringBootConfiguration com.lingdong.learning.LingdongLearningApplication for test class com.lingdong.learning.teacher.application.TeacherManagementApplicationServiceTest
2026-09-29 23:09:58.436 INFO  [main] o.s.t.c.s.AnnotationConfigContextLoaderUtils - Could not detect default configuration classes for test class [com.lingdong.learning.templateconfig.application.ImportExportTemplateApplicationServiceTest]: ImportExportTemplateApplicationServiceTest does not declare any static, non-private, non-final, nested classes annotated with @Configuration.
2026-09-29 23:09:58.493 INFO  [main] o.s.b.t.c.SpringBootTestContextBootstrapper - Found @SpringBootConfiguration com.lingdong.learning.LingdongLearningApplication for test class com.lingdong.learning.templateconfig.application.ImportExportTemplateApplicationServiceTest
2026-09-29 23:09:58.886 INFO  [main] o.s.t.c.s.AnnotationConfigContextLoaderUtils - Could not detect default configuration classes for test class [com.lingdong.learning.templateconfig.web.ImportExportTemplateManagementControllerTest]: ImportExportTemplateManagementControllerTest does not declare any static, non-private, non-final, nested classes annotated with @Configuration.
2026-09-29 23:09:58.941 INFO  [main] o.s.b.t.c.SpringBootTestContextBootstrapper - Found @SpringBootConfiguration com.lingdong.learning.LingdongLearningApplication for test class com.lingdong.learning.templateconfig.web.ImportExportTemplateManagementControllerTest
2026-09-29 23:10:00.064 INFO  [main] o.s.t.c.s.AnnotationConfigContextLoaderUtils - Could not detect default configuration classes for test class [com.lingdong.learning.user.application.UserAccessApplicationServiceTest]: UserAccessApplicationServiceTest does not declare any static, non-private, non-final, nested classes annotated with @Configuration.
2026-09-29 23:10:00.114 INFO  [main] o.s.b.t.c.SpringBootTestContextBootstrapper - Found @SpringBootConfiguration com.lingdong.learning.LingdongLearningApplication for test class com.lingdong.learning.user.application.UserAccessApplicationServiceTest
2026-09-29 23:10:00.177 INFO  [main] o.s.t.c.s.AnnotationConfigContextLoaderUtils - Could not detect default configuration classes for test class [com.lingdong.learning.user.infrastructure.persistence.UserMobileChangePersistenceTest]: UserMobileChangePersistenceTest does not declare any static, non-private, non-final, nested classes annotated with @Configuration.
2026-09-29 23:10:00.243 INFO  [main] o.s.b.t.c.SpringBootTestContextBootstrapper - Found @SpringBootConfiguration com.lingdong.learning.LingdongLearningApplication for test class com.lingdong.learning.user.infrastructure.persistence.UserMobileChangePersistenceTest
2026-09-29 23:10:06.683 INFO  [SpringApplicationShutdownHook] com.zaxxer.hikari.HikariDataSource - HikariPool-2 - Shutdown initiated...
2026-09-29 23:10:06.683 INFO  [SpringApplicationShutdownHook] com.zaxxer.hikari.HikariDataSource - HikariPool-2 - Shutdown completed.
2026-09-29 23:10:06.695 INFO  [SpringApplicationShutdownHook] com.zaxxer.hikari.HikariDataSource - HikariPool-3 - Shutdown initiated...
2026-09-29 23:10:06.696 INFO  [SpringApplicationShutdownHook] com.zaxxer.hikari.HikariDataSource - HikariPool-3 - Shutdown completed.
2026-09-29 23:10:06.709 INFO  [SpringApplicationShutdownHook] com.zaxxer.hikari.HikariDataSource - HikariPool-4 - Shutdown initiated...
2026-09-29 23:10:06.710 INFO  [SpringApplicationShutdownHook] com.zaxxer.hikari.HikariDataSource - HikariPool-4 - Shutdown completed.
2026-09-29 23:10:06.726 INFO  [SpringApplicationShutdownHook] com.zaxxer.hikari.HikariDataSource - HikariPool-5 - Shutdown initiated...
2026-09-29 23:10:06.726 INFO  [SpringApplicationShutdownHook] com.zaxxer.hikari.HikariDataSource - HikariPool-5 - Shutdown completed.
2026-09-29 23:10:06.743 INFO  [SpringApplicationShutdownHook] com.zaxxer.hikari.HikariDataSource - HikariPool-6 - Shutdown initiated...
2026-09-29 23:10:06.744 INFO  [SpringApplicationShutdownHook] com.zaxxer.hikari.HikariDataSource - HikariPool-6 - Shutdown completed.
2026-09-29 23:10:06.756 INFO  [SpringApplicationShutdownHook] com.zaxxer.hikari.HikariDataSource - HikariPool-7 - Shutdown initiated...
2026-09-29 23:10:06.757 INFO  [SpringApplicationShutdownHook] com.zaxxer.hikari.HikariDataSource - HikariPool-7 - Shutdown completed.
2026-09-29 23:10:06.769 INFO  [SpringApplicationShutdownHook] com.zaxxer.hikari.HikariDataSource - HikariPool-9 - Shutdown initiated...
2026-09-29 23:10:06.770 INFO  [SpringApplicationShutdownHook] com.zaxxer.hikari.HikariDataSource - HikariPool-9 - Shutdown completed.
2026-09-29 23:10:06.782 INFO  [SpringApplicationShutdownHook] com.zaxxer.hikari.HikariDataSource - HikariPool-10 - Shutdown initiated...
2026-09-29 23:10:06.783 INFO  [SpringApplicationShutdownHook] com.zaxxer.hikari.HikariDataSource - HikariPool-10 - Shutdown completed.
2026-09-29 23:10:06.794 INFO  [SpringApplicationShutdownHook] com.zaxxer.hikari.HikariDataSource - HikariPool-11 - Shutdown initiated...
2026-09-29 23:10:06.795 INFO  [SpringApplicationShutdownHook] com.zaxxer.hikari.HikariDataSource - HikariPool-11 - Shutdown completed.
2026-09-29 23:15:16.832 INFO  [main] c.l.l.a.a.AttachmentFileApplicationServiceTest - Starting AttachmentFileApplicationServiceTest using Java 17.0.20 with PID 286296 (started by Administrator in E:\apps\lingdong-xuexi-code\lingdong-xuexi-server)
2026-09-29 23:15:16.834 INFO  [main] c.l.l.a.a.AttachmentFileApplicationServiceTest - The following 1 profile is active: "test"
2026-09-29 23:15:19.092 INFO  [main] o.s.d.r.c.RepositoryConfigurationDelegate - Multiple Spring Data modules found, entering strict repository configuration mode
2026-09-29 23:15:19.099 INFO  [main] o.s.d.r.c.RepositoryConfigurationDelegate - Bootstrapping Spring Data Redis repositories in DEFAULT mode.
2026-09-29 23:15:19.202 INFO  [main] o.s.d.r.c.RepositoryConfigurationDelegate - Finished Spring Data repository scanning in 79 ms. Found 0 Redis repository interfaces.
2026-09-29 23:15:20.465 INFO  [main] com.zaxxer.hikari.HikariDataSource - HikariPool-1 - Starting...
2026-09-29 23:15:20.831 INFO  [main] com.zaxxer.hikari.pool.HikariPool - HikariPool-1 - Added connection conn0: url=jdbc:h2:mem:lingdong_learning user=SA
2026-09-29 23:15:20.834 INFO  [main] com.zaxxer.hikari.HikariDataSource - HikariPool-1 - Start completed.
2026-09-29 23:15:20.916 INFO  [main] org.flywaydb.core.FlywayExecutor - Database: jdbc:h2:mem:lingdong_learning (H2 2.3)
2026-09-29 23:15:20.930 WARN  [main] o.f.c.i.database.base.Database - Flyway upgrade recommended: H2 2.3.232 is newer than this version of Flyway and support has not been tested. The latest supported version of H2 is 2.2.224.
2026-09-29 23:15:21.014 INFO  [main] o.f.c.i.s.JdbcTableSchemaHistory - Schema history table "public"."flyway_schema_history" does not exist yet
2026-09-29 23:15:21.018 INFO  [main] o.f.core.internal.command.DbValidate - Successfully validated 86 migrations (execution time 00:00.064s)
2026-09-29 23:15:21.029 INFO  [main] o.f.c.i.s.JdbcTableSchemaHistory - Creating Schema History table "public"."flyway_schema_history" ...
2026-09-29 23:15:21.073 INFO  [main] o.f.core.internal.command.DbMigrate - Current version of schema "public": << Empty Schema >>
2026-09-29 23:15:21.083 INFO  [main] o.f.core.internal.command.DbMigrate - Migrating schema "public" to version "1 - create system config"
2026-09-29 23:15:21.117 INFO  [main] o.f.core.internal.command.DbMigrate - Migrating schema "public" to version "2 - create iam rbac tables"
2026-09-29 23:15:21.149 INFO  [main] o.f.core.internal.command.DbMigrate - Migrating schema "public" to version "3 - create organization types"
2026-09-29 23:15:21.168 INFO  [main] o.f.core.internal.command.DbMigrate - Migrating schema "public" to version "4 - create user organization relations"
2026-09-29 23:15:21.179 INFO  [main] o.f.core.internal.command.DbMigrate - Migrating schema "public" to version "5 - create system task audit"
2026-09-29 23:15:21.192 INFO  [main] o.f.core.internal.command.DbMigrate - Migrating schema "public" to version "6 - create feature toggles"
2026-09-29 23:15:21.203 INFO  [main] o.f.core.internal.command.DbMigrate - Migrating schema "public" to version "7 - create feature toggle changes"
2026-09-29 23:15:21.218 INFO  [main] o.f.core.internal.command.DbMigrate - Migrating schema "public" to version "8 - create user permissions"
2026-09-29 23:15:21.230 INFO  [main] o.f.core.internal.command.DbMigrate - Migrating schema "public" to version "9 - create role data scopes"
2026-09-29 23:15:21.241 INFO  [main] o.f.core.internal.command.DbMigrate - Migrating schema "public" to version "10 - create dictionary tables"
2026-09-29 23:15:21.251 INFO  [main] o.f.core.internal.command.DbMigrate - Migrating schema "public" to version "11 - create cache operation log"
2026-09-29 23:15:21.263 INFO  [main] o.f.core.internal.command.DbMigrate - Migrating schema "public" to version "12 - create interface service tables"
2026-09-29 23:15:21.277 INFO  [main] o.f.core.internal.command.DbMigrate - Migrating schema "public" to version "13 - create attachment core tables"
2026-09-29 23:15:21.288 INFO  [main] o.f.core.internal.command.DbMigrate - Migrating schema "public" to version "14 - create import export template table"
2026-09-29 23:15:21.295 INFO  [main] o.f.core.internal.command.DbMigrate - Migrating schema "public" to version "15 - create auth device session"
2026-09-29 23:15:21.303 INFO  [main] o.f.core.internal.command.DbMigrate - Migrating schema "public" to version "16 - seed iam management permissions"
2026-09-29 23:15:21.313 INFO  [main] o.f.core.internal.command.DbMigrate - Migrating schema "public" to version "17 - seed organization management permissions"
2026-09-29 23:15:21.318 INFO  [main] o.f.core.internal.command.DbMigrate - Migrating schema "public" to version "18 - seed user directory permissions"
2026-09-29 23:15:21.327 INFO  [main] o.f.core.internal.command.DbMigrate - Migrating schema "public" to version "19 - create student relationship foundation"
2026-09-29 23:15:21.350 INFO  [main] o.f.core.internal.command.DbMigrate - Migrating schema "public" to version "20 - create parent binding invitation"
2026-09-29 23:15:21.365 INFO  [main] o.f.core.internal.command.DbMigrate - Migrating schema "public" to version "21 - create student code login"
2026-09-29 23:15:21.385 INFO  [main] o.f.core.internal.command.DbMigrate - Migrating schema "public" to version "22 - create learning task foundation"
2026-09-29 23:15:21.414 INFO  [main] o.f.core.internal.command.DbMigrate - Migrating schema "public" to version "23 - create task execution foundation"
2026-09-29 23:15:21.459 INFO  [main] o.f.core.internal.command.DbMigrate - Migrating schema "public" to version "24 - create growth point account and ledger"
2026-09-29 23:15:21.484 INFO  [main] o.f.core.internal.command.DbMigrate - Migrating schema "public" to version "25 - seed growth point query access"
2026-09-29 23:15:21.494 INFO  [main] o.f.core.internal.command.DbMigrate - Migrating schema "public" to version "26 - add growth point correction"
2026-09-29 23:15:21.505 INFO  [main] o.f.core.internal.command.DbMigrate - Migrating schema "public" to version "27 - add reward exchange"
2026-09-29 23:15:21.537 INFO  [main] o.f.core.internal.command.DbMigrate - Migrating schema "public" to version "28 - add growth review"
2026-09-29 23:15:21.558 INFO  [main] o.f.core.internal.command.DbMigrate - Migrating schema "public" to version "29 - add point lifecycle"
2026-09-29 23:15:21.669 INFO  [main] o.f.core.internal.command.DbMigrate - Migrating schema "public" to version "30 - add recurring task"
2026-09-29 23:15:21.706 INFO  [main] o.f.core.internal.command.DbMigrate - Migrating schema "public" to version "31 - add task checkin attachment"
2026-09-29 23:15:21.725 INFO  [main] o.f.core.internal.command.DbMigrate - Migrating schema "public" to version "32 - add task overdue defer"
2026-09-29 23:15:21.787 INFO  [main] o.f.core.internal.command.DbMigrate - Migrating schema "public" to version "33 - add previous day task copy"
2026-09-29 23:15:21.809 INFO  [main] o.f.core.internal.command.DbMigrate - Migrating schema "public" to version "34 - add learning task template"
2026-09-29 23:15:21.824 INFO  [main] o.f.core.internal.command.DbMigrate - Migrating schema "public" to version "35 - add student qr login"
2026-09-29 23:15:21.836 INFO  [main] o.f.core.internal.command.DbMigrate - Migrating schema "public" to version "36 - add parent phone auth"
2026-09-29 23:15:21.849 INFO  [main] o.f.core.internal.command.DbMigrate - Migrating schema "public" to version "37 - add parent wechat auth"
2026-09-29 23:15:21.860 INFO  [main] o.f.core.internal.command.DbMigrate - Migrating schema "public" to version "38 - add parent relationship lifecycle"
2026-09-29 23:15:21.882 INFO  [main] o.f.core.internal.command.DbMigrate - Migrating schema "public" to version "39 - add account security event"
2026-09-29 23:15:21.890 INFO  [main] o.f.core.internal.command.DbMigrate - Migrating schema "public" to version "40 - add organization miniapp auth"
2026-09-29 23:15:21.897 INFO  [main] o.f.core.internal.command.DbMigrate - Migrating schema "public" to version "41 - add student organization lifecycle"
2026-09-29 23:15:21.906 INFO  [main] o.f.core.internal.command.DbMigrate - Migrating schema "public" to version "42 - add parent account lifecycle"
2026-09-29 23:15:21.917 INFO  [main] o.f.core.internal.command.DbMigrate - Migrating schema "public" to version "43 - finalize parent account cancellation"
2026-09-29 23:15:21.937 INFO  [main] o.f.core.internal.command.DbMigrate - Migrating schema "public" to version "44 - add parent mobile manual recovery"
2026-09-29 23:15:21.950 INFO  [main] o.f.core.internal.command.DbMigrate - Migrating schema "public" to version "45 - add student account cancellation"
2026-09-29 23:15:21.957 INFO  [main] o.f.core.internal.command.DbMigrate - Migrating schema "public" to version "46 - add student wechat auth"
2026-09-29 23:15:21.971 INFO  [main] o.f.core.internal.command.DbMigrate - Migrating schema "public" to version "47 - add organization node lifecycle"
2026-09-29 23:15:21.999 INFO  [main] o.f.core.internal.command.DbMigrate - Migrating schema "public" to version "48 - add class management"
2026-09-29 23:15:22.006 INFO  [main] o.f.core.internal.command.DbMigrate - Migrating schema "public" to version "49 - add permission grant boundary"
2026-09-29 23:15:22.020 INFO  [main] o.f.core.internal.command.DbMigrate - Migrating schema "public" to version "50 - add iam change audit"
2026-09-29 23:15:22.025 INFO  [main] o.f.core.internal.command.DbMigrate - Migrating schema "public" to version "51 - add dictionary management"
2026-09-29 23:15:22.033 INFO  [main] o.f.core.internal.command.DbMigrate - Migrating schema "public" to version "52 - add cache management"
2026-09-29 23:15:22.040 INFO  [main] o.f.core.internal.command.DbMigrate - Migrating schema "public" to version "53 - add interface service management"
2026-09-29 23:15:22.048 INFO  [main] o.f.core.internal.command.DbMigrate - Migrating schema "public" to version "54 - add attachment management"
2026-09-29 23:15:22.057 INFO  [main] o.f.core.internal.command.DbMigrate - Migrating schema "public" to version "55 - add import export template management"
2026-09-29 23:15:22.071 INFO  [main] o.f.core.internal.command.DbMigrate - Migrating schema "public" to version "56 - add import validation job"
2026-09-29 23:15:22.084 INFO  [main] o.f.core.internal.command.DbMigrate - Migrating schema "public" to version "57 - add async export job"
2026-09-29 23:15:22.095 INFO  [main] o.f.core.internal.command.DbMigrate - Migrating schema "public" to version "58 - add student batch import"
2026-09-29 23:15:22.103 INFO  [main] o.f.core.internal.command.DbMigrate - Migrating schema "public" to version "59 - add teacher management"
2026-09-29 23:15:22.110 INFO  [main] o.f.core.internal.command.DbMigrate - Migrating schema "public" to version "60 - complete organization teacher tasks"
2026-09-29 23:15:22.117 INFO  [main] o.f.core.internal.command.DbMigrate - Migrating schema "public" to version "61 - add student exception report"
2026-09-29 23:15:22.136 INFO  [main] o.f.core.internal.command.DbMigrate - Migrating schema "public" to version "62 - add manual attendance"
2026-09-29 23:15:22.147 INFO  [main] o.f.core.internal.command.DbMigrate - Migrating schema "public" to version "63 - add export job payload"
2026-09-29 23:15:22.155 INFO  [main] o.f.core.internal.command.DbMigrate - Migrating schema "public" to version "64 - add growth review pdf feature"
2026-09-29 23:15:22.160 INFO  [main] o.f.core.internal.command.DbMigrate - Migrating schema "public" to version "65 - add growth review pdf job type"
2026-09-29 23:15:22.167 INFO  [main] o.f.core.internal.command.DbMigrate - Migrating schema "public" to version "66 - add growth review subscription"
2026-09-29 23:15:22.174 INFO  [main] o.f.core.internal.command.DbMigrate - Migrating schema "public" to version "67 - add growth review delivery queue"
2026-09-29 23:15:22.181 INFO  [main] o.f.core.internal.command.DbMigrate - Migrating schema "public" to version "68 - add anonymous rank preference"
2026-09-29 23:15:22.189 INFO  [main] o.f.core.internal.command.DbMigrate - Migrating schema "public" to version "69 - add miniapp anonymous rank permission"
2026-09-29 23:15:22.194 INFO  [main] o.f.core.internal.command.DbMigrate - Migrating schema "public" to version "70 - add miniapp parent weekly review permission"
2026-09-29 23:15:22.200 INFO  [main] o.f.core.internal.command.DbMigrate - Migrating schema "public" to version "71 - add miniapp parent reward permissions"
2026-09-29 23:15:22.206 INFO  [main] o.f.core.internal.command.DbMigrate - Migrating schema "public" to version "72 - add web system task read permission"
2026-09-29 23:15:22.212 INFO  [main] o.f.core.internal.command.DbMigrate - Migrating schema "public" to version "73 - add feature toggle management"
2026-09-29 23:15:22.224 INFO  [main] o.f.core.internal.command.DbMigrate - Migrating schema "public" to version "74 - add interface change execution audit"
2026-09-29 23:15:22.235 INFO  [main] o.f.core.internal.command.DbMigrate - Migrating schema "public" to version "75 - add interface change before snapshot"
2026-09-29 23:15:22.246 INFO  [main] o.f.core.internal.command.DbMigrate - Migrating schema "public" to version "76 - add dictionary ledger export"
2026-09-29 23:15:22.252 INFO  [main] o.f.core.internal.command.DbMigrate - Migrating schema "public" to version "77 - add template ledger export"
2026-09-29 23:15:22.257 INFO  [main] o.f.core.internal.command.DbMigrate - Migrating schema "public" to version "78 - add interface service ledger export"
2026-09-29 23:15:22.266 INFO  [main] o.f.core.internal.command.DbMigrate - Migrating schema "public" to version "79 - add cache operation log export"
2026-09-29 23:15:22.273 INFO  [main] o.f.core.internal.command.DbMigrate - Migrating schema "public" to version "80 - add system task ledger export"
2026-09-29 23:15:22.280 INFO  [main] o.f.core.internal.command.DbMigrate - Migrating schema "public" to version "81 - add reward exchange ledger export"
2026-09-29 23:15:22.287 INFO  [main] o.f.core.internal.command.DbMigrate - Migrating schema "public" to version "82 - add exception report ledger export"
2026-09-29 23:15:22.295 INFO  [main] o.f.core.internal.command.DbMigrate - Migrating schema "public" to version "83 - add attachment ledger export"
2026-09-29 23:15:22.302 INFO  [main] o.f.core.internal.command.DbMigrate - Migrating schema "public" to version "84 - add student task report export"
2026-09-29 23:15:22.307 INFO  [main] o.f.core.internal.command.DbMigrate - Migrating schema "public" to version "85 - add organization task statistics export"
2026-09-29 23:15:22.315 INFO  [main] o.f.core.internal.command.DbMigrate - Migrating schema "public" to version "86 - add attendance ledger export"
2026-09-29 23:15:22.331 INFO  [main] o.f.core.internal.command.DbMigrate - Successfully applied 86 migrations to schema "public", now at version v86 (execution time 00:00.710s)
2026-09-29 23:15:27.669 INFO  [main] c.l.l.a.a.AttachmentFileApplicationServiceTest - Started AttachmentFileApplicationServiceTest in 11.533 seconds (process running for 17.513)
2026-09-29 23:15:27.672 WARN  [main] o.s.c.events.SpringDocAppInitializer - SpringDoc /api/v1/openapi endpoint is enabled by default. To disable it in production, set the property 'springdoc.api-docs.enabled=false'
2026-09-29 23:15:29.556 WARN  [main] c.l.l.a.a.AttachmentRetentionCleanupService - 已退役附件残留内容清理失败，文件标识=1874244142494647001，异常类型=IllegalStateException
2026-09-29 23:15:29.634 INFO  [main] o.s.t.c.s.AnnotationConfigContextLoaderUtils - Could not detect default configuration classes for test class [com.lingdong.learning.attachment.application.AttachmentRuleApplicationServiceTest]: AttachmentRuleApplicationServiceTest does not declare any static, non-private, non-final, nested classes annotated with @Configuration.
2026-09-29 23:15:29.641 INFO  [main] o.s.b.t.c.SpringBootTestContextBootstrapper - Found @SpringBootConfiguration com.lingdong.learning.LingdongLearningApplication for test class com.lingdong.learning.attachment.application.AttachmentRuleApplicationServiceTest
2026-09-29 23:15:30.508 INFO  [main] o.s.t.c.s.AnnotationConfigContextLoaderUtils - Could not detect default configuration classes for test class [com.lingdong.learning.attachment.web.AttachmentManagementControllerTest]: AttachmentManagementControllerTest does not declare any static, non-private, non-final, nested classes annotated with @Configuration.
2026-09-29 23:15:30.696 INFO  [main] o.s.b.t.c.SpringBootTestContextBootstrapper - Found @SpringBootConfiguration com.lingdong.learning.LingdongLearningApplication for test class com.lingdong.learning.attachment.web.AttachmentManagementControllerTest
2026-09-29 23:15:30.812 INFO  [main] c.l.l.a.w.AttachmentManagementControllerTest - Starting AttachmentManagementControllerTest using Java 17.0.20 with PID 286296 (started by Administrator in E:\apps\lingdong-xuexi-code\lingdong-xuexi-server)
2026-09-29 23:15:30.813 INFO  [main] c.l.l.a.w.AttachmentManagementControllerTest - The following 1 profile is active: "test"
2026-09-29 23:15:32.341 INFO  [main] o.s.d.r.c.RepositoryConfigurationDelegate - Multiple Spring Data modules found, entering strict repository configuration mode
2026-09-29 23:15:32.341 INFO  [main] o.s.d.r.c.RepositoryConfigurationDelegate - Bootstrapping Spring Data Redis repositories in DEFAULT mode.
2026-09-29 23:15:32.471 INFO  [main] o.s.d.r.c.RepositoryConfigurationDelegate - Finished Spring Data repository scanning in 125 ms. Found 0 Redis repository interfaces.
2026-09-29 23:15:33.253 INFO  [main] com.zaxxer.hikari.HikariDataSource - HikariPool-2 - Starting...
2026-09-29 23:15:33.255 INFO  [main] com.zaxxer.hikari.pool.HikariPool - HikariPool-2 - Added connection conn10: url=jdbc:h2:mem:lingdong_learning user=SA
2026-09-29 23:15:33.256 INFO  [main] com.zaxxer.hikari.HikariDataSource - HikariPool-2 - Start completed.
2026-09-29 23:15:33.267 INFO  [main] org.flywaydb.core.FlywayExecutor - Database: jdbc:h2:mem:lingdong_learning (H2 2.3)
2026-09-29 23:15:33.270 WARN  [main] o.f.c.i.database.base.Database - Flyway upgrade recommended: H2 2.3.232 is newer than this version of Flyway and support has not been tested. The latest supported version of H2 is 2.2.224.
2026-09-29 23:15:33.339 INFO  [main] o.f.core.internal.command.DbValidate - Successfully validated 86 migrations (execution time 00:00.057s)
2026-09-29 23:15:33.351 INFO  [main] o.f.core.internal.command.DbMigrate - Current version of schema "public": 86
2026-09-29 23:15:33.353 INFO  [main] o.f.core.internal.command.DbMigrate - Schema "public" is up to date. No migration necessary.
2026-09-29 23:15:36.879 INFO  [main] o.s.b.t.m.w.SpringBootMockServletContext - Initializing Spring TestDispatcherServlet ''
2026-09-29 23:15:36.880 INFO  [main] o.s.t.w.s.TestDispatcherServlet - Initializing Servlet ''
2026-09-29 23:15:36.884 INFO  [main] o.s.t.w.s.TestDispatcherServlet - Completed initialization in 4 ms
2026-09-29 23:15:36.930 INFO  [main] c.l.l.a.w.AttachmentManagementControllerTest - Started AttachmentManagementControllerTest in 6.228 seconds (process running for 26.774)
2026-09-29 23:15:36.932 WARN  [main] o.s.c.events.SpringDocAppInitializer - SpringDoc /api/v1/openapi endpoint is enabled by default. To disable it in production, set the property 'springdoc.api-docs.enabled=false'
2026-09-29 23:15:42.298 INFO  [main] o.s.api.AbstractOpenApiResource - Init duration for springdoc-openapi is: 4821 ms
2026-09-29 23:15:43.904 INFO  [main] o.s.t.c.s.AnnotationConfigContextLoaderUtils - Could not detect default configuration classes for test class [com.lingdong.learning.attendance.application.AttendancePersistenceTest]: AttendancePersistenceTest does not declare any static, non-private, non-final, nested classes annotated with @Configuration.
2026-09-29 23:15:43.989 INFO  [main] o.s.b.t.c.SpringBootTestContextBootstrapper - Found @SpringBootConfiguration com.lingdong.learning.LingdongLearningApplication for test class com.lingdong.learning.attendance.application.AttendancePersistenceTest
2026-09-29 23:15:44.458 INFO  [main] o.s.t.c.s.AnnotationConfigContextLoaderUtils - Could not detect default configuration classes for test class [com.lingdong.learning.audit.application.SystemTaskApplicationServiceTest]: SystemTaskApplicationServiceTest does not declare any static, non-private, non-final, nested classes annotated with @Configuration.
2026-09-29 23:15:44.541 INFO  [main] o.s.b.t.c.SpringBootTestContextBootstrapper - Found @SpringBootConfiguration com.lingdong.learning.LingdongLearningApplication for test class com.lingdong.learning.audit.application.SystemTaskApplicationServiceTest
2026-09-29 23:15:45.189 INFO  [main] o.s.t.c.s.AnnotationConfigContextLoaderUtils - Could not detect default configuration classes for test class [com.lingdong.learning.audit.web.SystemTaskQueryControllerTest]: SystemTaskQueryControllerTest does not declare any static, non-private, non-final, nested classes annotated with @Configuration.
2026-09-29 23:15:45.268 INFO  [main] o.s.b.t.c.SpringBootTestContextBootstrapper - Found @SpringBootConfiguration com.lingdong.learning.LingdongLearningApplication for test class com.lingdong.learning.audit.web.SystemTaskQueryControllerTest
2026-09-29 23:15:45.315 INFO  [main] c.l.l.a.w.SystemTaskQueryControllerTest - Starting SystemTaskQueryControllerTest using Java 17.0.20 with PID 286296 (started by Administrator in E:\apps\lingdong-xuexi-code\lingdong-xuexi-server)
2026-09-29 23:15:45.316 INFO  [main] c.l.l.a.w.SystemTaskQueryControllerTest - The following 1 profile is active: "test"
2026-09-29 23:15:46.143 INFO  [main] o.s.d.r.c.RepositoryConfigurationDelegate - Multiple Spring Data modules found, entering strict repository configuration mode
2026-09-29 23:15:46.143 INFO  [main] o.s.d.r.c.RepositoryConfigurationDelegate - Bootstrapping Spring Data Redis repositories in DEFAULT mode.
2026-09-29 23:15:46.221 INFO  [main] o.s.d.r.c.RepositoryConfigurationDelegate - Finished Spring Data repository scanning in 73 ms. Found 0 Redis repository interfaces.
2026-09-29 23:15:46.589 INFO  [main] com.zaxxer.hikari.HikariDataSource - HikariPool-3 - Starting...
2026-09-29 23:15:46.591 INFO  [main] com.zaxxer.hikari.pool.HikariPool - HikariPool-3 - Added connection conn20: url=jdbc:h2:mem:system_task_query_93daaf23e30144998d77279a875424f0 user=SA
2026-09-29 23:15:46.592 INFO  [main] com.zaxxer.hikari.HikariDataSource - HikariPool-3 - Start completed.
2026-09-29 23:15:46.596 INFO  [main] org.flywaydb.core.FlywayExecutor - Database: jdbc:h2:mem:system_task_query_93daaf23e30144998d77279a875424f0 (H2 2.3)
2026-09-29 23:15:46.597 WARN  [main] o.f.c.i.database.base.Database - Flyway upgrade recommended: H2 2.3.232 is newer than this version of Flyway and support has not been tested. The latest supported version of H2 is 2.2.224.
2026-09-29 23:15:46.639 INFO  [main] o.f.c.i.s.JdbcTableSchemaHistory - Schema history table "public"."flyway_schema_history" does not exist yet
2026-09-29 23:15:46.640 INFO  [main] o.f.core.internal.command.DbValidate - Successfully validated 86 migrations (execution time 00:00.040s)
2026-09-29 23:15:46.641 INFO  [main] o.f.c.i.s.JdbcTableSchemaHistory - Creating Schema History table "public"."flyway_schema_history" ...
2026-09-29 23:15:46.655 INFO  [main] o.f.core.internal.command.DbMigrate - Current version of schema "public": << Empty Schema >>
2026-09-29 23:15:46.659 INFO  [main] o.f.core.internal.command.DbMigrate - Migrating schema "public" to version "1 - create system config"
2026-09-29 23:15:46.673 INFO  [main] o.f.core.internal.command.DbMigrate - Migrating schema "public" to version "2 - create iam rbac tables"
2026-09-29 23:15:46.693 INFO  [main] o.f.core.internal.command.DbMigrate - Migrating schema "public" to version "3 - create organization types"
2026-09-29 23:15:46.710 INFO  [main] o.f.core.internal.command.DbMigrate - Migrating schema "public" to version "4 - create user organization relations"
2026-09-29 23:15:46.723 INFO  [main] o.f.core.internal.command.DbMigrate - Migrating schema "public" to version "5 - create system task audit"
2026-09-29 23:15:46.736 INFO  [main] o.f.core.internal.command.DbMigrate - Migrating schema "public" to version "6 - create feature toggles"
2026-09-29 23:15:46.743 INFO  [main] o.f.core.internal.command.DbMigrate - Migrating schema "public" to version "7 - create feature toggle changes"
2026-09-29 23:15:46.752 INFO  [main] o.f.core.internal.command.DbMigrate - Migrating schema "public" to version "8 - create user permissions"
2026-09-29 23:15:46.757 INFO  [main] o.f.core.internal.command.DbMigrate - Migrating schema "public" to version "9 - create role data scopes"
2026-09-29 23:15:46.768 INFO  [main] o.f.core.internal.command.DbMigrate - Migrating schema "public" to version "10 - create dictionary tables"
2026-09-29 23:15:46.777 INFO  [main] o.f.core.internal.command.DbMigrate - Migrating schema "public" to version "11 - create cache operation log"
2026-09-29 23:15:46.787 INFO  [main] o.f.core.internal.command.DbMigrate - Migrating schema "public" to version "12 - create interface service tables"
2026-09-29 23:15:46.801 INFO  [main] o.f.core.internal.command.DbMigrate - Migrating schema "public" to version "13 - create attachment core tables"
2026-09-29 23:15:46.809 INFO  [main] o.f.core.internal.command.DbMigrate - Migrating schema "public" to version "14 - create import export template table"
2026-09-29 23:15:46.820 INFO  [main] o.f.core.internal.command.DbMigrate - Migrating schema "public" to version "15 - create auth device session"
2026-09-29 23:15:46.832 INFO  [main] o.f.core.internal.command.DbMigrate - Migrating schema "public" to version "16 - seed iam management permissions"
2026-09-29 23:15:46.839 INFO  [main] o.f.core.internal.command.DbMigrate - Migrating schema "public" to version "17 - seed organization management permissions"
2026-09-29 23:15:46.843 INFO  [main] o.f.core.internal.command.DbMigrate - Migrating schema "public" to version "18 - seed user directory permissions"
2026-09-29 23:15:46.854 INFO  [main] o.f.core.internal.command.DbMigrate - Migrating schema "public" to version "19 - create student relationship foundation"
2026-09-29 23:15:46.870 INFO  [main] o.f.core.internal.command.DbMigrate - Migrating schema "public" to version "20 - create parent binding invitation"
2026-09-29 23:15:46.880 INFO  [main] o.f.core.internal.command.DbMigrate - Migrating schema "public" to version "21 - create student code login"
2026-09-29 23:15:46.892 INFO  [main] o.f.core.internal.command.DbMigrate - Migrating schema "public" to version "22 - create learning task foundation"
2026-09-29 23:15:46.915 INFO  [main] o.f.core.internal.command.DbMigrate - Migrating schema "public" to version "23 - create task execution foundation"
2026-09-29 23:15:46.953 INFO  [main] o.f.core.internal.command.DbMigrate - Migrating schema "public" to version "24 - create growth point account and ledger"
2026-09-29 23:15:46.970 INFO  [main] o.f.core.internal.command.DbMigrate - Migrating schema "public" to version "25 - seed growth point query access"
2026-09-29 23:15:46.975 INFO  [main] o.f.core.internal.command.DbMigrate - Migrating schema "public" to version "26 - add growth point correction"
2026-09-29 23:15:46.988 INFO  [main] o.f.core.internal.command.DbMigrate - Migrating schema "public" to version "27 - add reward exchange"
2026-09-29 23:15:47.017 INFO  [main] o.f.core.internal.command.DbMigrate - Migrating schema "public" to version "28 - add growth review"
2026-09-29 23:15:47.039 INFO  [main] o.f.core.internal.command.DbMigrate - Migrating schema "public" to version "29 - add point lifecycle"
2026-09-29 23:15:47.122 INFO  [main] o.f.core.internal.command.DbMigrate - Migrating schema "public" to version "30 - add recurring task"
2026-09-29 23:15:47.144 INFO  [main] o.f.core.internal.command.DbMigrate - Migrating schema "public" to version "31 - add task checkin attachment"
2026-09-29 23:15:47.167 INFO  [main] o.f.core.internal.command.DbMigrate - Migrating schema "public" to version "32 - add task overdue defer"
2026-09-29 23:15:47.234 INFO  [main] o.f.core.internal.command.DbMigrate - Migrating schema "public" to version "33 - add previous day task copy"
2026-09-29 23:15:47.250 INFO  [main] o.f.core.internal.command.DbMigrate - Migrating schema "public" to version "34 - add learning task template"
2026-09-29 23:15:47.265 INFO  [main] o.f.core.internal.command.DbMigrate - Migrating schema "public" to version "35 - add student qr login"
2026-09-29 23:15:47.283 INFO  [main] o.f.core.internal.command.DbMigrate - Migrating schema "public" to version "36 - add parent phone auth"
2026-09-29 23:15:47.291 INFO  [main] o.f.core.internal.command.DbMigrate - Migrating schema "public" to version "37 - add parent wechat auth"
2026-09-29 23:15:47.307 INFO  [main] o.f.core.internal.command.DbMigrate - Migrating schema "public" to version "38 - add parent relationship lifecycle"
2026-09-29 23:15:47.326 INFO  [main] o.f.core.internal.command.DbMigrate - Migrating schema "public" to version "39 - add account security event"
2026-09-29 23:15:47.337 INFO  [main] o.f.core.internal.command.DbMigrate - Migrating schema "public" to version "40 - add organization miniapp auth"
2026-09-29 23:15:47.346 INFO  [main] o.f.core.internal.command.DbMigrate - Migrating schema "public" to version "41 - add student organization lifecycle"
2026-09-29 23:15:47.355 INFO  [main] o.f.core.internal.command.DbMigrate - Migrating schema "public" to version "42 - add parent account lifecycle"
2026-09-29 23:15:47.370 INFO  [main] o.f.core.internal.command.DbMigrate - Migrating schema "public" to version "43 - finalize parent account cancellation"
2026-09-29 23:15:47.393 INFO  [main] o.f.core.internal.command.DbMigrate - Migrating schema "public" to version "44 - add parent mobile manual recovery"
2026-09-29 23:15:47.406 INFO  [main] o.f.core.internal.command.DbMigrate - Migrating schema "public" to version "45 - add student account cancellation"
2026-09-29 23:15:47.419 INFO  [main] o.f.core.internal.command.DbMigrate - Migrating schema "public" to version "46 - add student wechat auth"
2026-09-29 23:15:47.434 INFO  [main] o.f.core.internal.command.DbMigrate - Migrating schema "public" to version "47 - add organization node lifecycle"
2026-09-29 23:15:47.471 INFO  [main] o.f.core.internal.command.DbMigrate - Migrating schema "public" to version "48 - add class management"
2026-09-29 23:15:47.481 INFO  [main] o.f.core.internal.command.DbMigrate - Migrating schema "public" to version "49 - add permission grant boundary"
2026-09-29 23:15:47.498 INFO  [main] o.f.core.internal.command.DbMigrate - Migrating schema "public" to version "50 - add iam change audit"
2026-09-29 23:15:47.505 INFO  [main] o.f.core.internal.command.DbMigrate - Migrating schema "public" to version "51 - add dictionary management"
2026-09-29 23:15:47.518 INFO  [main] o.f.core.internal.command.DbMigrate - Migrating schema "public" to version "52 - add cache management"
2026-09-29 23:15:47.526 INFO  [main] o.f.core.internal.command.DbMigrate - Migrating schema "public" to version "53 - add interface service management"
2026-09-29 23:15:47.537 INFO  [main] o.f.core.internal.command.DbMigrate - Migrating schema "public" to version "54 - add attachment management"
2026-09-29 23:15:47.550 INFO  [main] o.f.core.internal.command.DbMigrate - Migrating schema "public" to version "55 - add import export template management"
2026-09-29 23:15:47.558 INFO  [main] o.f.core.internal.command.DbMigrate - Migrating schema "public" to version "56 - add import validation job"
2026-09-29 23:15:47.585 INFO  [main] o.f.core.internal.command.DbMigrate - Migrating schema "public" to version "57 - add async export job"
2026-09-29 23:15:47.625 INFO  [main] o.f.core.internal.command.DbMigrate - Migrating schema "public" to version "58 - add student batch import"
2026-09-29 23:15:47.650 INFO  [main] o.f.core.internal.command.DbMigrate - Migrating schema "public" to version "59 - add teacher management"
2026-09-29 23:15:47.664 INFO  [main] o.f.core.internal.command.DbMigrate - Migrating schema "public" to version "60 - complete organization teacher tasks"
2026-09-29 23:15:47.673 INFO  [main] o.f.core.internal.command.DbMigrate - Migrating schema "public" to version "61 - add student exception report"
2026-09-29 23:15:47.689 INFO  [main] o.f.core.internal.command.DbMigrate - Migrating schema "public" to version "62 - add manual attendance"
2026-09-29 23:15:47.702 INFO  [main] o.f.core.internal.command.DbMigrate - Migrating schema "public" to version "63 - add export job payload"
2026-09-29 23:15:47.713 INFO  [main] o.f.core.internal.command.DbMigrate - Migrating schema "public" to version "64 - add growth review pdf feature"
2026-09-29 23:15:47.720 INFO  [main] o.f.core.internal.command.DbMigrate - Migrating schema "public" to version "65 - add growth review pdf job type"
2026-09-29 23:15:47.730 INFO  [main] o.f.core.internal.command.DbMigrate - Migrating schema "public" to version "66 - add growth review subscription"
2026-09-29 23:15:47.739 INFO  [main] o.f.core.internal.command.DbMigrate - Migrating schema "public" to version "67 - add growth review delivery queue"
2026-09-29 23:15:47.752 INFO  [main] o.f.core.internal.command.DbMigrate - Migrating schema "public" to version "68 - add anonymous rank preference"
2026-09-29 23:15:47.765 INFO  [main] o.f.core.internal.command.DbMigrate - Migrating schema "public" to version "69 - add miniapp anonymous rank permission"
2026-09-29 23:15:47.770 INFO  [main] o.f.core.internal.command.DbMigrate - Migrating schema "public" to version "70 - add miniapp parent weekly review permission"
2026-09-29 23:15:47.775 INFO  [main] o.f.core.internal.command.DbMigrate - Migrating schema "public" to version "71 - add miniapp parent reward permissions"
2026-09-29 23:15:47.786 INFO  [main] o.f.core.internal.command.DbMigrate - Migrating schema "public" to version "72 - add web system task read permission"
2026-09-29 23:15:47.797 INFO  [main] o.f.core.internal.command.DbMigrate - Migrating schema "public" to version "73 - add feature toggle management"
2026-09-29 23:15:47.823 INFO  [main] o.f.core.internal.command.DbMigrate - Migrating schema "public" to version "74 - add interface change execution audit"
2026-09-29 23:15:47.848 INFO  [main] o.f.core.internal.command.DbMigrate - Migrating schema "public" to version "75 - add interface change before snapshot"
2026-09-29 23:15:47.871 INFO  [main] o.f.core.internal.command.DbMigrate - Migrating schema "public" to version "76 - add dictionary ledger export"
2026-09-29 23:15:47.879 INFO  [main] o.f.core.internal.command.DbMigrate - Migrating schema "public" to version "77 - add template ledger export"
2026-09-29 23:15:47.887 INFO  [main] o.f.core.internal.command.DbMigrate - Migrating schema "public" to version "78 - add interface service ledger export"
2026-09-29 23:15:47.899 INFO  [main] o.f.core.internal.command.DbMigrate - Migrating schema "public" to version "79 - add cache operation log export"
2026-09-29 23:15:47.908 INFO  [main] o.f.core.internal.command.DbMigrate - Migrating schema "public" to version "80 - add system task ledger export"
2026-09-29 23:15:47.919 INFO  [main] o.f.core.internal.command.DbMigrate - Migrating schema "public" to version "81 - add reward exchange ledger export"
2026-09-29 23:15:47.930 INFO  [main] o.f.core.internal.command.DbMigrate - Migrating schema "public" to version "82 - add exception report ledger export"
2026-09-29 23:15:47.937 INFO  [main] o.f.core.internal.command.DbMigrate - Migrating schema "public" to version "83 - add attachment ledger export"
2026-09-29 23:15:47.944 INFO  [main] o.f.core.internal.command.DbMigrate - Migrating schema "public" to version "84 - add student task report export"
2026-09-29 23:15:47.954 INFO  [main] o.f.core.internal.command.DbMigrate - Migrating schema "public" to version "85 - add organization task statistics export"
2026-09-29 23:15:47.966 INFO  [main] o.f.core.internal.command.DbMigrate - Migrating schema "public" to version "86 - add attendance ledger export"
2026-09-29 23:15:47.972 INFO  [main] o.f.core.internal.command.DbMigrate - Successfully applied 86 migrations to schema "public", now at version v86 (execution time 00:00.682s)
2026-09-29 23:15:49.963 INFO  [main] o.s.b.t.m.w.SpringBootMockServletContext - Initializing Spring TestDispatcherServlet ''
2026-09-29 23:15:49.964 INFO  [main] o.s.t.w.s.TestDispatcherServlet - Initializing Servlet ''
2026-09-29 23:15:49.966 INFO  [main] o.s.t.w.s.TestDispatcherServlet - Completed initialization in 2 ms
2026-09-29 23:15:49.991 INFO  [main] c.l.l.a.w.SystemTaskQueryControllerTest - Started SystemTaskQueryControllerTest in 4.718 seconds (process running for 39.835)
2026-09-29 23:15:49.992 WARN  [main] o.s.c.events.SpringDocAppInitializer - SpringDoc /api/v1/openapi endpoint is enabled by default. To disable it in production, set the property 'springdoc.api-docs.enabled=false'
2026-09-29 23:15:51.983 INFO  [main] o.s.t.c.s.AnnotationConfigContextLoaderUtils - Could not detect default configuration classes for test class [com.lingdong.learning.auth.application.AccountSecurityEventPersistenceTest]: AccountSecurityEventPersistenceTest does not declare any static, non-private, non-final, nested classes annotated with @Configuration.
2026-09-29 23:15:52.102 INFO  [main] o.s.b.t.c.SpringBootTestContextBootstrapper - Found @SpringBootConfiguration com.lingdong.learning.LingdongLearningApplication for test class com.lingdong.learning.auth.application.AccountSecurityEventPersistenceTest
2026-09-29 23:15:52.175 INFO  [main] o.s.t.c.s.AnnotationConfigContextLoaderUtils - Could not detect default configuration classes for test class [com.lingdong.learning.auth.application.AuthenticationApplicationServiceTest]: AuthenticationApplicationServiceTest does not declare any static, non-private, non-final, nested classes annotated with @Configuration.
2026-09-29 23:15:52.182 INFO  [main] o.s.b.t.c.SpringBootTestContextBootstrapper - Found @SpringBootConfiguration com.lingdong.learning.LingdongLearningApplication for test class com.lingdong.learning.auth.application.AuthenticationApplicationServiceTest
2026-09-29 23:15:54.887 INFO  [main] o.s.t.c.s.AnnotationConfigContextLoaderUtils - Could not detect default configuration classes for test class [com.lingdong.learning.auth.application.OrganizationMiniappAuthenticationTest]: OrganizationMiniappAuthenticationTest does not declare any static, non-private, non-final, nested classes annotated with @Configuration.
2026-09-29 23:15:54.890 INFO  [main] o.s.b.t.c.SpringBootTestContextBootstrapper - Found @SpringBootConfiguration com.lingdong.learning.LingdongLearningApplication for test class com.lingdong.learning.auth.application.OrganizationMiniappAuthenticationTest
2026-09-29 23:15:54.942 INFO  [main] c.l.l.a.a.OrganizationMiniappAuthenticationTest - Starting OrganizationMiniappAuthenticationTest using Java 17.0.20 with PID 286296 (started by Administrator in E:\apps\lingdong-xuexi-code\lingdong-xuexi-server)
2026-09-29 23:15:54.943 INFO  [main] c.l.l.a.a.OrganizationMiniappAuthenticationTest - The following 1 profile is active: "test"
2026-09-29 23:15:55.804 INFO  [main] o.s.d.r.c.RepositoryConfigurationDelegate - Multiple Spring Data modules found, entering strict repository configuration mode
2026-09-29 23:15:55.805 INFO  [main] o.s.d.r.c.RepositoryConfigurationDelegate - Bootstrapping Spring Data Redis repositories in DEFAULT mode.
2026-09-29 23:15:55.869 INFO  [main] o.s.d.r.c.RepositoryConfigurationDelegate - Finished Spring Data repository scanning in 64 ms. Found 0 Redis repository interfaces.
2026-09-29 23:15:56.115 INFO  [main] com.zaxxer.hikari.HikariDataSource - HikariPool-4 - Starting...
2026-09-29 23:15:56.116 INFO  [main] com.zaxxer.hikari.pool.HikariPool - HikariPool-4 - Added connection conn30: url=jdbc:h2:mem:lingdong_learning user=SA
2026-09-29 23:15:56.116 INFO  [main] com.zaxxer.hikari.HikariDataSource - HikariPool-4 - Start completed.
2026-09-29 23:15:56.118 INFO  [main] org.flywaydb.core.FlywayExecutor - Database: jdbc:h2:mem:lingdong_learning (H2 2.3)
2026-09-29 23:15:56.120 WARN  [main] o.f.c.i.database.base.Database - Flyway upgrade recommended: H2 2.3.232 is newer than this version of Flyway and support has not been tested. The latest supported version of H2 is 2.2.224.
2026-09-29 23:15:56.163 INFO  [main] o.f.core.internal.command.DbValidate - Successfully validated 86 migrations (execution time 00:00.040s)
2026-09-29 23:15:56.167 INFO  [main] o.f.core.internal.command.DbMigrate - Current version of schema "public": 86
2026-09-29 23:15:56.167 INFO  [main] o.f.core.internal.command.DbMigrate - Schema "public" is up to date. No migration necessary.
2026-09-29 23:15:58.766 INFO  [main] c.l.l.a.a.OrganizationMiniappAuthenticationTest - Started OrganizationMiniappAuthenticationTest in 3.868 seconds (process running for 48.61)
2026-09-29 23:15:58.768 WARN  [main] o.s.c.events.SpringDocAppInitializer - SpringDoc /api/v1/openapi endpoint is enabled by default. To disable it in production, set the property 'springdoc.api-docs.enabled=false'
2026-09-29 23:16:04.971 INFO  [main] o.s.t.c.s.AnnotationConfigContextLoaderUtils - Could not detect default configuration classes for test class [com.lingdong.learning.auth.application.OrganizationSessionRevocationPersistenceTest]: OrganizationSessionRevocationPersistenceTest does not declare any static, non-private, non-final, nested classes annotated with @Configuration.
2026-09-29 23:16:04.973 INFO  [main] o.s.b.t.c.SpringBootTestContextBootstrapper - Found @SpringBootConfiguration com.lingdong.learning.LingdongLearningApplication for test class com.lingdong.learning.auth.application.OrganizationSessionRevocationPersistenceTest
2026-09-29 23:16:05.402 WARN  [main] c.l.l.a.a.ParentAccountFinalizationBatchService - 家长注销申请终结失败，申请标识=12，异常类型=IllegalStateException
2026-09-29 23:16:05.437 INFO  [main] o.s.t.c.s.AnnotationConfigContextLoaderUtils - Could not detect default configuration classes for test class [com.lingdong.learning.auth.application.ParentAccountFinalizationPersistenceTest]: ParentAccountFinalizationPersistenceTest does not declare any static, non-private, non-final, nested classes annotated with @Configuration.
2026-09-29 23:16:05.439 INFO  [main] o.s.b.t.c.SpringBootTestContextBootstrapper - Found @SpringBootConfiguration com.lingdong.learning.LingdongLearningApplication for test class com.lingdong.learning.auth.application.ParentAccountFinalizationPersistenceTest
2026-09-29 23:16:06.581 INFO  [main] o.s.t.c.s.AnnotationConfigContextLoaderUtils - Could not detect default configuration classes for test class [com.lingdong.learning.auth.application.ParentMobileManualRecoveryPersistenceTest]: ParentMobileManualRecoveryPersistenceTest does not declare any static, non-private, non-final, nested classes annotated with @Configuration.
2026-09-29 23:16:06.583 INFO  [main] o.s.b.t.c.SpringBootTestContextBootstrapper - Found @SpringBootConfiguration com.lingdong.learning.LingdongLearningApplication for test class com.lingdong.learning.auth.application.ParentMobileManualRecoveryPersistenceTest
2026-09-29 23:16:07.604 INFO  [main] o.s.t.c.s.AnnotationConfigContextLoaderUtils - Could not detect default configuration classes for test class [com.lingdong.learning.auth.application.StudentCodeLoginApplicationServiceTest]: StudentCodeLoginApplicationServiceTest does not declare any static, non-private, non-final, nested classes annotated with @Configuration.
2026-09-29 23:16:07.606 INFO  [main] o.s.b.t.c.SpringBootTestContextBootstrapper - Found @SpringBootConfiguration com.lingdong.learning.LingdongLearningApplication for test class com.lingdong.learning.auth.application.StudentCodeLoginApplicationServiceTest
2026-09-29 23:16:08.564 INFO  [main] o.s.t.c.s.AnnotationConfigContextLoaderUtils - Could not detect default configuration classes for test class [com.lingdong.learning.auth.web.AuthenticationControllerTest]: AuthenticationControllerTest does not declare any static, non-private, non-final, nested classes annotated with @Configuration.
2026-09-29 23:16:08.717 INFO  [main] o.s.b.t.c.SpringBootTestContextBootstrapper - Found @SpringBootConfiguration com.lingdong.learning.LingdongLearningApplication for test class com.lingdong.learning.auth.web.AuthenticationControllerTest
2026-09-29 23:16:10.691 INFO  [main] o.s.t.c.s.AnnotationConfigContextLoaderUtils - Could not detect default configuration classes for test class [com.lingdong.learning.auth.web.ParentAuthenticationControllerTest]: ParentAuthenticationControllerTest does not declare any static, non-private, non-final, nested classes annotated with @Configuration.
2026-09-29 23:16:10.696 INFO  [main] o.s.b.t.c.SpringBootTestContextBootstrapper - Found @SpringBootConfiguration com.lingdong.learning.LingdongLearningApplication for test class com.lingdong.learning.auth.web.ParentAuthenticationControllerTest
2026-09-29 23:16:11.638 INFO  [main] o.s.t.c.s.AnnotationConfigContextLoaderUtils - Could not detect default configuration classes for test class [com.lingdong.learning.auth.web.StudentAuthenticationControllerTest]: StudentAuthenticationControllerTest does not declare any static, non-private, non-final, nested classes annotated with @Configuration.
2026-09-29 23:16:11.651 INFO  [main] o.s.b.t.c.SpringBootTestContextBootstrapper - Found @SpringBootConfiguration com.lingdong.learning.LingdongLearningApplication for test class com.lingdong.learning.auth.web.StudentAuthenticationControllerTest
2026-09-29 23:16:11.691 INFO  [main] c.l.l.a.w.StudentAuthenticationControllerTest - Starting StudentAuthenticationControllerTest using Java 17.0.20 with PID 286296 (started by Administrator in E:\apps\lingdong-xuexi-code\lingdong-xuexi-server)
2026-09-29 23:16:11.691 INFO  [main] c.l.l.a.w.StudentAuthenticationControllerTest - The following 1 profile is active: "test"
2026-09-29 23:16:12.456 INFO  [main] o.s.d.r.c.RepositoryConfigurationDelegate - Multiple Spring Data modules found, entering strict repository configuration mode
2026-09-29 23:16:12.456 INFO  [main] o.s.d.r.c.RepositoryConfigurationDelegate - Bootstrapping Spring Data Redis repositories in DEFAULT mode.
2026-09-29 23:16:12.537 INFO  [main] o.s.d.r.c.RepositoryConfigurationDelegate - Finished Spring Data repository scanning in 79 ms. Found 0 Redis repository interfaces.
2026-09-29 23:16:12.914 INFO  [main] com.zaxxer.hikari.HikariDataSource - HikariPool-5 - Starting...
2026-09-29 23:16:12.916 INFO  [main] com.zaxxer.hikari.pool.HikariPool - HikariPool-5 - Added connection conn40: url=jdbc:h2:mem:lingdong_learning user=SA
2026-09-29 23:16:12.916 INFO  [main] com.zaxxer.hikari.HikariDataSource - HikariPool-5 - Start completed.
2026-09-29 23:16:12.919 INFO  [main] org.flywaydb.core.FlywayExecutor - Database: jdbc:h2:mem:lingdong_learning (H2 2.3)
2026-09-29 23:16:12.921 WARN  [main] o.f.c.i.database.base.Database - Flyway upgrade recommended: H2 2.3.232 is newer than this version of Flyway and support has not been tested. The latest supported version of H2 is 2.2.224.
2026-09-29 23:16:13.035 INFO  [main] o.f.core.internal.command.DbValidate - Successfully validated 86 migrations (execution time 00:00.110s)
2026-09-29 23:16:13.109 INFO  [main] o.f.core.internal.command.DbMigrate - Current version of schema "public": 86
2026-09-29 23:16:13.110 INFO  [main] o.f.core.internal.command.DbMigrate - Schema "public" is up to date. No migration necessary.
2026-09-29 23:16:15.349 INFO  [main] o.s.b.t.m.w.SpringBootMockServletContext - Initializing Spring TestDispatcherServlet ''
2026-09-29 23:16:15.349 INFO  [main] o.s.t.w.s.TestDispatcherServlet - Initializing Servlet ''
2026-09-29 23:16:15.351 INFO  [main] o.s.t.w.s.TestDispatcherServlet - Completed initialization in 2 ms
2026-09-29 23:16:15.375 INFO  [main] c.l.l.a.w.StudentAuthenticationControllerTest - Started StudentAuthenticationControllerTest in 3.719 seconds (process running for 65.219)
2026-09-29 23:16:15.377 WARN  [main] o.s.c.events.SpringDocAppInitializer - SpringDoc /api/v1/openapi endpoint is enabled by default. To disable it in production, set the property 'springdoc.api-docs.enabled=false'
2026-09-29 23:16:15.521 INFO  [main] o.s.t.c.s.AnnotationConfigContextLoaderUtils - Could not detect default configuration classes for test class [com.lingdong.learning.auth.web.StudentQrAuthenticationControllerTest]: StudentQrAuthenticationControllerTest does not declare any static, non-private, non-final, nested classes annotated with @Configuration.
2026-09-29 23:16:15.524 INFO  [main] o.s.b.t.c.SpringBootTestContextBootstrapper - Found @SpringBootConfiguration com.lingdong.learning.LingdongLearningApplication for test class com.lingdong.learning.auth.web.StudentQrAuthenticationControllerTest
2026-09-29 23:16:17.062 INFO  [main] o.s.t.c.s.AnnotationConfigContextLoaderUtils - Could not detect default configuration classes for test class [com.lingdong.learning.auth.web.StudentWechatAuthenticationControllerTest]: StudentWechatAuthenticationControllerTest does not declare any static, non-private, non-final, nested classes annotated with @Configuration.
2026-09-29 23:16:17.067 INFO  [main] o.s.b.t.c.SpringBootTestContextBootstrapper - Found @SpringBootConfiguration com.lingdong.learning.LingdongLearningApplication for test class com.lingdong.learning.auth.web.StudentWechatAuthenticationControllerTest
2026-09-29 23:16:17.235 INFO  [main] o.s.t.c.s.AnnotationConfigContextLoaderUtils - Could not detect default configuration classes for test class [com.lingdong.learning.cache.application.CacheOperationApplicationServiceTest]: CacheOperationApplicationServiceTest does not declare any static, non-private, non-final, nested classes annotated with @Configuration.
2026-09-29 23:16:17.297 INFO  [main] o.s.b.t.c.SpringBootTestContextBootstrapper - Found @SpringBootConfiguration com.lingdong.learning.LingdongLearningApplication for test class com.lingdong.learning.cache.application.CacheOperationApplicationServiceTest
2026-09-29 23:16:17.428 INFO  [main] o.s.t.c.s.AnnotationConfigContextLoaderUtils - Could not detect default configuration classes for test class [com.lingdong.learning.cache.web.CacheManagementControllerTest]: CacheManagementControllerTest does not declare any static, non-private, non-final, nested classes annotated with @Configuration.
2026-09-29 23:16:17.504 INFO  [main] o.s.b.t.c.SpringBootTestContextBootstrapper - Found @SpringBootConfiguration com.lingdong.learning.LingdongLearningApplication for test class com.lingdong.learning.cache.web.CacheManagementControllerTest
2026-09-29 23:16:20.274 ERROR [main] LINGDONG_ALERT - [ALERT] exceptionType=NullPointerException, path=/api/v1/tasks, traceId=trace-2
2026-09-29 23:16:20.374 INFO  [main] LINGDONG_ALERT - [ALERT] webhook 分发成功，traceId=trace-2
2026-09-29 23:16:20.386 ERROR [main] LINGDONG_ALERT - [ALERT] exceptionType=RuntimeException, path=/api/v1/tasks, traceId=trace-3
2026-09-29 23:16:20.391 WARN  [main] LINGDONG_ALERT - [ALERT] webhook 分发失败，traceId=trace-3, 异常类型=ResourceAccessException
2026-09-29 23:16:20.393 ERROR [main] LINGDONG_ALERT - [ALERT] exceptionType=IllegalStateException, path=/api/v1/students, traceId=trace-1
2026-09-29 23:16:20.920 ERROR [main] c.l.l.common.web.ApiExceptionHandler - 未预期异常 traceId=trace-9 path=/api/v1/students
java.lang.RuntimeException: 数据库密码 hunter2 泄露细节
	at com.lingdong.learning.common.web.ApiExceptionHandlerUnexpectedErrorTest.returnsUnified500WithoutLeakingInternalDetailsAndRaisesAlert(ApiExceptionHandlerUnexpectedErrorTest.java:37)
	at java.base/jdk.internal.reflect.NativeMethodAccessorImpl.invoke0(Native Method)
	at java.base/jdk.internal.reflect.NativeMethodAccessorImpl.invoke(NativeMethodAccessorImpl.java:77)
	at java.base/jdk.internal.reflect.DelegatingMethodAccessorImpl.invoke(DelegatingMethodAccessorImpl.java:43)
	at java.base/java.lang.reflect.Method.invoke(Method.java:569)
	at org.junit.platform.commons.util.ReflectionUtils.invokeMethod(ReflectionUtils.java:767)
	at org.junit.jupiter.engine.execution.MethodInvocation.proceed(MethodInvocation.java:60)
	at org.junit.jupiter.engine.execution.InvocationInterceptorChain$ValidatingInvocation.proceed(InvocationInterceptorChain.java:131)
	at org.junit.jupiter.engine.extension.TimeoutExtension.intercept(TimeoutExtension.java:156)
	at org.junit.jupiter.engine.extension.TimeoutExtension.interceptTestableMethod(TimeoutExtension.java:147)
	at org.junit.jupiter.engine.extension.TimeoutExtension.interceptTestMethod(TimeoutExtension.java:86)
	at org.junit.jupiter.engine.execution.InterceptingExecutableInvoker$ReflectiveInterceptorCall.lambda$ofVoidMethod$0(InterceptingExecutableInvoker.java:103)
	at org.junit.jupiter.engine.execution.InterceptingExecutableInvoker.lambda$invoke$0(InterceptingExecutableInvoker.java:93)
	at org.junit.jupiter.engine.execution.InvocationInterceptorChain$InterceptedInvocation.proceed(InvocationInterceptorChain.java:106)
	at org.junit.jupiter.engine.execution.InvocationInterceptorChain.proceed(InvocationInterceptorChain.java:64)
	at org.junit.jupiter.engine.execution.InvocationInterceptorChain.chainAndInvoke(InvocationInterceptorChain.java:45)
	at org.junit.jupiter.engine.execution.InvocationInterceptorChain.invoke(InvocationInterceptorChain.java:37)
	at org.junit.jupiter.engine.execution.InterceptingExecutableInvoker.invoke(InterceptingExecutableInvoker.java:92)
	at org.junit.jupiter.engine.execution.InterceptingExecutableInvoker.invoke(InterceptingExecutableInvoker.java:86)
	at org.junit.jupiter.engine.descriptor.TestMethodTestDescriptor.lambda$invokeTestMethod$8(TestMethodTestDescriptor.java:217)
	at org.junit.platform.engine.support.hierarchical.ThrowableCollector.execute(ThrowableCollector.java:73)
	at org.junit.jupiter.engine.descriptor.TestMethodTestDescriptor.invokeTestMethod(TestMethodTestDescriptor.java:213)
	at org.junit.jupiter.engine.descriptor.TestMethodTestDescriptor.execute(TestMethodTestDescriptor.java:138)
	at org.junit.jupiter.engine.descriptor.TestMethodTestDescriptor.execute(TestMethodTestDescriptor.java:68)
	at org.junit.platform.engine.support.hierarchical.NodeTestTask.lambda$executeRecursively$6(NodeTestTask.java:156)
	at org.junit.platform.engine.support.hierarchical.ThrowableCollector.execute(ThrowableCollector.java:73)
	at org.junit.platform.engine.support.hierarchical.NodeTestTask.lambda$executeRecursively$8(NodeTestTask.java:146)
	at org.junit.platform.engine.support.hierarchical.Node.around(Node.java:137)
	at org.junit.platform.engine.support.hierarchical.NodeTestTask.lambda$executeRecursively$9(NodeTestTask.java:144)
	at org.junit.platform.engine.support.hierarchical.ThrowableCollector.execute(ThrowableCollector.java:73)
	at org.junit.platform.engine.support.hierarchical.NodeTestTask.executeRecursively(NodeTestTask.java:143)
	at org.junit.platform.engine.support.hierarchical.NodeTestTask.execute(NodeTestTask.java:100)
	at java.base/java.util.ArrayList.forEach(ArrayList.java:1511)
	at org.junit.platform.engine.support.hierarchical.SameThreadHierarchicalTestExecutorService.invokeAll(SameThreadHierarchicalTestExecutorService.java:41)
	at org.junit.platform.engine.support.hierarchical.NodeTestTask.lambda$executeRecursively$6(NodeTestTask.java:160)
	at org.junit.platform.engine.support.hierarchical.ThrowableCollector.execute(ThrowableCollector.java:73)
	at org.junit.platform.engine.support.hierarchical.NodeTestTask.lambda$executeRecursively$8(NodeTestTask.java:146)
	at org.junit.platform.engine.support.hierarchical.Node.around(Node.java:137)
	at org.junit.platform.engine.support.hierarchical.NodeTestTask.lambda$executeRecursively$9(NodeTestTask.java:144)
	at org.junit.platform.engine.support.hierarchical.ThrowableCollector.execute(ThrowableCollector.java:73)
	at org.junit.platform.engine.support.hierarchical.NodeTestTask.executeRecursively(NodeTestTask.java:143)
	at org.junit.platform.engine.support.hierarchical.NodeTestTask.execute(NodeTestTask.java:100)
	at java.base/java.util.ArrayList.forEach(ArrayList.java:1511)
	at org.junit.platform.engine.support.hierarchical.SameThreadHierarchicalTestExecutorService.invokeAll(SameThreadHierarchicalTestExecutorService.java:41)
	at org.junit.platform.engine.support.hierarchical.NodeTestTask.lambda$executeRecursively$6(NodeTestTask.java:160)
	at org.junit.platform.engine.support.hierarchical.ThrowableCollector.execute(ThrowableCollector.java:73)
	at org.junit.platform.engine.support.hierarchical.NodeTestTask.lambda$executeRecursively$8(NodeTestTask.java:146)
	at org.junit.platform.engine.support.hierarchical.Node.around(Node.java:137)
	at org.junit.platform.engine.support.hierarchical.NodeTestTask.lambda$executeRecursively$9(NodeTestTask.java:144)
	at org.junit.platform.engine.support.hierarchical.ThrowableCollector.execute(ThrowableCollector.java:73)
	at org.junit.platform.engine.support.hierarchical.NodeTestTask.executeRecursively(NodeTestTask.java:143)
	at org.junit.platform.engine.support.hierarchical.NodeTestTask.execute(NodeTestTask.java:100)
	at org.junit.platform.engine.support.hierarchical.SameThreadHierarchicalTestExecutorService.submit(SameThreadHierarchicalTestExecutorService.java:35)
	at org.junit.platform.engine.support.hierarchical.HierarchicalTestExecutor.execute(HierarchicalTestExecutor.java:57)
	at org.junit.platform.engine.support.hierarchical.HierarchicalTestEngine.execute(HierarchicalTestEngine.java:54)
	at org.junit.platform.launcher.core.EngineExecutionOrchestrator.execute(EngineExecutionOrchestrator.java:198)
	at org.junit.platform.launcher.core.EngineExecutionOrchestrator.execute(EngineExecutionOrchestrator.java:169)
	at org.junit.platform.launcher.core.EngineExecutionOrchestrator.execute(EngineExecutionOrchestrator.java:93)
	at org.junit.platform.launcher.core.EngineExecutionOrchestrator.lambda$execute$0(EngineExecutionOrchestrator.java:58)
	at org.junit.platform.launcher.core.EngineExecutionOrchestrator.withInterceptedStreams(EngineExecutionOrchestrator.java:141)
	at org.junit.platform.launcher.core.EngineExecutionOrchestrator.execute(EngineExecutionOrchestrator.java:57)
	at org.junit.platform.launcher.core.DefaultLauncher.execute(DefaultLauncher.java:103)
	at org.junit.platform.launcher.core.DefaultLauncher.execute(DefaultLauncher.java:85)
	at org.junit.platform.launcher.core.DelegatingLauncher.execute(DelegatingLauncher.java:47)
	at org.apache.maven.surefire.junitplatform.LazyLauncher.execute(LazyLauncher.java:56)
	at org.apache.maven.surefire.junitplatform.JUnitPlatformProvider.execute(JUnitPlatformProvider.java:194)
	at org.apache.maven.surefire.junitplatform.JUnitPlatformProvider.invokeAllTests(JUnitPlatformProvider.java:150)
	at org.apache.maven.surefire.junitplatform.JUnitPlatformProvider.invoke(JUnitPlatformProvider.java:124)
	at java.base/jdk.internal.reflect.NativeMethodAccessorImpl.invoke0(Native Method)
	at java.base/jdk.internal.reflect.NativeMethodAccessorImpl.invoke(NativeMethodAccessorImpl.java:77)
	at java.base/jdk.internal.reflect.DelegatingMethodAccessorImpl.invoke(DelegatingMethodAccessorImpl.java:43)
	at java.base/java.lang.reflect.Method.invoke(Method.java:569)
	at org.apache.maven.surefire.api.util.ReflectionUtils.invokeMethodWithArray2(ReflectionUtils.java:137)
	at org.apache.maven.surefire.booter.ProviderFactory$ProviderProxy.invoke(ProviderFactory.java:148)
	at org.apache.maven.surefire.booter.ProviderFactory.invokeProvider(ProviderFactory.java:88)
	at org.apache.maven.plugin.surefire.InPluginVMSurefireStarter.runSuitesInProcess(InPluginVMSurefireStarter.java:91)
	at org.apache.maven.plugin.surefire.AbstractSurefireMojo.executeProvider(AbstractSurefireMojo.java:1308)
	at org.apache.maven.plugin.surefire.AbstractSurefireMojo.executeAfterPreconditionsChecked(AbstractSurefireMojo.java:1135)
	at org.apache.maven.plugin.surefire.AbstractSurefireMojo.execute(AbstractSurefireMojo.java:969)
	at org.apache.maven.plugin.DefaultBuildPluginManager.executeMojo(DefaultBuildPluginManager.java:126)
	at org.apache.maven.lifecycle.internal.MojoExecutor.doExecute2(MojoExecutor.java:328)
	at org.apache.maven.lifecycle.internal.MojoExecutor.doExecute(MojoExecutor.java:316)
	at org.apache.maven.lifecycle.internal.MojoExecutor.execute(MojoExecutor.java:212)
	at org.apache.maven.lifecycle.internal.MojoExecutor.execute(MojoExecutor.java:174)
	at org.apache.maven.lifecycle.internal.MojoExecutor.access$000(MojoExecutor.java:75)
	at org.apache.maven.lifecycle.internal.MojoExecutor$1.run(MojoExecutor.java:162)
	at org.apache.maven.plugin.DefaultMojosExecutionStrategy.execute(DefaultMojosExecutionStrategy.java:39)
	at org.apache.maven.lifecycle.internal.MojoExecutor.execute(MojoExecutor.java:159)
	at org.apache.maven.lifecycle.internal.LifecycleModuleBuilder.buildProject(LifecycleModuleBuilder.java:105)
	at org.apache.maven.lifecycle.internal.LifecycleModuleBuilder.buildProject(LifecycleModuleBuilder.java:73)
	at org.apache.maven.lifecycle.internal.builder.singlethreaded.SingleThreadedBuilder.build(SingleThreadedBuilder.java:53)
	at org.apache.maven.lifecycle.internal.LifecycleStarter.execute(LifecycleStarter.java:118)
	at org.apache.maven.DefaultMaven.doExecute(DefaultMaven.java:261)
	at org.apache.maven.DefaultMaven.doExecute(DefaultMaven.java:173)
	at org.apache.maven.DefaultMaven.execute(DefaultMaven.java:101)
	at org.apache.maven.cli.MavenCli.execute(MavenCli.java:919)
	at org.apache.maven.cli.MavenCli.doMain(MavenCli.java:285)
	at org.apache.maven.cli.MavenCli.main(MavenCli.java:207)
	at java.base/jdk.internal.reflect.NativeMethodAccessorImpl.invoke0(Native Method)
	at java.base/jdk.internal.reflect.NativeMethodAccessorImpl.invoke(NativeMethodAccessorImpl.java:77)
	at java.base/jdk.internal.reflect.DelegatingMethodAccessorImpl.invoke(DelegatingMethodAccessorImpl.java:43)
	at java.base/java.lang.reflect.Method.invoke(Method.java:569)
	at org.codehaus.plexus.classworlds.launcher.Launcher.launchEnhanced(Launcher.java:255)
	at org.codehaus.plexus.classworlds.launcher.Launcher.launch(Launcher.java:201)
	at org.codehaus.plexus.classworlds.launcher.Launcher.mainWithExitCode(Launcher.java:361)
	at org.codehaus.plexus.classworlds.launcher.Launcher.main(Launcher.java:314)
2026-09-29 23:16:22.120 INFO  [main] o.s.t.c.s.AnnotationConfigContextLoaderUtils - Could not detect default configuration classes for test class [com.lingdong.learning.dashboard.web.ActivityTrendApiIntegrationTest]: ActivityTrendApiIntegrationTest does not declare any static, non-private, non-final, nested classes annotated with @Configuration.
2026-09-29 23:16:22.191 INFO  [main] o.s.b.t.c.SpringBootTestContextBootstrapper - Found @SpringBootConfiguration com.lingdong.learning.LingdongLearningApplication for test class com.lingdong.learning.dashboard.web.ActivityTrendApiIntegrationTest
2026-09-29 23:16:22.225 INFO  [main] c.l.l.d.w.ActivityTrendApiIntegrationTest - Starting ActivityTrendApiIntegrationTest using Java 17.0.20 with PID 286296 (started by Administrator in E:\apps\lingdong-xuexi-code\lingdong-xuexi-server)
2026-09-29 23:16:22.225 INFO  [main] c.l.l.d.w.ActivityTrendApiIntegrationTest - The following 1 profile is active: "test"
2026-09-29 23:16:23.000 INFO  [main] o.s.d.r.c.RepositoryConfigurationDelegate - Multiple Spring Data modules found, entering strict repository configuration mode
2026-09-29 23:16:23.000 INFO  [main] o.s.d.r.c.RepositoryConfigurationDelegate - Bootstrapping Spring Data Redis repositories in DEFAULT mode.
2026-09-29 23:16:23.090 INFO  [main] o.s.d.r.c.RepositoryConfigurationDelegate - Finished Spring Data repository scanning in 88 ms. Found 0 Redis repository interfaces.
2026-09-29 23:16:23.431 INFO  [main] com.zaxxer.hikari.HikariDataSource - HikariPool-6 - Starting...
2026-09-29 23:16:23.432 INFO  [main] com.zaxxer.hikari.pool.HikariPool - HikariPool-6 - Added connection conn50: url=jdbc:h2:mem:lingdong_learning user=SA
2026-09-29 23:16:23.432 INFO  [main] com.zaxxer.hikari.HikariDataSource - HikariPool-6 - Start completed.
2026-09-29 23:16:23.435 INFO  [main] org.flywaydb.core.FlywayExecutor - Database: jdbc:h2:mem:lingdong_learning (H2 2.3)
2026-09-29 23:16:23.437 WARN  [main] o.f.c.i.database.base.Database - Flyway upgrade recommended: H2 2.3.232 is newer than this version of Flyway and support has not been tested. The latest supported version of H2 is 2.2.224.
2026-09-29 23:16:23.489 INFO  [main] o.f.core.internal.command.DbValidate - Successfully validated 86 migrations (execution time 00:00.048s)
2026-09-29 23:16:23.492 INFO  [main] o.f.core.internal.command.DbMigrate - Current version of schema "public": 86
2026-09-29 23:16:23.494 INFO  [main] o.f.core.internal.command.DbMigrate - Schema "public" is up to date. No migration necessary.
2026-09-29 23:16:25.206 INFO  [main] o.s.b.t.m.w.SpringBootMockServletContext - Initializing Spring TestDispatcherServlet ''
2026-09-29 23:16:25.207 INFO  [main] o.s.t.w.s.TestDispatcherServlet - Initializing Servlet ''
2026-09-29 23:16:25.208 INFO  [main] o.s.t.w.s.TestDispatcherServlet - Completed initialization in 1 ms
2026-09-29 23:16:25.228 INFO  [main] c.l.l.d.w.ActivityTrendApiIntegrationTest - Started ActivityTrendApiIntegrationTest in 3.029 seconds (process running for 75.073)
2026-09-29 23:16:25.231 WARN  [main] o.s.c.events.SpringDocAppInitializer - SpringDoc /api/v1/openapi endpoint is enabled by default. To disable it in production, set the property 'springdoc.api-docs.enabled=false'
2026-09-29 23:16:28.931 INFO  [main] o.s.t.c.s.AnnotationConfigContextLoaderUtils - Could not detect default configuration classes for test class [com.lingdong.learning.datascope.application.OrganizationDataScopeServiceTest]: OrganizationDataScopeServiceTest does not declare any static, non-private, non-final, nested classes annotated with @Configuration.
2026-09-29 23:16:28.998 INFO  [main] o.s.b.t.c.SpringBootTestContextBootstrapper - Found @SpringBootConfiguration com.lingdong.learning.LingdongLearningApplication for test class com.lingdong.learning.datascope.application.OrganizationDataScopeServiceTest
2026-09-29 23:16:29.173 INFO  [main] o.s.t.c.s.AnnotationConfigContextLoaderUtils - Could not detect default configuration classes for test class [com.lingdong.learning.dictionary.application.DictionaryApplicationServiceTest]: DictionaryApplicationServiceTest does not declare any static, non-private, non-final, nested classes annotated with @Configuration.
2026-09-29 23:16:29.253 INFO  [main] o.s.b.t.c.SpringBootTestContextBootstrapper - Found @SpringBootConfiguration com.lingdong.learning.LingdongLearningApplication for test class com.lingdong.learning.dictionary.application.DictionaryApplicationServiceTest
2026-09-29 23:16:29.383 INFO  [main] o.s.t.c.s.AnnotationConfigContextLoaderUtils - Could not detect default configuration classes for test class [com.lingdong.learning.dictionary.web.DictionaryManagementControllerTest]: DictionaryManagementControllerTest does not declare any static, non-private, non-final, nested classes annotated with @Configuration.
2026-09-29 23:16:29.450 INFO  [main] o.s.b.t.c.SpringBootTestContextBootstrapper - Found @SpringBootConfiguration com.lingdong.learning.LingdongLearningApplication for test class com.lingdong.learning.dictionary.web.DictionaryManagementControllerTest
2026-09-29 23:16:30.637 INFO  [main] o.s.t.c.s.AnnotationConfigContextLoaderUtils - Could not detect default configuration classes for test class [com.lingdong.learning.exceptionreport.infrastructure.persistence.ExceptionReportPersistenceTest]: ExceptionReportPersistenceTest does not declare any static, non-private, non-final, nested classes annotated with @Configuration.
2026-09-29 23:16:30.712 INFO  [main] o.s.b.t.c.SpringBootTestContextBootstrapper - Found @SpringBootConfiguration com.lingdong.learning.LingdongLearningApplication for test class com.lingdong.learning.exceptionreport.infrastructure.persistence.ExceptionReportPersistenceTest
2026-09-29 23:16:32.559 WARN  [main] c.l.l.e.a.ExportJobExecutionService - 导出作业执行失败，作业标识=1874244142494646980，异常类型=IllegalStateException
2026-09-29 23:16:32.673 WARN  [main] c.l.l.e.a.ExportJobExecutionService - 导出作业执行失败，作业标识=1874244142494646980，异常类型=IllegalStateException
2026-09-29 23:16:32.704 WARN  [main] c.l.l.e.a.ExportJobExecutionService - 导出作业执行失败，作业标识=1874244142494646980，异常类型=IllegalStateException
2026-09-29 23:16:32.723 WARN  [main] c.l.l.e.a.ExportJobExecutionService - 导出作业执行失败，作业标识=1874244142494646980，异常类型=IllegalStateException
2026-09-29 23:16:32.741 WARN  [main] c.l.l.e.a.ExportJobExecutionService - 导出作业执行失败，作业标识=1874244142494646980，异常类型=IllegalStateException
2026-09-29 23:16:32.755 WARN  [main] c.l.l.e.a.ExportJobExecutionService - 导出作业执行失败，作业标识=1874244142494646980，异常类型=IllegalStateException
2026-09-29 23:16:32.801 WARN  [main] c.l.l.e.a.ExportJobExecutionService - 导出作业执行失败，作业标识=1874244142494646980，异常类型=IllegalStateException
2026-09-29 23:16:32.825 WARN  [main] c.l.l.e.a.ExportJobExecutionService - 导出作业执行失败，作业标识=1874244142494646980，异常类型=IllegalStateException
2026-09-29 23:16:32.850 WARN  [main] c.l.l.e.a.ExportJobExecutionService - 导出作业执行失败，作业标识=1874244142494646980，异常类型=IllegalStateException
2026-09-29 23:16:32.870 WARN  [main] c.l.l.e.a.ExportJobExecutionService - 导出作业执行失败，作业标识=1874244142494646980，异常类型=IllegalStateException
2026-09-29 23:16:32.891 WARN  [main] c.l.l.e.a.ExportJobExecutionService - 导出作业执行失败，作业标识=1874244142494646980，异常类型=IllegalStateException
2026-09-29 23:16:32.901 WARN  [main] c.l.l.e.a.ExportJobExecutionService - 导出作业执行失败，作业标识=1874244142494646980，异常类型=IllegalStateException
2026-09-29 23:16:32.923 WARN  [main] c.l.l.e.a.ExportJobExecutionService - 导出作业执行失败，作业标识=1874244142494646980，异常类型=IllegalStateException
2026-09-29 23:16:32.950 WARN  [main] c.l.l.e.a.ExportJobExecutionService - 导出作业执行失败，作业标识=1874244142494646980，异常类型=IllegalStateException
2026-09-29 23:16:32.969 WARN  [main] c.l.l.e.a.ExportJobExecutionService - 导出作业执行失败，作业标识=1874244142494646980，异常类型=IllegalStateException
2026-09-29 23:16:32.990 WARN  [main] c.l.l.e.a.ExportJobExecutionService - 导出作业执行失败，作业标识=1874244142494646980，异常类型=IllegalStateException
2026-09-29 23:16:33.018 WARN  [main] c.l.l.e.a.ExportJobExecutionService - 导出作业执行失败，作业标识=1874244142494646980，异常类型=IllegalStateException
2026-09-29 23:16:33.034 WARN  [main] c.l.l.e.a.ExportJobExecutionService - 导出作业执行失败，作业标识=1874244142494646980，异常类型=IllegalStateException
2026-09-29 23:16:33.054 WARN  [main] c.l.l.e.a.ExportJobExecutionService - 导出作业执行失败，作业标识=1874244142494646980，异常类型=IllegalStateException
2026-09-29 23:16:34.152 WARN  [main] org.apache.fontbox.ttf.CmapSubtable - Format 14 cmap table is not supported and will be ignored
2026-09-29 23:16:34.472 WARN  [main] org.apache.fontbox.ttf.CmapSubtable - Format 14 cmap table is not supported and will be ignored
2026-09-29 23:16:34.900 WARN  [main] org.apache.fontbox.ttf.CmapSubtable - Format 14 cmap table is not supported and will be ignored
2026-09-29 23:16:35.020 WARN  [main] org.apache.fontbox.ttf.CmapSubtable - Format 14 cmap table is not supported and will be ignored
2026-09-29 23:16:35.089 WARN  [main] org.apache.fontbox.ttf.CmapSubtable - Format 14 cmap table is not supported and will be ignored
2026-09-29 23:16:35.163 WARN  [main] org.apache.fontbox.ttf.CmapSubtable - Format 14 cmap table is not supported and will be ignored
2026-09-29 23:16:36.965 WARN  [main] org.apache.fontbox.ttf.CmapSubtable - Format 14 cmap table is not supported and will be ignored
2026-09-29 23:16:37.473 INFO  [main] o.s.t.c.s.AnnotationConfigContextLoaderUtils - Could not detect default configuration classes for test class [com.lingdong.learning.exportjob.infrastructure.persistence.ExportDatasetPersistenceTest]: ExportDatasetPersistenceTest does not declare any static, non-private, non-final, nested classes annotated with @Configuration.
2026-09-29 23:16:37.548 INFO  [main] o.s.b.t.c.SpringBootTestContextBootstrapper - Found @SpringBootConfiguration com.lingdong.learning.LingdongLearningApplication for test class com.lingdong.learning.exportjob.infrastructure.persistence.ExportDatasetPersistenceTest
2026-09-29 23:16:37.597 INFO  [main] o.s.t.c.s.AnnotationConfigContextLoaderUtils - Could not detect default configuration classes for test class [com.lingdong.learning.exportjob.infrastructure.persistence.ExportJobPersistenceTest]: ExportJobPersistenceTest does not declare any static, non-private, non-final, nested classes annotated with @Configuration.
2026-09-29 23:16:37.599 INFO  [main] o.s.b.t.c.SpringBootTestContextBootstrapper - Found @SpringBootConfiguration com.lingdong.learning.LingdongLearningApplication for test class com.lingdong.learning.exportjob.infrastructure.persistence.ExportJobPersistenceTest
2026-09-29 23:16:37.650 INFO  [main] o.s.t.c.s.AnnotationConfigContextLoaderUtils - Could not detect default configuration classes for test class [com.lingdong.learning.exportjob.infrastructure.persistence.GrowthReviewExportPayloadStoreTest]: GrowthReviewExportPayloadStoreTest does not declare any static, non-private, non-final, nested classes annotated with @Configuration.
2026-09-29 23:16:37.652 INFO  [main] o.s.b.t.c.SpringBootTestContextBootstrapper - Found @SpringBootConfiguration com.lingdong.learning.LingdongLearningApplication for test class com.lingdong.learning.exportjob.infrastructure.persistence.GrowthReviewExportPayloadStoreTest
2026-09-29 23:16:37.850 WARN  [main] org.apache.fontbox.ttf.CmapSubtable - Format 14 cmap table is not supported and will be ignored
2026-09-29 23:16:38.014 WARN  [main] org.apache.fontbox.ttf.CmapSubtable - Format 14 cmap table is not supported and will be ignored
2026-09-29 23:16:38.157 WARN  [main] org.apache.fontbox.ttf.CmapSubtable - Format 14 cmap table is not supported and will be ignored
2026-09-29 23:16:38.341 WARN  [main] org.apache.fontbox.ttf.CmapSubtable - Format 14 cmap table is not supported and will be ignored
2026-09-29 23:16:38.864 WARN  [main] org.apache.fontbox.ttf.CmapSubtable - Format 14 cmap table is not supported and will be ignored
2026-09-29 23:16:39.014 WARN  [main] org.apache.fontbox.ttf.CmapSubtable - Format 14 cmap table is not supported and will be ignored
2026-09-29 23:16:39.225 INFO  [main] o.s.t.c.s.AnnotationConfigContextLoaderUtils - Could not detect default configuration classes for test class [com.lingdong.learning.exportjob.web.ExportJobApiIntegrationTest]: ExportJobApiIntegrationTest does not declare any static, non-private, non-final, nested classes annotated with @Configuration.
2026-09-29 23:16:39.347 INFO  [main] o.s.b.t.c.SpringBootTestContextBootstrapper - Found @SpringBootConfiguration com.lingdong.learning.LingdongLearningApplication for test class com.lingdong.learning.exportjob.web.ExportJobApiIntegrationTest
2026-09-29 23:16:47.498 INFO  [main] o.s.api.AbstractOpenApiResource - Init duration for springdoc-openapi is: 2966 ms
2026-09-29 23:16:47.892 WARN  [main] c.l.l.e.a.ExportJobExecutionService - 导出作业执行失败，作业标识=2104953544816721920，异常类型=SystemOperationAccessDeniedException
2026-09-29 23:16:49.392 WARN  [main] c.l.l.e.a.ExportJobExecutionService - 导出作业执行失败，作业标识=2104953551099789312，异常类型=SystemOperationAccessDeniedException
2026-09-29 23:16:52.930 WARN  [main] c.l.l.e.a.ExportJobExecutionService - 导出作业执行失败，作业标识=2104953565935042560，异常类型=SystemOperationAccessDeniedException
2026-09-29 23:16:53.206 WARN  [main] c.l.l.e.a.ExportJobExecutionService - 导出作业执行失败，作业标识=2104953567101059072，异常类型=SystemOperationAccessDeniedException
2026-09-29 23:16:53.540 INFO  [main] o.s.mock.web.MockServletContext - Initializing Spring TestDispatcherServlet ''
2026-09-29 23:16:53.540 INFO  [main] o.s.t.w.s.TestDispatcherServlet - Initializing Servlet ''
2026-09-29 23:16:53.540 INFO  [main] o.s.t.w.s.TestDispatcherServlet - Completed initialization in 0 ms
2026-09-29 23:16:53.558 INFO  [main] o.s.mock.web.MockServletContext - Initializing Spring TestDispatcherServlet ''
2026-09-29 23:16:53.562 INFO  [main] o.s.t.w.s.TestDispatcherServlet - Initializing Servlet ''
2026-09-29 23:16:53.563 INFO  [main] o.s.t.w.s.TestDispatcherServlet - Completed initialization in 1 ms
2026-09-29 23:16:53.576 WARN  [main] o.s.w.s.m.s.DefaultHandlerExceptionResolver - Resolved [org.springframework.web.bind.MethodArgumentNotValidException: Validation failed for argument [1] in public com.lingdong.learning.exportjob.web.ExportJobResponse com.lingdong.learning.exportjob.web.GrowthReviewExportController.create(com.lingdong.learning.auth.application.AuthenticatedUser,com.lingdong.learning.exportjob.web.CreateGrowthReviewExportRequest,jakarta.servlet.http.HttpServletRequest): [Field error in object 'createGrowthReviewExportRequest' on field 'studentId': rejected value [123]; codes [Pattern.createGrowthReviewExportRequest.studentId,Pattern.studentId,Pattern.java.lang.String,Pattern]; arguments [org.springframework.context.support.DefaultMessageSourceResolvable: codes [createGrowthReviewExportRequest.studentId,studentId]; arguments []; default message [studentId],[Ljakarta.validation.constraints.Pattern$Flag;@4a5462c7,[1-9][0-9]{18}]; default message [must match "[1-9][0-9]{18}"]] ]
2026-09-29 23:16:53.581 WARN  [main] o.s.w.s.m.s.DefaultHandlerExceptionResolver - Resolved [org.springframework.web.bind.MethodArgumentNotValidException: Validation failed for argument [1] in public com.lingdong.learning.exportjob.web.ExportJobResponse com.lingdong.learning.exportjob.web.GrowthReviewExportController.create(com.lingdong.learning.auth.application.AuthenticatedUser,com.lingdong.learning.exportjob.web.CreateGrowthReviewExportRequest,jakarta.servlet.http.HttpServletRequest): [Field error in object 'createGrowthReviewExportRequest' on field 'mode': rejected value [null]; codes [NotNull.createGrowthReviewExportRequest.mode,NotNull.mode,NotNull.com.lingdong.learning.growthpoint.infrastructure.pdf.GrowthReviewPdfRenderer$Template,NotNull]; arguments [org.springframework.context.support.DefaultMessageSourceResolvable: codes [createGrowthReviewExportRequest.mode,mode]; arguments []; default message [mode]]; default message [must not be null]] ]
2026-09-29 23:16:53.582 WARN  [main] o.s.w.s.m.s.DefaultHandlerExceptionResolver - Resolved [org.springframework.web.bind.MethodArgumentNotValidException: Validation failed for argument [1] in public com.lingdong.learning.exportjob.web.ExportJobResponse com.lingdong.learning.exportjob.web.GrowthReviewExportController.create(com.lingdong.learning.auth.application.AuthenticatedUser,com.lingdong.learning.exportjob.web.CreateGrowthReviewExportRequest,jakarta.servlet.http.HttpServletRequest): [Field error in object 'createGrowthReviewExportRequest' on field 'reason': rejected value []; codes [NotBlank.createGrowthReviewExportRequest.reason,NotBlank.reason,NotBlank.java.lang.String,NotBlank]; arguments [org.springframework.context.support.DefaultMessageSourceResolvable: codes [createGrowthReviewExportRequest.reason,reason]; arguments []; default message [reason]]; default message [must not be blank]] ]
2026-09-29 23:16:53.599 INFO  [main] o.s.mock.web.MockServletContext - Initializing Spring TestDispatcherServlet ''
2026-09-29 23:16:53.601 INFO  [main] o.s.t.w.s.TestDispatcherServlet - Initializing Servlet ''
2026-09-29 23:16:53.602 INFO  [main] o.s.t.w.s.TestDispatcherServlet - Completed initialization in 1 ms
2026-09-29 23:16:53.846 INFO  [main] o.s.t.c.s.AnnotationConfigContextLoaderUtils - Could not detect default configuration classes for test class [com.lingdong.learning.exportjob.web.OrganizationAttendanceLedgerExportApiIntegrationTest]: OrganizationAttendanceLedgerExportApiIntegrationTest does not declare any static, non-private, non-final, nested classes annotated with @Configuration.
2026-09-29 23:16:53.851 INFO  [main] o.s.b.t.c.SpringBootTestContextBootstrapper - Found @SpringBootConfiguration com.lingdong.learning.LingdongLearningApplication for test class com.lingdong.learning.exportjob.web.OrganizationAttendanceLedgerExportApiIntegrationTest
2026-09-29 23:16:55.951 WARN  [main] org.apache.fontbox.ttf.CmapSubtable - Format 14 cmap table is not supported and will be ignored
2026-09-29 23:16:57.551 WARN  [main] c.l.l.e.a.ExportJobExecutionService - 导出作业执行失败，作业标识=2104953585304338432，异常类型=SystemOperationAccessDeniedException
2026-09-29 23:16:57.633 INFO  [main] o.s.t.c.s.AnnotationConfigContextLoaderUtils - Could not detect default configuration classes for test class [com.lingdong.learning.exportjob.web.OrganizationTaskStatisticsExportApiIntegrationTest]: OrganizationTaskStatisticsExportApiIntegrationTest does not declare any static, non-private, non-final, nested classes annotated with @Configuration.
2026-09-29 23:16:57.637 INFO  [main] o.s.b.t.c.SpringBootTestContextBootstrapper - Found @SpringBootConfiguration com.lingdong.learning.LingdongLearningApplication for test class com.lingdong.learning.exportjob.web.OrganizationTaskStatisticsExportApiIntegrationTest
2026-09-29 23:16:57.956 WARN  [main] org.apache.fontbox.ttf.CmapSubtable - Format 14 cmap table is not supported and will be ignored
2026-09-29 23:16:58.738 WARN  [main] c.l.l.e.a.ExportJobExecutionService - 导出作业执行失败，作业标识=2104953590291365888，异常类型=SystemOperationAccessDeniedException
2026-09-29 23:16:59.455 INFO  [main] o.s.t.c.s.AnnotationConfigContextLoaderUtils - Could not detect default configuration classes for test class [com.lingdong.learning.exportjob.web.StudentTaskExportApiIntegrationTest]: StudentTaskExportApiIntegrationTest does not declare any static, non-private, non-final, nested classes annotated with @Configuration.
2026-09-29 23:16:59.458 INFO  [main] o.s.b.t.c.SpringBootTestContextBootstrapper - Found @SpringBootConfiguration com.lingdong.learning.LingdongLearningApplication for test class com.lingdong.learning.exportjob.web.StudentTaskExportApiIntegrationTest
2026-09-29 23:17:00.691 WARN  [main] org.apache.fontbox.ttf.CmapSubtable - Format 14 cmap table is not supported and will be ignored
2026-09-29 23:17:01.155 WARN  [main] c.l.l.e.a.ExportJobExecutionService - 导出作业执行失败，作业标识=2104953600441581568，异常类型=SystemOperationAccessDeniedException
2026-09-29 23:17:02.320 WARN  [main] c.l.l.e.a.ExportJobExecutionService - 导出作业执行失败，作业标识=2104953605332140032，异常类型=SystemOperationAccessDeniedException
2026-09-29 23:17:02.394 INFO  [main] o.s.t.c.s.AnnotationConfigContextLoaderUtils - Could not detect default configuration classes for test class [com.lingdong.learning.feature.application.FeatureAccessServiceTest]: FeatureAccessServiceTest does not declare any static, non-private, non-final, nested classes annotated with @Configuration.
2026-09-29 23:17:02.464 INFO  [main] o.s.b.t.c.SpringBootTestContextBootstrapper - Found @SpringBootConfiguration com.lingdong.learning.LingdongLearningApplication for test class com.lingdong.learning.feature.application.FeatureAccessServiceTest
2026-09-29 23:17:02.505 INFO  [main] o.s.t.c.s.AnnotationConfigContextLoaderUtils - Could not detect default configuration classes for test class [com.lingdong.learning.feature.application.FeatureToggleChangeServiceTest]: FeatureToggleChangeServiceTest does not declare any static, non-private, non-final, nested classes annotated with @Configuration.
2026-09-29 23:17:02.507 INFO  [main] o.s.b.t.c.SpringBootTestContextBootstrapper - Found @SpringBootConfiguration com.lingdong.learning.LingdongLearningApplication for test class com.lingdong.learning.feature.application.FeatureToggleChangeServiceTest
2026-09-29 23:17:03.141 INFO  [main] o.s.mock.web.MockServletContext - Initializing Spring TestDispatcherServlet ''
2026-09-29 23:17:03.142 INFO  [main] o.s.t.w.s.TestDispatcherServlet - Initializing Servlet ''
2026-09-29 23:17:03.142 INFO  [main] o.s.t.w.s.TestDispatcherServlet - Completed initialization in 0 ms
2026-09-29 23:17:03.176 INFO  [main] o.s.t.c.s.AnnotationConfigContextLoaderUtils - Could not detect default configuration classes for test class [com.lingdong.learning.feature.web.FeatureManagementControllerTest]: FeatureManagementControllerTest does not declare any static, non-private, non-final, nested classes annotated with @Configuration.
2026-09-29 23:17:03.255 INFO  [main] o.s.b.t.c.SpringBootTestContextBootstrapper - Found @SpringBootConfiguration com.lingdong.learning.LingdongLearningApplication for test class com.lingdong.learning.feature.web.FeatureManagementControllerTest
2026-09-29 23:17:03.288 INFO  [main] c.l.l.f.w.FeatureManagementControllerTest - Starting FeatureManagementControllerTest using Java 17.0.20 with PID 286296 (started by Administrator in E:\apps\lingdong-xuexi-code\lingdong-xuexi-server)
2026-09-29 23:17:03.288 INFO  [main] c.l.l.f.w.FeatureManagementControllerTest - The following 1 profile is active: "test"
2026-09-29 23:17:04.031 INFO  [main] o.s.d.r.c.RepositoryConfigurationDelegate - Multiple Spring Data modules found, entering strict repository configuration mode
2026-09-29 23:17:04.031 INFO  [main] o.s.d.r.c.RepositoryConfigurationDelegate - Bootstrapping Spring Data Redis repositories in DEFAULT mode.
2026-09-29 23:17:04.104 INFO  [main] o.s.d.r.c.RepositoryConfigurationDelegate - Finished Spring Data repository scanning in 71 ms. Found 0 Redis repository interfaces.
2026-09-29 23:17:04.304 INFO  [main] com.zaxxer.hikari.HikariDataSource - HikariPool-7 - Starting...
2026-09-29 23:17:04.306 INFO  [main] com.zaxxer.hikari.pool.HikariPool - HikariPool-7 - Added connection conn60: url=jdbc:h2:mem:feature_management_87d46c16c0ba40a09b139f4a4cac659b user=SA
2026-09-29 23:17:04.307 INFO  [main] com.zaxxer.hikari.HikariDataSource - HikariPool-7 - Start completed.
2026-09-29 23:17:04.308 INFO  [main] org.flywaydb.core.FlywayExecutor - Database: jdbc:h2:mem:feature_management_87d46c16c0ba40a09b139f4a4cac659b (H2 2.3)
2026-09-29 23:17:04.311 WARN  [main] o.f.c.i.database.base.Database - Flyway upgrade recommended: H2 2.3.232 is newer than this version of Flyway and support has not been tested. The latest supported version of H2 is 2.2.224.
2026-09-29 23:17:04.347 INFO  [main] o.f.c.i.s.JdbcTableSchemaHistory - Schema history table "public"."flyway_schema_history" does not exist yet
2026-09-29 23:17:04.348 INFO  [main] o.f.core.internal.command.DbValidate - Successfully validated 86 migrations (execution time 00:00.034s)
2026-09-29 23:17:04.349 INFO  [main] o.f.c.i.s.JdbcTableSchemaHistory - Creating Schema History table "public"."flyway_schema_history" ...
2026-09-29 23:17:04.355 INFO  [main] o.f.core.internal.command.DbMigrate - Current version of schema "public": << Empty Schema >>
2026-09-29 23:17:04.356 INFO  [main] o.f.core.internal.command.DbMigrate - Migrating schema "public" to version "1 - create system config"
2026-09-29 23:17:04.365 INFO  [main] o.f.core.internal.command.DbMigrate - Migrating schema "public" to version "2 - create iam rbac tables"
2026-09-29 23:17:04.375 INFO  [main] o.f.core.internal.command.DbMigrate - Migrating schema "public" to version "3 - create organization types"
2026-09-29 23:17:04.385 INFO  [main] o.f.core.internal.command.DbMigrate - Migrating schema "public" to version "4 - create user organization relations"
2026-09-29 23:17:04.389 INFO  [main] o.f.core.internal.command.DbMigrate - Migrating schema "public" to version "5 - create system task audit"
2026-09-29 23:17:04.395 INFO  [main] o.f.core.internal.command.DbMigrate - Migrating schema "public" to version "6 - create feature toggles"
2026-09-29 23:17:04.400 INFO  [main] o.f.core.internal.command.DbMigrate - Migrating schema "public" to version "7 - create feature toggle changes"
2026-09-29 23:17:04.405 INFO  [main] o.f.core.internal.command.DbMigrate - Migrating schema "public" to version "8 - create user permissions"
2026-09-29 23:17:04.415 INFO  [main] o.f.core.internal.command.DbMigrate - Migrating schema "public" to version "9 - create role data scopes"
2026-09-29 23:17:04.420 INFO  [main] o.f.core.internal.command.DbMigrate - Migrating schema "public" to version "10 - create dictionary tables"
2026-09-29 23:17:04.424 INFO  [main] o.f.core.internal.command.DbMigrate - Migrating schema "public" to version "11 - create cache operation log"
2026-09-29 23:17:04.432 INFO  [main] o.f.core.internal.command.DbMigrate - Migrating schema "public" to version "12 - create interface service tables"
2026-09-29 23:17:04.437 INFO  [main] o.f.core.internal.command.DbMigrate - Migrating schema "public" to version "13 - create attachment core tables"
2026-09-29 23:17:04.442 INFO  [main] o.f.core.internal.command.DbMigrate - Migrating schema "public" to version "14 - create import export template table"
2026-09-29 23:17:04.450 INFO  [main] o.f.core.internal.command.DbMigrate - Migrating schema "public" to version "15 - create auth device session"
2026-09-29 23:17:04.455 INFO  [main] o.f.core.internal.command.DbMigrate - Migrating schema "public" to version "16 - seed iam management permissions"
2026-09-29 23:17:04.465 INFO  [main] o.f.core.internal.command.DbMigrate - Migrating schema "public" to version "17 - seed organization management permissions"
2026-09-29 23:17:04.469 INFO  [main] o.f.core.internal.command.DbMigrate - Migrating schema "public" to version "18 - seed user directory permissions"
2026-09-29 23:17:04.474 INFO  [main] o.f.core.internal.command.DbMigrate - Migrating schema "public" to version "19 - create student relationship foundation"
2026-09-29 23:17:04.490 INFO  [main] o.f.core.internal.command.DbMigrate - Migrating schema "public" to version "20 - create parent binding invitation"
2026-09-29 23:17:04.501 INFO  [main] o.f.core.internal.command.DbMigrate - Migrating schema "public" to version "21 - create student code login"
2026-09-29 23:17:04.512 INFO  [main] o.f.core.internal.command.DbMigrate - Migrating schema "public" to version "22 - create learning task foundation"
2026-09-29 23:17:04.527 INFO  [main] o.f.core.internal.command.DbMigrate - Migrating schema "public" to version "23 - create task execution foundation"
2026-09-29 23:17:04.586 INFO  [main] o.f.core.internal.command.DbMigrate - Migrating schema "public" to version "24 - create growth point account and ledger"
2026-09-29 23:17:04.595 INFO  [main] o.f.core.internal.command.DbMigrate - Migrating schema "public" to version "25 - seed growth point query access"
2026-09-29 23:17:04.600 INFO  [main] o.f.core.internal.command.DbMigrate - Migrating schema "public" to version "26 - add growth point correction"
2026-09-29 23:17:04.607 INFO  [main] o.f.core.internal.command.DbMigrate - Migrating schema "public" to version "27 - add reward exchange"
2026-09-29 23:17:04.637 INFO  [main] o.f.core.internal.command.DbMigrate - Migrating schema "public" to version "28 - add growth review"
2026-09-29 23:17:04.652 INFO  [main] o.f.core.internal.command.DbMigrate - Migrating schema "public" to version "29 - add point lifecycle"
2026-09-29 23:17:04.701 INFO  [main] o.f.core.internal.command.DbMigrate - Migrating schema "public" to version "30 - add recurring task"
2026-09-29 23:17:04.717 INFO  [main] o.f.core.internal.command.DbMigrate - Migrating schema "public" to version "31 - add task checkin attachment"
2026-09-29 23:17:04.729 INFO  [main] o.f.core.internal.command.DbMigrate - Migrating schema "public" to version "32 - add task overdue defer"
2026-09-29 23:17:04.762 INFO  [main] o.f.core.internal.command.DbMigrate - Migrating schema "public" to version "33 - add previous day task copy"
2026-09-29 23:17:04.770 INFO  [main] o.f.core.internal.command.DbMigrate - Migrating schema "public" to version "34 - add learning task template"
2026-09-29 23:17:04.775 INFO  [main] o.f.core.internal.command.DbMigrate - Migrating schema "public" to version "35 - add student qr login"
2026-09-29 23:17:04.782 INFO  [main] o.f.core.internal.command.DbMigrate - Migrating schema "public" to version "36 - add parent phone auth"
2026-09-29 23:17:04.786 INFO  [main] o.f.core.internal.command.DbMigrate - Migrating schema "public" to version "37 - add parent wechat auth"
2026-09-29 23:17:04.791 INFO  [main] o.f.core.internal.command.DbMigrate - Migrating schema "public" to version "38 - add parent relationship lifecycle"
2026-09-29 23:17:04.799 INFO  [main] o.f.core.internal.command.DbMigrate - Migrating schema "public" to version "39 - add account security event"
2026-09-29 23:17:04.802 INFO  [main] o.f.core.internal.command.DbMigrate - Migrating schema "public" to version "40 - add organization miniapp auth"
2026-09-29 23:17:04.805 INFO  [main] o.f.core.internal.command.DbMigrate - Migrating schema "public" to version "41 - add student organization lifecycle"
2026-09-29 23:17:04.809 INFO  [main] o.f.core.internal.command.DbMigrate - Migrating schema "public" to version "42 - add parent account lifecycle"
2026-09-29 23:17:04.819 INFO  [main] o.f.core.internal.command.DbMigrate - Migrating schema "public" to version "43 - finalize parent account cancellation"
2026-09-29 23:17:04.830 INFO  [main] o.f.core.internal.command.DbMigrate - Migrating schema "public" to version "44 - add parent mobile manual recovery"
2026-09-29 23:17:04.834 INFO  [main] o.f.core.internal.command.DbMigrate - Migrating schema "public" to version "45 - add student account cancellation"
2026-09-29 23:17:04.839 INFO  [main] o.f.core.internal.command.DbMigrate - Migrating schema "public" to version "46 - add student wechat auth"
2026-09-29 23:17:04.846 INFO  [main] o.f.core.internal.command.DbMigrate - Migrating schema "public" to version "47 - add organization node lifecycle"
2026-09-29 23:17:04.856 INFO  [main] o.f.core.internal.command.DbMigrate - Migrating schema "public" to version "48 - add class management"
2026-09-29 23:17:04.861 INFO  [main] o.f.core.internal.command.DbMigrate - Migrating schema "public" to version "49 - add permission grant boundary"
2026-09-29 23:17:04.870 INFO  [main] o.f.core.internal.command.DbMigrate - Migrating schema "public" to version "50 - add iam change audit"
2026-09-29 23:17:04.873 INFO  [main] o.f.core.internal.command.DbMigrate - Migrating schema "public" to version "51 - add dictionary management"
2026-09-29 23:17:04.875 INFO  [main] o.f.core.internal.command.DbMigrate - Migrating schema "public" to version "52 - add cache management"
2026-09-29 23:17:04.884 INFO  [main] o.f.core.internal.command.DbMigrate - Migrating schema "public" to version "53 - add interface service management"
2026-09-29 23:17:04.887 INFO  [main] o.f.core.internal.command.DbMigrate - Migrating schema "public" to version "54 - add attachment management"
2026-09-29 23:17:04.892 INFO  [main] o.f.core.internal.command.DbMigrate - Migrating schema "public" to version "55 - add import export template management"
2026-09-29 23:17:04.899 INFO  [main] o.f.core.internal.command.DbMigrate - Migrating schema "public" to version "56 - add import validation job"
2026-09-29 23:17:04.905 INFO  [main] o.f.core.internal.command.DbMigrate - Migrating schema "public" to version "57 - add async export job"
2026-09-29 23:17:04.915 INFO  [main] o.f.core.internal.command.DbMigrate - Migrating schema "public" to version "58 - add student batch import"
2026-09-29 23:17:04.923 INFO  [main] o.f.core.internal.command.DbMigrate - Migrating schema "public" to version "59 - add teacher management"
2026-09-29 23:17:04.931 INFO  [main] o.f.core.internal.command.DbMigrate - Migrating schema "public" to version "60 - complete organization teacher tasks"
2026-09-29 23:17:04.938 INFO  [main] o.f.core.internal.command.DbMigrate - Migrating schema "public" to version "61 - add student exception report"
2026-09-29 23:17:04.951 INFO  [main] o.f.core.internal.command.DbMigrate - Migrating schema "public" to version "62 - add manual attendance"
2026-09-29 23:17:04.955 INFO  [main] o.f.core.internal.command.DbMigrate - Migrating schema "public" to version "63 - add export job payload"
2026-09-29 23:17:04.958 INFO  [main] o.f.core.internal.command.DbMigrate - Migrating schema "public" to version "64 - add growth review pdf feature"
2026-09-29 23:17:04.963 INFO  [main] o.f.core.internal.command.DbMigrate - Migrating schema "public" to version "65 - add growth review pdf job type"
2026-09-29 23:17:04.966 INFO  [main] o.f.core.internal.command.DbMigrate - Migrating schema "public" to version "66 - add growth review subscription"
2026-09-29 23:17:04.970 INFO  [main] o.f.core.internal.command.DbMigrate - Migrating schema "public" to version "67 - add growth review delivery queue"
2026-09-29 23:17:04.973 INFO  [main] o.f.core.internal.command.DbMigrate - Migrating schema "public" to version "68 - add anonymous rank preference"
2026-09-29 23:17:04.980 INFO  [main] o.f.core.internal.command.DbMigrate - Migrating schema "public" to version "69 - add miniapp anonymous rank permission"
2026-09-29 23:17:04.983 INFO  [main] o.f.core.internal.command.DbMigrate - Migrating schema "public" to version "70 - add miniapp parent weekly review permission"
2026-09-29 23:17:04.985 INFO  [main] o.f.core.internal.command.DbMigrate - Migrating schema "public" to version "71 - add miniapp parent reward permissions"
2026-09-29 23:17:04.988 INFO  [main] o.f.core.internal.command.DbMigrate - Migrating schema "public" to version "72 - add web system task read permission"
2026-09-29 23:17:04.991 INFO  [main] o.f.core.internal.command.DbMigrate - Migrating schema "public" to version "73 - add feature toggle management"
2026-09-29 23:17:05.001 INFO  [main] o.f.core.internal.command.DbMigrate - Migrating schema "public" to version "74 - add interface change execution audit"
2026-09-29 23:17:05.006 INFO  [main] o.f.core.internal.command.DbMigrate - Migrating schema "public" to version "75 - add interface change before snapshot"
2026-09-29 23:17:05.019 INFO  [main] o.f.core.internal.command.DbMigrate - Migrating schema "public" to version "76 - add dictionary ledger export"
2026-09-29 23:17:05.022 INFO  [main] o.f.core.internal.command.DbMigrate - Migrating schema "public" to version "77 - add template ledger export"
2026-09-29 23:17:05.026 INFO  [main] o.f.core.internal.command.DbMigrate - Migrating schema "public" to version "78 - add interface service ledger export"
2026-09-29 23:17:05.035 INFO  [main] o.f.core.internal.command.DbMigrate - Migrating schema "public" to version "79 - add cache operation log export"
2026-09-29 23:17:05.039 INFO  [main] o.f.core.internal.command.DbMigrate - Migrating schema "public" to version "80 - add system task ledger export"
2026-09-29 23:17:05.042 INFO  [main] o.f.core.internal.command.DbMigrate - Migrating schema "public" to version "81 - add reward exchange ledger export"
2026-09-29 23:17:05.049 INFO  [main] o.f.core.internal.command.DbMigrate - Migrating schema "public" to version "82 - add exception report ledger export"
2026-09-29 23:17:05.053 INFO  [main] o.f.core.internal.command.DbMigrate - Migrating schema "public" to version "83 - add attachment ledger export"
2026-09-29 23:17:05.056 INFO  [main] o.f.core.internal.command.DbMigrate - Migrating schema "public" to version "84 - add student task report export"
2026-09-29 23:17:05.061 INFO  [main] o.f.core.internal.command.DbMigrate - Migrating schema "public" to version "85 - add organization task statistics export"
2026-09-29 23:17:05.067 INFO  [main] o.f.core.internal.command.DbMigrate - Migrating schema "public" to version "86 - add attendance ledger export"
2026-09-29 23:17:05.070 INFO  [main] o.f.core.internal.command.DbMigrate - Successfully applied 86 migrations to schema "public", now at version v86 (execution time 00:00.348s)
2026-09-29 23:17:06.521 INFO  [main] o.s.b.t.m.w.SpringBootMockServletContext - Initializing Spring TestDispatcherServlet ''
2026-09-29 23:17:06.521 INFO  [main] o.s.t.w.s.TestDispatcherServlet - Initializing Servlet ''
2026-09-29 23:17:06.522 INFO  [main] o.s.t.w.s.TestDispatcherServlet - Completed initialization in 1 ms
2026-09-29 23:17:06.539 INFO  [main] c.l.l.f.w.FeatureManagementControllerTest - Started FeatureManagementControllerTest in 3.28 seconds (process running for 116.383)
2026-09-29 23:17:06.540 WARN  [main] o.s.c.events.SpringDocAppInitializer - SpringDoc /api/v1/openapi endpoint is enabled by default. To disable it in production, set the property 'springdoc.api-docs.enabled=false'
2026-09-29 23:17:09.124 INFO  [main] o.s.t.c.s.AnnotationConfigContextLoaderUtils - Could not detect default configuration classes for test class [com.lingdong.learning.FlywayMigrationTest]: FlywayMigrationTest does not declare any static, non-private, non-final, nested classes annotated with @Configuration.
2026-09-29 23:17:09.185 INFO  [main] o.s.b.t.c.SpringBootTestContextBootstrapper - Found @SpringBootConfiguration com.lingdong.learning.LingdongLearningApplication for test class com.lingdong.learning.FlywayMigrationTest
2026-09-29 23:17:10.418 INFO  [main] o.s.t.c.s.AnnotationConfigContextLoaderUtils - Could not detect default configuration classes for test class [com.lingdong.learning.growthpoint.application.AnonymousRankPersistenceTest]: AnonymousRankPersistenceTest does not declare any static, non-private, non-final, nested classes annotated with @Configuration.
2026-09-29 23:17:10.481 INFO  [main] o.s.b.t.c.SpringBootTestContextBootstrapper - Found @SpringBootConfiguration com.lingdong.learning.LingdongLearningApplication for test class com.lingdong.learning.growthpoint.application.AnonymousRankPersistenceTest
2026-09-29 23:17:10.552 INFO  [main] o.s.t.c.s.AnnotationConfigContextLoaderUtils - Could not detect default configuration classes for test class [com.lingdong.learning.growthpoint.application.AnonymousRankQueryTest]: AnonymousRankQueryTest does not declare any static, non-private, non-final, nested classes annotated with @Configuration.
2026-09-29 23:17:10.555 INFO  [main] o.s.b.t.c.SpringBootTestContextBootstrapper - Found @SpringBootConfiguration com.lingdong.learning.LingdongLearningApplication for test class com.lingdong.learning.growthpoint.application.AnonymousRankQueryTest
2026-09-29 23:17:10.672 INFO  [main] o.s.t.c.s.AnnotationConfigContextLoaderUtils - Could not detect default configuration classes for test class [com.lingdong.learning.growthpoint.application.GrowthPointDecayIntegrationTest]: GrowthPointDecayIntegrationTest does not declare any static, non-private, non-final, nested classes annotated with @Configuration.
2026-09-29 23:17:10.674 INFO  [main] o.s.b.t.c.SpringBootTestContextBootstrapper - Found @SpringBootConfiguration com.lingdong.learning.LingdongLearningApplication for test class com.lingdong.learning.growthpoint.application.GrowthPointDecayIntegrationTest
2026-09-29 23:17:10.982 WARN  [main] c.l.l.g.a.GrowthPointDormancyBatchService - 学生积分生命周期处理失败，已隔离并继续。studentId=11
java.lang.IllegalStateException: 模拟单学生失败
	at com.lingdong.learning.growthpoint.application.GrowthPointDormancyService.processStudent(GrowthPointDormancyService.java:37)
	at com.lingdong.learning.growthpoint.application.GrowthPointDormancyBatchService.processDueStudents(GrowthPointDormancyBatchService.java:58)
	at com.lingdong.learning.growthpoint.application.GrowthPointDormancyBatchServiceTest.continuesAfterOneStudentFailsAndAdvancesTheKeysetCursor(GrowthPointDormancyBatchServiceTest.java:36)
	at java.base/jdk.internal.reflect.NativeMethodAccessorImpl.invoke0(Native Method)
	at java.base/jdk.internal.reflect.NativeMethodAccessorImpl.invoke(NativeMethodAccessorImpl.java:77)
	at java.base/jdk.internal.reflect.DelegatingMethodAccessorImpl.invoke(DelegatingMethodAccessorImpl.java:43)
	at java.base/java.lang.reflect.Method.invoke(Method.java:569)
	at org.junit.platform.commons.util.ReflectionUtils.invokeMethod(ReflectionUtils.java:767)
	at org.junit.jupiter.engine.execution.MethodInvocation.proceed(MethodInvocation.java:60)
	at org.junit.jupiter.engine.execution.InvocationInterceptorChain$ValidatingInvocation.proceed(InvocationInterceptorChain.java:131)
	at org.junit.jupiter.engine.extension.TimeoutExtension.intercept(TimeoutExtension.java:156)
	at org.junit.jupiter.engine.extension.TimeoutExtension.interceptTestableMethod(TimeoutExtension.java:147)
	at org.junit.jupiter.engine.extension.TimeoutExtension.interceptTestMethod(TimeoutExtension.java:86)
	at org.junit.jupiter.engine.execution.InterceptingExecutableInvoker$ReflectiveInterceptorCall.lambda$ofVoidMethod$0(InterceptingExecutableInvoker.java:103)
	at org.junit.jupiter.engine.execution.InterceptingExecutableInvoker.lambda$invoke$0(InterceptingExecutableInvoker.java:93)
	at org.junit.jupiter.engine.execution.InvocationInterceptorChain$InterceptedInvocation.proceed(InvocationInterceptorChain.java:106)
	at org.junit.jupiter.engine.execution.InvocationInterceptorChain.proceed(InvocationInterceptorChain.java:64)
	at org.junit.jupiter.engine.execution.InvocationInterceptorChain.chainAndInvoke(InvocationInterceptorChain.java:45)
	at org.junit.jupiter.engine.execution.InvocationInterceptorChain.invoke(InvocationInterceptorChain.java:37)
	at org.junit.jupiter.engine.execution.InterceptingExecutableInvoker.invoke(InterceptingExecutableInvoker.java:92)
	at org.junit.jupiter.engine.execution.InterceptingExecutableInvoker.invoke(InterceptingExecutableInvoker.java:86)
	at org.junit.jupiter.engine.descriptor.TestMethodTestDescriptor.lambda$invokeTestMethod$8(TestMethodTestDescriptor.java:217)
	at org.junit.platform.engine.support.hierarchical.ThrowableCollector.execute(ThrowableCollector.java:73)
	at org.junit.jupiter.engine.descriptor.TestMethodTestDescriptor.invokeTestMethod(TestMethodTestDescriptor.java:213)
	at org.junit.jupiter.engine.descriptor.TestMethodTestDescriptor.execute(TestMethodTestDescriptor.java:138)
	at org.junit.jupiter.engine.descriptor.TestMethodTestDescriptor.execute(TestMethodTestDescriptor.java:68)
	at org.junit.platform.engine.support.hierarchical.NodeTestTask.lambda$executeRecursively$6(NodeTestTask.java:156)
	at org.junit.platform.engine.support.hierarchical.ThrowableCollector.execute(ThrowableCollector.java:73)
	at org.junit.platform.engine.support.hierarchical.NodeTestTask.lambda$executeRecursively$8(NodeTestTask.java:146)
	at org.junit.platform.engine.support.hierarchical.Node.around(Node.java:137)
	at org.junit.platform.engine.support.hierarchical.NodeTestTask.lambda$executeRecursively$9(NodeTestTask.java:144)
	at org.junit.platform.engine.support.hierarchical.ThrowableCollector.execute(ThrowableCollector.java:73)
	at org.junit.platform.engine.support.hierarchical.NodeTestTask.executeRecursively(NodeTestTask.java:143)
	at org.junit.platform.engine.support.hierarchical.NodeTestTask.execute(NodeTestTask.java:100)
	at java.base/java.util.ArrayList.forEach(ArrayList.java:1511)
	at org.junit.platform.engine.support.hierarchical.SameThreadHierarchicalTestExecutorService.invokeAll(SameThreadHierarchicalTestExecutorService.java:41)
	at org.junit.platform.engine.support.hierarchical.NodeTestTask.lambda$executeRecursively$6(NodeTestTask.java:160)
	at org.junit.platform.engine.support.hierarchical.ThrowableCollector.execute(ThrowableCollector.java:73)
	at org.junit.platform.engine.support.hierarchical.NodeTestTask.lambda$executeRecursively$8(NodeTestTask.java:146)
	at org.junit.platform.engine.support.hierarchical.Node.around(Node.java:137)
	at org.junit.platform.engine.support.hierarchical.NodeTestTask.lambda$executeRecursively$9(NodeTestTask.java:144)
	at org.junit.platform.engine.support.hierarchical.ThrowableCollector.execute(ThrowableCollector.java:73)
	at org.junit.platform.engine.support.hierarchical.NodeTestTask.executeRecursively(NodeTestTask.java:143)
	at org.junit.platform.engine.support.hierarchical.NodeTestTask.execute(NodeTestTask.java:100)
	at java.base/java.util.ArrayList.forEach(ArrayList.java:1511)
	at org.junit.platform.engine.support.hierarchical.SameThreadHierarchicalTestExecutorService.invokeAll(SameThreadHierarchicalTestExecutorService.java:41)
	at org.junit.platform.engine.support.hierarchical.NodeTestTask.lambda$executeRecursively$6(NodeTestTask.java:160)
	at org.junit.platform.engine.support.hierarchical.ThrowableCollector.execute(ThrowableCollector.java:73)
	at org.junit.platform.engine.support.hierarchical.NodeTestTask.lambda$executeRecursively$8(NodeTestTask.java:146)
	at org.junit.platform.engine.support.hierarchical.Node.around(Node.java:137)
	at org.junit.platform.engine.support.hierarchical.NodeTestTask.lambda$executeRecursively$9(NodeTestTask.java:144)
	at org.junit.platform.engine.support.hierarchical.ThrowableCollector.execute(ThrowableCollector.java:73)
	at org.junit.platform.engine.support.hierarchical.NodeTestTask.executeRecursively(NodeTestTask.java:143)
	at org.junit.platform.engine.support.hierarchical.NodeTestTask.execute(NodeTestTask.java:100)
	at org.junit.platform.engine.support.hierarchical.SameThreadHierarchicalTestExecutorService.submit(SameThreadHierarchicalTestExecutorService.java:35)
	at org.junit.platform.engine.support.hierarchical.HierarchicalTestExecutor.execute(HierarchicalTestExecutor.java:57)
	at org.junit.platform.engine.support.hierarchical.HierarchicalTestEngine.execute(HierarchicalTestEngine.java:54)
	at org.junit.platform.launcher.core.EngineExecutionOrchestrator.execute(EngineExecutionOrchestrator.java:198)
	at org.junit.platform.launcher.core.EngineExecutionOrchestrator.execute(EngineExecutionOrchestrator.java:169)
	at org.junit.platform.launcher.core.EngineExecutionOrchestrator.execute(EngineExecutionOrchestrator.java:93)
	at org.junit.platform.launcher.core.EngineExecutionOrchestrator.lambda$execute$0(EngineExecutionOrchestrator.java:58)
	at org.junit.platform.launcher.core.EngineExecutionOrchestrator.withInterceptedStreams(EngineExecutionOrchestrator.java:141)
	at org.junit.platform.launcher.core.EngineExecutionOrchestrator.execute(EngineExecutionOrchestrator.java:57)
	at org.junit.platform.launcher.core.DefaultLauncher.execute(DefaultLauncher.java:103)
	at org.junit.platform.launcher.core.DefaultLauncher.execute(DefaultLauncher.java:85)
	at org.junit.platform.launcher.core.DelegatingLauncher.execute(DelegatingLauncher.java:47)
	at org.apache.maven.surefire.junitplatform.LazyLauncher.execute(LazyLauncher.java:56)
	at org.apache.maven.surefire.junitplatform.JUnitPlatformProvider.execute(JUnitPlatformProvider.java:194)
	at org.apache.maven.surefire.junitplatform.JUnitPlatformProvider.invokeAllTests(JUnitPlatformProvider.java:150)
	at org.apache.maven.surefire.junitplatform.JUnitPlatformProvider.invoke(JUnitPlatformProvider.java:124)
	at java.base/jdk.internal.reflect.NativeMethodAccessorImpl.invoke0(Native Method)
	at java.base/jdk.internal.reflect.NativeMethodAccessorImpl.invoke(NativeMethodAccessorImpl.java:77)
	at java.base/jdk.internal.reflect.DelegatingMethodAccessorImpl.invoke(DelegatingMethodAccessorImpl.java:43)
	at java.base/java.lang.reflect.Method.invoke(Method.java:569)
	at org.apache.maven.surefire.api.util.ReflectionUtils.invokeMethodWithArray2(ReflectionUtils.java:137)
	at org.apache.maven.surefire.booter.ProviderFactory$ProviderProxy.invoke(ProviderFactory.java:148)
	at org.apache.maven.surefire.booter.ProviderFactory.invokeProvider(ProviderFactory.java:88)
	at org.apache.maven.plugin.surefire.InPluginVMSurefireStarter.runSuitesInProcess(InPluginVMSurefireStarter.java:91)
	at org.apache.maven.plugin.surefire.AbstractSurefireMojo.executeProvider(AbstractSurefireMojo.java:1308)
	at org.apache.maven.plugin.surefire.AbstractSurefireMojo.executeAfterPreconditionsChecked(AbstractSurefireMojo.java:1135)
	at org.apache.maven.plugin.surefire.AbstractSurefireMojo.execute(AbstractSurefireMojo.java:969)
	at org.apache.maven.plugin.DefaultBuildPluginManager.executeMojo(DefaultBuildPluginManager.java:126)
	at org.apache.maven.lifecycle.internal.MojoExecutor.doExecute2(MojoExecutor.java:328)
	at org.apache.maven.lifecycle.internal.MojoExecutor.doExecute(MojoExecutor.java:316)
	at org.apache.maven.lifecycle.internal.MojoExecutor.execute(MojoExecutor.java:212)
	at org.apache.maven.lifecycle.internal.MojoExecutor.execute(MojoExecutor.java:174)
	at org.apache.maven.lifecycle.internal.MojoExecutor.access$000(MojoExecutor.java:75)
	at org.apache.maven.lifecycle.internal.MojoExecutor$1.run(MojoExecutor.java:162)
	at org.apache.maven.plugin.DefaultMojosExecutionStrategy.execute(DefaultMojosExecutionStrategy.java:39)
	at org.apache.maven.lifecycle.internal.MojoExecutor.execute(MojoExecutor.java:159)
	at org.apache.maven.lifecycle.internal.LifecycleModuleBuilder.buildProject(LifecycleModuleBuilder.java:105)
	at org.apache.maven.lifecycle.internal.LifecycleModuleBuilder.buildProject(LifecycleModuleBuilder.java:73)
	at org.apache.maven.lifecycle.internal.builder.singlethreaded.SingleThreadedBuilder.build(SingleThreadedBuilder.java:53)
	at org.apache.maven.lifecycle.internal.LifecycleStarter.execute(LifecycleStarter.java:118)
	at org.apache.maven.DefaultMaven.doExecute(DefaultMaven.java:261)
	at org.apache.maven.DefaultMaven.doExecute(DefaultMaven.java:173)
	at org.apache.maven.DefaultMaven.execute(DefaultMaven.java:101)
	at org.apache.maven.cli.MavenCli.execute(MavenCli.java:919)
	at org.apache.maven.cli.MavenCli.doMain(MavenCli.java:285)
	at org.apache.maven.cli.MavenCli.main(MavenCli.java:207)
	at java.base/jdk.internal.reflect.NativeMethodAccessorImpl.invoke0(Native Method)
	at java.base/jdk.internal.reflect.NativeMethodAccessorImpl.invoke(NativeMethodAccessorImpl.java:77)
	at java.base/jdk.internal.reflect.DelegatingMethodAccessorImpl.invoke(DelegatingMethodAccessorImpl.java:43)
	at java.base/java.lang.reflect.Method.invoke(Method.java:569)
	at org.codehaus.plexus.classworlds.launcher.Launcher.launchEnhanced(Launcher.java:255)
	at org.codehaus.plexus.classworlds.launcher.Launcher.launch(Launcher.java:201)
	at org.codehaus.plexus.classworlds.launcher.Launcher.mainWithExitCode(Launcher.java:361)
	at org.codehaus.plexus.classworlds.launcher.Launcher.main(Launcher.java:314)
2026-09-29 23:17:11.658 WARN  [main] c.l.l.g.a.GrowthReviewBatchService - 成长复盘批量生成失败，已跳过当前学生并继续处理。studentId=11, periodType=DAY, periodStart=2026-08-10, periodEnd=2026-08-10
java.lang.IllegalStateException: 模拟单学生生成失败
	at com.lingdong.learning.growthpoint.application.GrowthReviewGenerationService.generate(GrowthReviewGenerationService.java:63)
	at com.lingdong.learning.growthpoint.application.GrowthReviewBatchService.process(GrowthReviewBatchService.java:104)
	at com.lingdong.learning.growthpoint.application.GrowthReviewBatchService.processDaily(GrowthReviewBatchService.java:53)
	at com.lingdong.learning.growthpoint.application.GrowthReviewBatchServiceTest.continuesWithTheNextStudentWhenOneReviewGenerationFails(GrowthReviewBatchServiceTest.java:108)
	at java.base/jdk.internal.reflect.NativeMethodAccessorImpl.invoke0(Native Method)
	at java.base/jdk.internal.reflect.NativeMethodAccessorImpl.invoke(NativeMethodAccessorImpl.java:77)
	at java.base/jdk.internal.reflect.DelegatingMethodAccessorImpl.invoke(DelegatingMethodAccessorImpl.java:43)
	at java.base/java.lang.reflect.Method.invoke(Method.java:569)
	at org.junit.platform.commons.util.ReflectionUtils.invokeMethod(ReflectionUtils.java:767)
	at org.junit.jupiter.engine.execution.MethodInvocation.proceed(MethodInvocation.java:60)
	at org.junit.jupiter.engine.execution.InvocationInterceptorChain$ValidatingInvocation.proceed(InvocationInterceptorChain.java:131)
	at org.junit.jupiter.engine.extension.TimeoutExtension.intercept(TimeoutExtension.java:156)
	at org.junit.jupiter.engine.extension.TimeoutExtension.interceptTestableMethod(TimeoutExtension.java:147)
	at org.junit.jupiter.engine.extension.TimeoutExtension.interceptTestMethod(TimeoutExtension.java:86)
	at org.junit.jupiter.engine.execution.InterceptingExecutableInvoker$ReflectiveInterceptorCall.lambda$ofVoidMethod$0(InterceptingExecutableInvoker.java:103)
	at org.junit.jupiter.engine.execution.InterceptingExecutableInvoker.lambda$invoke$0(InterceptingExecutableInvoker.java:93)
	at org.junit.jupiter.engine.execution.InvocationInterceptorChain$InterceptedInvocation.proceed(InvocationInterceptorChain.java:106)
	at org.junit.jupiter.engine.execution.InvocationInterceptorChain.proceed(InvocationInterceptorChain.java:64)
	at org.junit.jupiter.engine.execution.InvocationInterceptorChain.chainAndInvoke(InvocationInterceptorChain.java:45)
	at org.junit.jupiter.engine.execution.InvocationInterceptorChain.invoke(InvocationInterceptorChain.java:37)
	at org.junit.jupiter.engine.execution.InterceptingExecutableInvoker.invoke(InterceptingExecutableInvoker.java:92)
	at org.junit.jupiter.engine.execution.InterceptingExecutableInvoker.invoke(InterceptingExecutableInvoker.java:86)
	at org.junit.jupiter.engine.descriptor.TestMethodTestDescriptor.lambda$invokeTestMethod$8(TestMethodTestDescriptor.java:217)
	at org.junit.platform.engine.support.hierarchical.ThrowableCollector.execute(ThrowableCollector.java:73)
	at org.junit.jupiter.engine.descriptor.TestMethodTestDescriptor.invokeTestMethod(TestMethodTestDescriptor.java:213)
	at org.junit.jupiter.engine.descriptor.TestMethodTestDescriptor.execute(TestMethodTestDescriptor.java:138)
	at org.junit.jupiter.engine.descriptor.TestMethodTestDescriptor.execute(TestMethodTestDescriptor.java:68)
	at org.junit.platform.engine.support.hierarchical.NodeTestTask.lambda$executeRecursively$6(NodeTestTask.java:156)
	at org.junit.platform.engine.support.hierarchical.ThrowableCollector.execute(ThrowableCollector.java:73)
	at org.junit.platform.engine.support.hierarchical.NodeTestTask.lambda$executeRecursively$8(NodeTestTask.java:146)
	at org.junit.platform.engine.support.hierarchical.Node.around(Node.java:137)
	at org.junit.platform.engine.support.hierarchical.NodeTestTask.lambda$executeRecursively$9(NodeTestTask.java:144)
	at org.junit.platform.engine.support.hierarchical.ThrowableCollector.execute(ThrowableCollector.java:73)
	at org.junit.platform.engine.support.hierarchical.NodeTestTask.executeRecursively(NodeTestTask.java:143)
	at org.junit.platform.engine.support.hierarchical.NodeTestTask.execute(NodeTestTask.java:100)
	at java.base/java.util.ArrayList.forEach(ArrayList.java:1511)
	at org.junit.platform.engine.support.hierarchical.SameThreadHierarchicalTestExecutorService.invokeAll(SameThreadHierarchicalTestExecutorService.java:41)
	at org.junit.platform.engine.support.hierarchical.NodeTestTask.lambda$executeRecursively$6(NodeTestTask.java:160)
	at org.junit.platform.engine.support.hierarchical.ThrowableCollector.execute(ThrowableCollector.java:73)
	at org.junit.platform.engine.support.hierarchical.NodeTestTask.lambda$executeRecursively$8(NodeTestTask.java:146)
	at org.junit.platform.engine.support.hierarchical.Node.around(Node.java:137)
	at org.junit.platform.engine.support.hierarchical.NodeTestTask.lambda$executeRecursively$9(NodeTestTask.java:144)
	at org.junit.platform.engine.support.hierarchical.ThrowableCollector.execute(ThrowableCollector.java:73)
	at org.junit.platform.engine.support.hierarchical.NodeTestTask.executeRecursively(NodeTestTask.java:143)
	at org.junit.platform.engine.support.hierarchical.NodeTestTask.execute(NodeTestTask.java:100)
	at java.base/java.util.ArrayList.forEach(ArrayList.java:1511)
	at org.junit.platform.engine.support.hierarchical.SameThreadHierarchicalTestExecutorService.invokeAll(SameThreadHierarchicalTestExecutorService.java:41)
	at org.junit.platform.engine.support.hierarchical.NodeTestTask.lambda$executeRecursively$6(NodeTestTask.java:160)
	at org.junit.platform.engine.support.hierarchical.ThrowableCollector.execute(ThrowableCollector.java:73)
	at org.junit.platform.engine.support.hierarchical.NodeTestTask.lambda$executeRecursively$8(NodeTestTask.java:146)
	at org.junit.platform.engine.support.hierarchical.Node.around(Node.java:137)
	at org.junit.platform.engine.support.hierarchical.NodeTestTask.lambda$executeRecursively$9(NodeTestTask.java:144)
	at org.junit.platform.engine.support.hierarchical.ThrowableCollector.execute(ThrowableCollector.java:73)
	at org.junit.platform.engine.support.hierarchical.NodeTestTask.executeRecursively(NodeTestTask.java:143)
	at org.junit.platform.engine.support.hierarchical.NodeTestTask.execute(NodeTestTask.java:100)
	at org.junit.platform.engine.support.hierarchical.SameThreadHierarchicalTestExecutorService.submit(SameThreadHierarchicalTestExecutorService.java:35)
	at org.junit.platform.engine.support.hierarchical.HierarchicalTestExecutor.execute(HierarchicalTestExecutor.java:57)
	at org.junit.platform.engine.support.hierarchical.HierarchicalTestEngine.execute(HierarchicalTestEngine.java:54)
	at org.junit.platform.launcher.core.EngineExecutionOrchestrator.execute(EngineExecutionOrchestrator.java:198)
	at org.junit.platform.launcher.core.EngineExecutionOrchestrator.execute(EngineExecutionOrchestrator.java:169)
	at org.junit.platform.launcher.core.EngineExecutionOrchestrator.execute(EngineExecutionOrchestrator.java:93)
	at org.junit.platform.launcher.core.EngineExecutionOrchestrator.lambda$execute$0(EngineExecutionOrchestrator.java:58)
	at org.junit.platform.launcher.core.EngineExecutionOrchestrator.withInterceptedStreams(EngineExecutionOrchestrator.java:141)
	at org.junit.platform.launcher.core.EngineExecutionOrchestrator.execute(EngineExecutionOrchestrator.java:57)
	at org.junit.platform.launcher.core.DefaultLauncher.execute(DefaultLauncher.java:103)
	at org.junit.platform.launcher.core.DefaultLauncher.execute(DefaultLauncher.java:85)
	at org.junit.platform.launcher.core.DelegatingLauncher.execute(DelegatingLauncher.java:47)
	at org.apache.maven.surefire.junitplatform.LazyLauncher.execute(LazyLauncher.java:56)
	at org.apache.maven.surefire.junitplatform.JUnitPlatformProvider.execute(JUnitPlatformProvider.java:194)
	at org.apache.maven.surefire.junitplatform.JUnitPlatformProvider.invokeAllTests(JUnitPlatformProvider.java:150)
	at org.apache.maven.surefire.junitplatform.JUnitPlatformProvider.invoke(JUnitPlatformProvider.java:124)
	at java.base/jdk.internal.reflect.NativeMethodAccessorImpl.invoke0(Native Method)
	at java.base/jdk.internal.reflect.NativeMethodAccessorImpl.invoke(NativeMethodAccessorImpl.java:77)
	at java.base/jdk.internal.reflect.DelegatingMethodAccessorImpl.invoke(DelegatingMethodAccessorImpl.java:43)
	at java.base/java.lang.reflect.Method.invoke(Method.java:569)
	at org.apache.maven.surefire.api.util.ReflectionUtils.invokeMethodWithArray2(ReflectionUtils.java:137)
	at org.apache.maven.surefire.booter.ProviderFactory$ProviderProxy.invoke(ProviderFactory.java:148)
	at org.apache.maven.surefire.booter.ProviderFactory.invokeProvider(ProviderFactory.java:88)
	at org.apache.maven.plugin.surefire.InPluginVMSurefireStarter.runSuitesInProcess(InPluginVMSurefireStarter.java:91)
	at org.apache.maven.plugin.surefire.AbstractSurefireMojo.executeProvider(AbstractSurefireMojo.java:1308)
	at org.apache.maven.plugin.surefire.AbstractSurefireMojo.executeAfterPreconditionsChecked(AbstractSurefireMojo.java:1135)
	at org.apache.maven.plugin.surefire.AbstractSurefireMojo.execute(AbstractSurefireMojo.java:969)
	at org.apache.maven.plugin.DefaultBuildPluginManager.executeMojo(DefaultBuildPluginManager.java:126)
	at org.apache.maven.lifecycle.internal.MojoExecutor.doExecute2(MojoExecutor.java:328)
	at org.apache.maven.lifecycle.internal.MojoExecutor.doExecute(MojoExecutor.java:316)
	at org.apache.maven.lifecycle.internal.MojoExecutor.execute(MojoExecutor.java:212)
	at org.apache.maven.lifecycle.internal.MojoExecutor.execute(MojoExecutor.java:174)
	at org.apache.maven.lifecycle.internal.MojoExecutor.access$000(MojoExecutor.java:75)
	at org.apache.maven.lifecycle.internal.MojoExecutor$1.run(MojoExecutor.java:162)
	at org.apache.maven.plugin.DefaultMojosExecutionStrategy.execute(DefaultMojosExecutionStrategy.java:39)
	at org.apache.maven.lifecycle.internal.MojoExecutor.execute(MojoExecutor.java:159)
	at org.apache.maven.lifecycle.internal.LifecycleModuleBuilder.buildProject(LifecycleModuleBuilder.java:105)
	at org.apache.maven.lifecycle.internal.LifecycleModuleBuilder.buildProject(LifecycleModuleBuilder.java:73)
	at org.apache.maven.lifecycle.internal.builder.singlethreaded.SingleThreadedBuilder.build(SingleThreadedBuilder.java:53)
	at org.apache.maven.lifecycle.internal.LifecycleStarter.execute(LifecycleStarter.java:118)
	at org.apache.maven.DefaultMaven.doExecute(DefaultMaven.java:261)
	at org.apache.maven.DefaultMaven.doExecute(DefaultMaven.java:173)
	at org.apache.maven.DefaultMaven.execute(DefaultMaven.java:101)
	at org.apache.maven.cli.MavenCli.execute(MavenCli.java:919)
	at org.apache.maven.cli.MavenCli.doMain(MavenCli.java:285)
	at org.apache.maven.cli.MavenCli.main(MavenCli.java:207)
	at java.base/jdk.internal.reflect.NativeMethodAccessorImpl.invoke0(Native Method)
	at java.base/jdk.internal.reflect.NativeMethodAccessorImpl.invoke(NativeMethodAccessorImpl.java:77)
	at java.base/jdk.internal.reflect.DelegatingMethodAccessorImpl.invoke(DelegatingMethodAccessorImpl.java:43)
	at java.base/java.lang.reflect.Method.invoke(Method.java:569)
	at org.codehaus.plexus.classworlds.launcher.Launcher.launchEnhanced(Launcher.java:255)
	at org.codehaus.plexus.classworlds.launcher.Launcher.launch(Launcher.java:201)
	at org.codehaus.plexus.classworlds.launcher.Launcher.mainWithExitCode(Launcher.java:361)
	at org.codehaus.plexus.classworlds.launcher.Launcher.main(Launcher.java:314)
2026-09-29 23:17:11.700 INFO  [main] o.s.t.c.s.AnnotationConfigContextLoaderUtils - Could not detect default configuration classes for test class [com.lingdong.learning.growthpoint.application.GrowthReviewGenerationServiceTest]: GrowthReviewGenerationServiceTest does not declare any static, non-private, non-final, nested classes annotated with @Configuration.
2026-09-29 23:17:11.703 INFO  [main] o.s.b.t.c.SpringBootTestContextBootstrapper - Found @SpringBootConfiguration com.lingdong.learning.LingdongLearningApplication for test class com.lingdong.learning.growthpoint.application.GrowthReviewGenerationServiceTest
2026-09-29 23:17:11.841 INFO  [main] o.s.t.c.s.AnnotationConfigContextLoaderUtils - Could not detect default configuration classes for test class [com.lingdong.learning.growthpoint.application.GrowthReviewQueryServiceTest]: GrowthReviewQueryServiceTest does not declare any static, non-private, non-final, nested classes annotated with @Configuration.
2026-09-29 23:17:11.847 INFO  [main] o.s.b.t.c.SpringBootTestContextBootstrapper - Found @SpringBootConfiguration com.lingdong.learning.LingdongLearningApplication for test class com.lingdong.learning.growthpoint.application.GrowthReviewQueryServiceTest
2026-09-29 23:17:12.309 WARN  [main] c.l.l.g.a.GrowthReviewSubscriptionBatchService - 周报订阅排程失败，保留后续扫描重试。subscriptionId=1
java.lang.IllegalStateException: 模拟单条失败
	at com.lingdong.learning.growthpoint.application.GrowthReviewSubscriptionQueueService.prepare(GrowthReviewSubscriptionQueueService.java:25)
	at com.lingdong.learning.growthpoint.application.GrowthReviewSubscriptionBatchService.process(GrowthReviewSubscriptionBatchService.java:30)
	at com.lingdong.learning.growthpoint.application.GrowthReviewSubscriptionBatchTest.pagesByLastIdAndIsolatesOneFailure(GrowthReviewSubscriptionBatchTest.java:31)
	at java.base/jdk.internal.reflect.NativeMethodAccessorImpl.invoke0(Native Method)
	at java.base/jdk.internal.reflect.NativeMethodAccessorImpl.invoke(NativeMethodAccessorImpl.java:77)
	at java.base/jdk.internal.reflect.DelegatingMethodAccessorImpl.invoke(DelegatingMethodAccessorImpl.java:43)
	at java.base/java.lang.reflect.Method.invoke(Method.java:569)
	at org.junit.platform.commons.util.ReflectionUtils.invokeMethod(ReflectionUtils.java:767)
	at org.junit.jupiter.engine.execution.MethodInvocation.proceed(MethodInvocation.java:60)
	at org.junit.jupiter.engine.execution.InvocationInterceptorChain$ValidatingInvocation.proceed(InvocationInterceptorChain.java:131)
	at org.junit.jupiter.engine.extension.TimeoutExtension.intercept(TimeoutExtension.java:156)
	at org.junit.jupiter.engine.extension.TimeoutExtension.interceptTestableMethod(TimeoutExtension.java:147)
	at org.junit.jupiter.engine.extension.TimeoutExtension.interceptTestMethod(TimeoutExtension.java:86)
	at org.junit.jupiter.engine.execution.InterceptingExecutableInvoker$ReflectiveInterceptorCall.lambda$ofVoidMethod$0(InterceptingExecutableInvoker.java:103)
	at org.junit.jupiter.engine.execution.InterceptingExecutableInvoker.lambda$invoke$0(InterceptingExecutableInvoker.java:93)
	at org.junit.jupiter.engine.execution.InvocationInterceptorChain$InterceptedInvocation.proceed(InvocationInterceptorChain.java:106)
	at org.junit.jupiter.engine.execution.InvocationInterceptorChain.proceed(InvocationInterceptorChain.java:64)
	at org.junit.jupiter.engine.execution.InvocationInterceptorChain.chainAndInvoke(InvocationInterceptorChain.java:45)
	at org.junit.jupiter.engine.execution.InvocationInterceptorChain.invoke(InvocationInterceptorChain.java:37)
	at org.junit.jupiter.engine.execution.InterceptingExecutableInvoker.invoke(InterceptingExecutableInvoker.java:92)
	at org.junit.jupiter.engine.execution.InterceptingExecutableInvoker.invoke(InterceptingExecutableInvoker.java:86)
	at org.junit.jupiter.engine.descriptor.TestMethodTestDescriptor.lambda$invokeTestMethod$8(TestMethodTestDescriptor.java:217)
	at org.junit.platform.engine.support.hierarchical.ThrowableCollector.execute(ThrowableCollector.java:73)
	at org.junit.jupiter.engine.descriptor.TestMethodTestDescriptor.invokeTestMethod(TestMethodTestDescriptor.java:213)
	at org.junit.jupiter.engine.descriptor.TestMethodTestDescriptor.execute(TestMethodTestDescriptor.java:138)
	at org.junit.jupiter.engine.descriptor.TestMethodTestDescriptor.execute(TestMethodTestDescriptor.java:68)
	at org.junit.platform.engine.support.hierarchical.NodeTestTask.lambda$executeRecursively$6(NodeTestTask.java:156)
	at org.junit.platform.engine.support.hierarchical.ThrowableCollector.execute(ThrowableCollector.java:73)
	at org.junit.platform.engine.support.hierarchical.NodeTestTask.lambda$executeRecursively$8(NodeTestTask.java:146)
	at org.junit.platform.engine.support.hierarchical.Node.around(Node.java:137)
	at org.junit.platform.engine.support.hierarchical.NodeTestTask.lambda$executeRecursively$9(NodeTestTask.java:144)
	at org.junit.platform.engine.support.hierarchical.ThrowableCollector.execute(ThrowableCollector.java:73)
	at org.junit.platform.engine.support.hierarchical.NodeTestTask.executeRecursively(NodeTestTask.java:143)
	at org.junit.platform.engine.support.hierarchical.NodeTestTask.execute(NodeTestTask.java:100)
	at java.base/java.util.ArrayList.forEach(ArrayList.java:1511)
	at org.junit.platform.engine.support.hierarchical.SameThreadHierarchicalTestExecutorService.invokeAll(SameThreadHierarchicalTestExecutorService.java:41)
	at org.junit.platform.engine.support.hierarchical.NodeTestTask.lambda$executeRecursively$6(NodeTestTask.java:160)
	at org.junit.platform.engine.support.hierarchical.ThrowableCollector.execute(ThrowableCollector.java:73)
	at org.junit.platform.engine.support.hierarchical.NodeTestTask.lambda$executeRecursively$8(NodeTestTask.java:146)
	at org.junit.platform.engine.support.hierarchical.Node.around(Node.java:137)
	at org.junit.platform.engine.support.hierarchical.NodeTestTask.lambda$executeRecursively$9(NodeTestTask.java:144)
	at org.junit.platform.engine.support.hierarchical.ThrowableCollector.execute(ThrowableCollector.java:73)
	at org.junit.platform.engine.support.hierarchical.NodeTestTask.executeRecursively(NodeTestTask.java:143)
	at org.junit.platform.engine.support.hierarchical.NodeTestTask.execute(NodeTestTask.java:100)
	at java.base/java.util.ArrayList.forEach(ArrayList.java:1511)
	at org.junit.platform.engine.support.hierarchical.SameThreadHierarchicalTestExecutorService.invokeAll(SameThreadHierarchicalTestExecutorService.java:41)
	at org.junit.platform.engine.support.hierarchical.NodeTestTask.lambda$executeRecursively$6(NodeTestTask.java:160)
	at org.junit.platform.engine.support.hierarchical.ThrowableCollector.execute(ThrowableCollector.java:73)
	at org.junit.platform.engine.support.hierarchical.NodeTestTask.lambda$executeRecursively$8(NodeTestTask.java:146)
	at org.junit.platform.engine.support.hierarchical.Node.around(Node.java:137)
	at org.junit.platform.engine.support.hierarchical.NodeTestTask.lambda$executeRecursively$9(NodeTestTask.java:144)
	at org.junit.platform.engine.support.hierarchical.ThrowableCollector.execute(ThrowableCollector.java:73)
	at org.junit.platform.engine.support.hierarchical.NodeTestTask.executeRecursively(NodeTestTask.java:143)
	at org.junit.platform.engine.support.hierarchical.NodeTestTask.execute(NodeTestTask.java:100)
	at org.junit.platform.engine.support.hierarchical.SameThreadHierarchicalTestExecutorService.submit(SameThreadHierarchicalTestExecutorService.java:35)
	at org.junit.platform.engine.support.hierarchical.HierarchicalTestExecutor.execute(HierarchicalTestExecutor.java:57)
	at org.junit.platform.engine.support.hierarchical.HierarchicalTestEngine.execute(HierarchicalTestEngine.java:54)
	at org.junit.platform.launcher.core.EngineExecutionOrchestrator.execute(EngineExecutionOrchestrator.java:198)
	at org.junit.platform.launcher.core.EngineExecutionOrchestrator.execute(EngineExecutionOrchestrator.java:169)
	at org.junit.platform.launcher.core.EngineExecutionOrchestrator.execute(EngineExecutionOrchestrator.java:93)
	at org.junit.platform.launcher.core.EngineExecutionOrchestrator.lambda$execute$0(EngineExecutionOrchestrator.java:58)
	at org.junit.platform.launcher.core.EngineExecutionOrchestrator.withInterceptedStreams(EngineExecutionOrchestrator.java:141)
	at org.junit.platform.launcher.core.EngineExecutionOrchestrator.execute(EngineExecutionOrchestrator.java:57)
	at org.junit.platform.launcher.core.DefaultLauncher.execute(DefaultLauncher.java:103)
	at org.junit.platform.launcher.core.DefaultLauncher.execute(DefaultLauncher.java:85)
	at org.junit.platform.launcher.core.DelegatingLauncher.execute(DelegatingLauncher.java:47)
	at org.apache.maven.surefire.junitplatform.LazyLauncher.execute(LazyLauncher.java:56)
	at org.apache.maven.surefire.junitplatform.JUnitPlatformProvider.execute(JUnitPlatformProvider.java:194)
	at org.apache.maven.surefire.junitplatform.JUnitPlatformProvider.invokeAllTests(JUnitPlatformProvider.java:150)
	at org.apache.maven.surefire.junitplatform.JUnitPlatformProvider.invoke(JUnitPlatformProvider.java:124)
	at java.base/jdk.internal.reflect.NativeMethodAccessorImpl.invoke0(Native Method)
	at java.base/jdk.internal.reflect.NativeMethodAccessorImpl.invoke(NativeMethodAccessorImpl.java:77)
	at java.base/jdk.internal.reflect.DelegatingMethodAccessorImpl.invoke(DelegatingMethodAccessorImpl.java:43)
	at java.base/java.lang.reflect.Method.invoke(Method.java:569)
	at org.apache.maven.surefire.api.util.ReflectionUtils.invokeMethodWithArray2(ReflectionUtils.java:137)
	at org.apache.maven.surefire.booter.ProviderFactory$ProviderProxy.invoke(ProviderFactory.java:148)
	at org.apache.maven.surefire.booter.ProviderFactory.invokeProvider(ProviderFactory.java:88)
	at org.apache.maven.plugin.surefire.InPluginVMSurefireStarter.runSuitesInProcess(InPluginVMSurefireStarter.java:91)
	at org.apache.maven.plugin.surefire.AbstractSurefireMojo.executeProvider(AbstractSurefireMojo.java:1308)
	at org.apache.maven.plugin.surefire.AbstractSurefireMojo.executeAfterPreconditionsChecked(AbstractSurefireMojo.java:1135)
	at org.apache.maven.plugin.surefire.AbstractSurefireMojo.execute(AbstractSurefireMojo.java:969)
	at org.apache.maven.plugin.DefaultBuildPluginManager.executeMojo(DefaultBuildPluginManager.java:126)
	at org.apache.maven.lifecycle.internal.MojoExecutor.doExecute2(MojoExecutor.java:328)
	at org.apache.maven.lifecycle.internal.MojoExecutor.doExecute(MojoExecutor.java:316)
	at org.apache.maven.lifecycle.internal.MojoExecutor.execute(MojoExecutor.java:212)
	at org.apache.maven.lifecycle.internal.MojoExecutor.execute(MojoExecutor.java:174)
	at org.apache.maven.lifecycle.internal.MojoExecutor.access$000(MojoExecutor.java:75)
	at org.apache.maven.lifecycle.internal.MojoExecutor$1.run(MojoExecutor.java:162)
	at org.apache.maven.plugin.DefaultMojosExecutionStrategy.execute(DefaultMojosExecutionStrategy.java:39)
	at org.apache.maven.lifecycle.internal.MojoExecutor.execute(MojoExecutor.java:159)
	at org.apache.maven.lifecycle.internal.LifecycleModuleBuilder.buildProject(LifecycleModuleBuilder.java:105)
	at org.apache.maven.lifecycle.internal.LifecycleModuleBuilder.buildProject(LifecycleModuleBuilder.java:73)
	at org.apache.maven.lifecycle.internal.builder.singlethreaded.SingleThreadedBuilder.build(SingleThreadedBuilder.java:53)
	at org.apache.maven.lifecycle.internal.LifecycleStarter.execute(LifecycleStarter.java:118)
	at org.apache.maven.DefaultMaven.doExecute(DefaultMaven.java:261)
	at org.apache.maven.DefaultMaven.doExecute(DefaultMaven.java:173)
	at org.apache.maven.DefaultMaven.execute(DefaultMaven.java:101)
	at org.apache.maven.cli.MavenCli.execute(MavenCli.java:919)
	at org.apache.maven.cli.MavenCli.doMain(MavenCli.java:285)
	at org.apache.maven.cli.MavenCli.main(MavenCli.java:207)
	at java.base/jdk.internal.reflect.NativeMethodAccessorImpl.invoke0(Native Method)
	at java.base/jdk.internal.reflect.NativeMethodAccessorImpl.invoke(NativeMethodAccessorImpl.java:77)
	at java.base/jdk.internal.reflect.DelegatingMethodAccessorImpl.invoke(DelegatingMethodAccessorImpl.java:43)
	at java.base/java.lang.reflect.Method.invoke(Method.java:569)
	at org.codehaus.plexus.classworlds.launcher.Launcher.launchEnhanced(Launcher.java:255)
	at org.codehaus.plexus.classworlds.launcher.Launcher.launch(Launcher.java:201)
	at org.codehaus.plexus.classworlds.launcher.Launcher.mainWithExitCode(Launcher.java:361)
	at org.codehaus.plexus.classworlds.launcher.Launcher.main(Launcher.java:314)
2026-09-29 23:17:12.333 INFO  [main] o.s.t.c.s.AnnotationConfigContextLoaderUtils - Could not detect default configuration classes for test class [com.lingdong.learning.growthpoint.application.GrowthReviewSubscriptionTest]: GrowthReviewSubscriptionTest does not declare any static, non-private, non-final, nested classes annotated with @Configuration.
2026-09-29 23:17:12.336 INFO  [main] o.s.b.t.c.SpringBootTestContextBootstrapper - Found @SpringBootConfiguration com.lingdong.learning.LingdongLearningApplication for test class com.lingdong.learning.growthpoint.application.GrowthReviewSubscriptionTest
2026-09-29 23:17:12.817 INFO  [main] o.s.t.c.s.AnnotationConfigContextLoaderUtils - Could not detect default configuration classes for test class [com.lingdong.learning.growthpoint.application.MiniappParentWeeklyReviewQueryTest]: MiniappParentWeeklyReviewQueryTest does not declare any static, non-private, non-final, nested classes annotated with @Configuration.
2026-09-29 23:17:12.819 INFO  [main] o.s.b.t.c.SpringBootTestContextBootstrapper - Found @SpringBootConfiguration com.lingdong.learning.LingdongLearningApplication for test class com.lingdong.learning.growthpoint.application.MiniappParentWeeklyReviewQueryTest
2026-09-29 23:17:12.914 INFO  [main] o.s.t.c.s.AnnotationConfigContextLoaderUtils - Could not detect default configuration classes for test class [com.lingdong.learning.growthpoint.application.MiniappWeeklyPermissionMigrationTest]: MiniappWeeklyPermissionMigrationTest does not declare any static, non-private, non-final, nested classes annotated with @Configuration.
2026-09-29 23:17:12.915 INFO  [main] o.s.b.t.c.SpringBootTestContextBootstrapper - Found @SpringBootConfiguration com.lingdong.learning.LingdongLearningApplication for test class com.lingdong.learning.growthpoint.application.MiniappWeeklyPermissionMigrationTest
2026-09-29 23:17:12.989 WARN  [main] org.apache.fontbox.ttf.CmapSubtable - Format 14 cmap table is not supported and will be ignored
2026-09-29 23:17:13.057 WARN  [main] org.apache.fontbox.ttf.CmapSubtable - Format 14 cmap table is not supported and will be ignored
2026-09-29 23:17:13.730 WARN  [main] org.apache.fontbox.ttf.CmapSubtable - Format 14 cmap table is not supported and will be ignored
2026-09-29 23:17:13.800 WARN  [main] org.apache.fontbox.ttf.CmapSubtable - Format 14 cmap table is not supported and will be ignored
2026-09-29 23:17:13.872 WARN  [main] org.apache.fontbox.ttf.CmapSubtable - Format 14 cmap table is not supported and will be ignored
2026-09-29 23:17:14.085 INFO  [main] o.s.mock.web.MockServletContext - Initializing Spring TestDispatcherServlet ''
2026-09-29 23:17:14.086 INFO  [main] o.s.t.w.s.TestDispatcherServlet - Initializing Servlet ''
2026-09-29 23:17:14.086 INFO  [main] o.s.t.w.s.TestDispatcherServlet - Completed initialization in 0 ms
2026-09-29 23:17:14.101 INFO  [main] o.s.mock.web.MockServletContext - Initializing Spring TestDispatcherServlet ''
2026-09-29 23:17:14.102 INFO  [main] o.s.t.w.s.TestDispatcherServlet - Initializing Servlet ''
2026-09-29 23:17:14.102 INFO  [main] o.s.t.w.s.TestDispatcherServlet - Completed initialization in 0 ms
2026-09-29 23:17:14.114 INFO  [main] o.s.mock.web.MockServletContext - Initializing Spring TestDispatcherServlet ''
2026-09-29 23:17:14.115 INFO  [main] o.s.t.w.s.TestDispatcherServlet - Initializing Servlet ''
2026-09-29 23:17:14.116 INFO  [main] o.s.t.w.s.TestDispatcherServlet - Completed initialization in 1 ms
2026-09-29 23:17:14.141 INFO  [main] o.s.mock.web.MockServletContext - Initializing Spring TestDispatcherServlet ''
2026-09-29 23:17:14.145 INFO  [main] o.s.t.w.s.TestDispatcherServlet - Initializing Servlet ''
2026-09-29 23:17:14.147 INFO  [main] o.s.t.w.s.TestDispatcherServlet - Completed initialization in 0 ms
2026-09-29 23:17:14.153 WARN  [main] o.s.w.s.m.s.DefaultHandlerExceptionResolver - Resolved [org.springframework.web.bind.MethodArgumentNotValidException: Validation failed for argument [3] in public com.lingdong.learning.growthpoint.application.AnonymousRankQueryService$Preference com.lingdong.learning.growthpoint.web.AnonymousRankController.set(com.lingdong.learning.auth.application.AuthenticatedUser,java.lang.Long,java.lang.Long,com.lingdong.learning.growthpoint.web.AnonymousRankController$Request) with 2 errors: [Field error in object 'request' on field 'enabled': rejected value [null]; codes [NotNull.request.enabled,NotNull.enabled,NotNull.java.lang.Boolean,NotNull]; arguments [org.springframework.context.support.DefaultMessageSourceResolvable: codes [request.enabled,enabled]; arguments []; default message [enabled]]; default message [must not be null]] [Field error in object 'request' on field 'version': rejected value [null]; codes [NotNull.request.version,NotNull.version,NotNull.java.lang.Long,NotNull]; arguments [org.springframework.context.support.DefaultMessageSourceResolvable: codes [request.version,version]; arguments []; default message [version]]; default message [must not be null]] ]
2026-09-29 23:17:14.154 WARN  [main] o.s.w.s.m.s.DefaultHandlerExceptionResolver - Resolved [org.springframework.web.bind.MethodArgumentNotValidException: Validation failed for argument [3] in public com.lingdong.learning.growthpoint.application.AnonymousRankQueryService$Preference com.lingdong.learning.growthpoint.web.AnonymousRankController.set(com.lingdong.learning.auth.application.AuthenticatedUser,java.lang.Long,java.lang.Long,com.lingdong.learning.growthpoint.web.AnonymousRankController$Request): [Field error in object 'request' on field 'version': rejected value [null]; codes [NotNull.request.version,NotNull.version,NotNull.java.lang.Long,NotNull]; arguments [org.springframework.context.support.DefaultMessageSourceResolvable: codes [request.version,version]; arguments []; default message [version]]; default message [must not be null]] ]
2026-09-29 23:17:14.155 WARN  [main] o.s.w.s.m.s.DefaultHandlerExceptionResolver - Resolved [org.springframework.web.bind.MethodArgumentNotValidException: Validation failed for argument [3] in public com.lingdong.learning.growthpoint.application.AnonymousRankQueryService$Preference com.lingdong.learning.growthpoint.web.AnonymousRankController.set(com.lingdong.learning.auth.application.AuthenticatedUser,java.lang.Long,java.lang.Long,com.lingdong.learning.growthpoint.web.AnonymousRankController$Request): [Field error in object 'request' on field 'version': rejected value [-1]; codes [Min.request.version,Min.version,Min.java.lang.Long,Min]; arguments [org.springframework.context.support.DefaultMessageSourceResolvable: codes [request.version,version]; arguments []; default message [version],0]; default message [must be greater than or equal to 0]] ]
2026-09-29 23:17:14.163 INFO  [main] o.s.mock.web.MockServletContext - Initializing Spring TestDispatcherServlet ''
2026-09-29 23:17:14.165 INFO  [main] o.s.t.w.s.TestDispatcherServlet - Initializing Servlet ''
2026-09-29 23:17:14.165 INFO  [main] o.s.t.w.s.TestDispatcherServlet - Completed initialization in 0 ms
2026-09-29 23:17:14.175 INFO  [main] o.s.mock.web.MockServletContext - Initializing Spring TestDispatcherServlet ''
2026-09-29 23:17:14.177 INFO  [main] o.s.t.w.s.TestDispatcherServlet - Initializing Servlet ''
2026-09-29 23:17:14.177 INFO  [main] o.s.t.w.s.TestDispatcherServlet - Completed initialization in 0 ms
2026-09-29 23:17:14.351 INFO  [main] o.s.mock.web.MockServletContext - Initializing Spring TestDispatcherServlet ''
2026-09-29 23:17:14.352 INFO  [main] o.s.t.w.s.TestDispatcherServlet - Initializing Servlet ''
2026-09-29 23:17:14.353 INFO  [main] o.s.t.w.s.TestDispatcherServlet - Completed initialization in 0 ms
2026-09-29 23:17:14.364 INFO  [main] o.s.mock.web.MockServletContext - Initializing Spring TestDispatcherServlet ''
2026-09-29 23:17:14.365 INFO  [main] o.s.t.w.s.TestDispatcherServlet - Initializing Servlet ''
2026-09-29 23:17:14.365 INFO  [main] o.s.t.w.s.TestDispatcherServlet - Completed initialization in 0 ms
2026-09-29 23:17:14.384 INFO  [main] o.s.mock.web.MockServletContext - Initializing Spring TestDispatcherServlet ''
2026-09-29 23:17:14.386 INFO  [main] o.s.t.w.s.TestDispatcherServlet - Initializing Servlet ''
2026-09-29 23:17:14.386 INFO  [main] o.s.t.w.s.TestDispatcherServlet - Completed initialization in 0 ms
2026-09-29 23:17:14.406 INFO  [main] o.s.mock.web.MockServletContext - Initializing Spring TestDispatcherServlet ''
2026-09-29 23:17:14.407 INFO  [main] o.s.t.w.s.TestDispatcherServlet - Initializing Servlet ''
2026-09-29 23:17:14.407 INFO  [main] o.s.t.w.s.TestDispatcherServlet - Completed initialization in 0 ms
2026-09-29 23:17:14.420 INFO  [main] o.s.mock.web.MockServletContext - Initializing Spring TestDispatcherServlet ''
2026-09-29 23:17:14.422 INFO  [main] o.s.t.w.s.TestDispatcherServlet - Initializing Servlet ''
2026-09-29 23:17:14.422 INFO  [main] o.s.t.w.s.TestDispatcherServlet - Completed initialization in 0 ms
2026-09-29 23:17:14.621 INFO  [main] o.s.mock.web.MockServletContext - Initializing Spring TestDispatcherServlet ''
2026-09-29 23:17:14.622 INFO  [main] o.s.t.w.s.TestDispatcherServlet - Initializing Servlet ''
2026-09-29 23:17:14.622 INFO  [main] o.s.t.w.s.TestDispatcherServlet - Completed initialization in 0 ms
2026-09-29 23:17:14.644 INFO  [main] o.s.mock.web.MockServletContext - Initializing Spring TestDispatcherServlet ''
2026-09-29 23:17:14.646 INFO  [main] o.s.t.w.s.TestDispatcherServlet - Initializing Servlet ''
2026-09-29 23:17:14.646 INFO  [main] o.s.t.w.s.TestDispatcherServlet - Completed initialization in 0 ms
2026-09-29 23:17:14.677 INFO  [main] o.s.t.c.s.AnnotationConfigContextLoaderUtils - Could not detect default configuration classes for test class [com.lingdong.learning.growthpoint.web.RewardExchangeControllerTest]: RewardExchangeControllerTest does not declare any static, non-private, non-final, nested classes annotated with @Configuration.
2026-09-29 23:17:14.737 INFO  [main] o.s.b.t.c.SpringBootTestContextBootstrapper - Found @SpringBootConfiguration com.lingdong.learning.LingdongLearningApplication for test class com.lingdong.learning.growthpoint.web.RewardExchangeControllerTest
2026-09-29 23:17:14.767 INFO  [main] c.l.l.g.w.RewardExchangeControllerTest - Starting RewardExchangeControllerTest using Java 17.0.20 with PID 286296 (started by Administrator in E:\apps\lingdong-xuexi-code\lingdong-xuexi-server)
2026-09-29 23:17:14.768 INFO  [main] c.l.l.g.w.RewardExchangeControllerTest - The following 1 profile is active: "test"
2026-09-29 23:17:15.384 INFO  [main] o.s.d.r.c.RepositoryConfigurationDelegate - Multiple Spring Data modules found, entering strict repository configuration mode
2026-09-29 23:17:15.384 INFO  [main] o.s.d.r.c.RepositoryConfigurationDelegate - Bootstrapping Spring Data Redis repositories in DEFAULT mode.
2026-09-29 23:17:15.459 INFO  [main] o.s.d.r.c.RepositoryConfigurationDelegate - Finished Spring Data repository scanning in 73 ms. Found 0 Redis repository interfaces.
2026-09-29 23:17:15.723 INFO  [main] com.zaxxer.hikari.HikariDataSource - HikariPool-8 - Starting...
2026-09-29 23:17:15.727 INFO  [main] com.zaxxer.hikari.pool.HikariPool - HikariPool-8 - Added connection conn70: url=jdbc:h2:mem:reward_exchange_ddf25c15d5754217b5bb242506692fc2 user=SA
2026-09-29 23:17:15.728 INFO  [main] com.zaxxer.hikari.HikariDataSource - HikariPool-8 - Start completed.
2026-09-29 23:17:15.731 INFO  [main] org.flywaydb.core.FlywayExecutor - Database: jdbc:h2:mem:reward_exchange_ddf25c15d5754217b5bb242506692fc2 (H2 2.3)
2026-09-29 23:17:15.732 WARN  [main] o.f.c.i.database.base.Database - Flyway upgrade recommended: H2 2.3.232 is newer than this version of Flyway and support has not been tested. The latest supported version of H2 is 2.2.224.
2026-09-29 23:17:15.765 INFO  [main] o.f.c.i.s.JdbcTableSchemaHistory - Schema history table "public"."flyway_schema_history" does not exist yet
2026-09-29 23:17:15.765 INFO  [main] o.f.core.internal.command.DbValidate - Successfully validated 86 migrations (execution time 00:00.030s)
2026-09-29 23:17:15.766 INFO  [main] o.f.c.i.s.JdbcTableSchemaHistory - Creating Schema History table "public"."flyway_schema_history" ...
2026-09-29 23:17:15.769 INFO  [main] o.f.core.internal.command.DbMigrate - Current version of schema "public": << Empty Schema >>
2026-09-29 23:17:15.770 INFO  [main] o.f.core.internal.command.DbMigrate - Migrating schema "public" to version "1 - create system config"
2026-09-29 23:17:15.774 INFO  [main] o.f.core.internal.command.DbMigrate - Migrating schema "public" to version "2 - create iam rbac tables"
2026-09-29 23:17:15.785 INFO  [main] o.f.core.internal.command.DbMigrate - Migrating schema "public" to version "3 - create organization types"
2026-09-29 23:17:15.791 INFO  [main] o.f.core.internal.command.DbMigrate - Migrating schema "public" to version "4 - create user organization relations"
2026-09-29 23:17:15.796 INFO  [main] o.f.core.internal.command.DbMigrate - Migrating schema "public" to version "5 - create system task audit"
2026-09-29 23:17:15.799 INFO  [main] o.f.core.internal.command.DbMigrate - Migrating schema "public" to version "6 - create feature toggles"
2026-09-29 23:17:15.802 INFO  [main] o.f.core.internal.command.DbMigrate - Migrating schema "public" to version "7 - create feature toggle changes"
2026-09-29 23:17:15.805 INFO  [main] o.f.core.internal.command.DbMigrate - Migrating schema "public" to version "8 - create user permissions"
2026-09-29 23:17:15.808 INFO  [main] o.f.core.internal.command.DbMigrate - Migrating schema "public" to version "9 - create role data scopes"
2026-09-29 23:17:15.815 INFO  [main] o.f.core.internal.command.DbMigrate - Migrating schema "public" to version "10 - create dictionary tables"
2026-09-29 23:17:15.820 INFO  [main] o.f.core.internal.command.DbMigrate - Migrating schema "public" to version "11 - create cache operation log"
2026-09-29 23:17:15.824 INFO  [main] o.f.core.internal.command.DbMigrate - Migrating schema "public" to version "12 - create interface service tables"
2026-09-29 23:17:15.832 INFO  [main] o.f.core.internal.command.DbMigrate - Migrating schema "public" to version "13 - create attachment core tables"
2026-09-29 23:17:15.836 INFO  [main] o.f.core.internal.command.DbMigrate - Migrating schema "public" to version "14 - create import export template table"
2026-09-29 23:17:15.839 INFO  [main] o.f.core.internal.command.DbMigrate - Migrating schema "public" to version "15 - create auth device session"
2026-09-29 23:17:15.843 INFO  [main] o.f.core.internal.command.DbMigrate - Migrating schema "public" to version "16 - seed iam management permissions"
2026-09-29 23:17:15.848 INFO  [main] o.f.core.internal.command.DbMigrate - Migrating schema "public" to version "17 - seed organization management permissions"
2026-09-29 23:17:15.851 INFO  [main] o.f.core.internal.command.DbMigrate - Migrating schema "public" to version "18 - seed user directory permissions"
2026-09-29 23:17:15.854 INFO  [main] o.f.core.internal.command.DbMigrate - Migrating schema "public" to version "19 - create student relationship foundation"
2026-09-29 23:17:15.858 INFO  [main] o.f.core.internal.command.DbMigrate - Migrating schema "public" to version "20 - create parent binding invitation"
2026-09-29 23:17:15.867 INFO  [main] o.f.core.internal.command.DbMigrate - Migrating schema "public" to version "21 - create student code login"
2026-09-29 23:17:15.874 INFO  [main] o.f.core.internal.command.DbMigrate - Migrating schema "public" to version "22 - create learning task foundation"
2026-09-29 23:17:15.888 INFO  [main] o.f.core.internal.command.DbMigrate - Migrating schema "public" to version "23 - create task execution foundation"
2026-09-29 23:17:15.903 INFO  [main] o.f.core.internal.command.DbMigrate - Migrating schema "public" to version "24 - create growth point account and ledger"
2026-09-29 23:17:15.908 INFO  [main] o.f.core.internal.command.DbMigrate - Migrating schema "public" to version "25 - seed growth point query access"
2026-09-29 23:17:15.914 INFO  [main] o.f.core.internal.command.DbMigrate - Migrating schema "public" to version "26 - add growth point correction"
2026-09-29 23:17:15.920 INFO  [main] o.f.core.internal.command.DbMigrate - Migrating schema "public" to version "27 - add reward exchange"
2026-09-29 23:17:15.934 INFO  [main] o.f.core.internal.command.DbMigrate - Migrating schema "public" to version "28 - add growth review"
2026-09-29 23:17:15.943 INFO  [main] o.f.core.internal.command.DbMigrate - Migrating schema "public" to version "29 - add point lifecycle"
2026-09-29 23:17:15.979 INFO  [main] o.f.core.internal.command.DbMigrate - Migrating schema "public" to version "30 - add recurring task"
2026-09-29 23:17:16.005 INFO  [main] o.f.core.internal.command.DbMigrate - Migrating schema "public" to version "31 - add task checkin attachment"
2026-09-29 23:17:16.023 INFO  [main] o.f.core.internal.command.DbMigrate - Migrating schema "public" to version "32 - add task overdue defer"
2026-09-29 23:17:16.065 INFO  [main] o.f.core.internal.command.DbMigrate - Migrating schema "public" to version "33 - add previous day task copy"
2026-09-29 23:17:16.074 INFO  [main] o.f.core.internal.command.DbMigrate - Migrating schema "public" to version "34 - add learning task template"
2026-09-29 23:17:16.087 INFO  [main] o.f.core.internal.command.DbMigrate - Migrating schema "public" to version "35 - add student qr login"
2026-09-29 23:17:16.097 INFO  [main] o.f.core.internal.command.DbMigrate - Migrating schema "public" to version "36 - add parent phone auth"
2026-09-29 23:17:16.102 INFO  [main] o.f.core.internal.command.DbMigrate - Migrating schema "public" to version "37 - add parent wechat auth"
2026-09-29 23:17:16.113 INFO  [main] o.f.core.internal.command.DbMigrate - Migrating schema "public" to version "38 - add parent relationship lifecycle"
2026-09-29 23:17:16.123 INFO  [main] o.f.core.internal.command.DbMigrate - Migrating schema "public" to version "39 - add account security event"
2026-09-29 23:17:16.133 INFO  [main] o.f.core.internal.command.DbMigrate - Migrating schema "public" to version "40 - add organization miniapp auth"
2026-09-29 23:17:16.138 INFO  [main] o.f.core.internal.command.DbMigrate - Migrating schema "public" to version "41 - add student organization lifecycle"
2026-09-29 23:17:16.151 INFO  [main] o.f.core.internal.command.DbMigrate - Migrating schema "public" to version "42 - add parent account lifecycle"
2026-09-29 23:17:16.158 INFO  [main] o.f.core.internal.command.DbMigrate - Migrating schema "public" to version "43 - finalize parent account cancellation"
2026-09-29 23:17:16.174 INFO  [main] o.f.core.internal.command.DbMigrate - Migrating schema "public" to version "44 - add parent mobile manual recovery"
2026-09-29 23:17:16.186 INFO  [main] o.f.core.internal.command.DbMigrate - Migrating schema "public" to version "45 - add student account cancellation"
2026-09-29 23:17:16.191 INFO  [main] o.f.core.internal.command.DbMigrate - Migrating schema "public" to version "46 - add student wechat auth"
2026-09-29 23:17:16.205 INFO  [main] o.f.core.internal.command.DbMigrate - Migrating schema "public" to version "47 - add organization node lifecycle"
2026-09-29 23:17:16.232 INFO  [main] o.f.core.internal.command.DbMigrate - Migrating schema "public" to version "48 - add class management"
2026-09-29 23:17:16.238 INFO  [main] o.f.core.internal.command.DbMigrate - Migrating schema "public" to version "49 - add permission grant boundary"
2026-09-29 23:17:16.249 INFO  [main] o.f.core.internal.command.DbMigrate - Migrating schema "public" to version "50 - add iam change audit"
2026-09-29 23:17:16.254 INFO  [main] o.f.core.internal.command.DbMigrate - Migrating schema "public" to version "51 - add dictionary management"
2026-09-29 23:17:16.258 INFO  [main] o.f.core.internal.command.DbMigrate - Migrating schema "public" to version "52 - add cache management"
2026-09-29 23:17:16.266 INFO  [main] o.f.core.internal.command.DbMigrate - Migrating schema "public" to version "53 - add interface service management"
2026-09-29 23:17:16.271 INFO  [main] o.f.core.internal.command.DbMigrate - Migrating schema "public" to version "54 - add attachment management"
2026-09-29 23:17:16.282 INFO  [main] o.f.core.internal.command.DbMigrate - Migrating schema "public" to version "55 - add import export template management"
2026-09-29 23:17:16.292 INFO  [main] o.f.core.internal.command.DbMigrate - Migrating schema "public" to version "56 - add import validation job"
2026-09-29 23:17:16.306 INFO  [main] o.f.core.internal.command.DbMigrate - Migrating schema "public" to version "57 - add async export job"
2026-09-29 23:17:16.337 INFO  [main] o.f.core.internal.command.DbMigrate - Migrating schema "public" to version "58 - add student batch import"
2026-09-29 23:17:16.351 INFO  [main] o.f.core.internal.command.DbMigrate - Migrating schema "public" to version "59 - add teacher management"
2026-09-29 23:17:16.357 INFO  [main] o.f.core.internal.command.DbMigrate - Migrating schema "public" to version "60 - complete organization teacher tasks"
2026-09-29 23:17:16.367 INFO  [main] o.f.core.internal.command.DbMigrate - Migrating schema "public" to version "61 - add student exception report"
2026-09-29 23:17:16.378 INFO  [main] o.f.core.internal.command.DbMigrate - Migrating schema "public" to version "62 - add manual attendance"
2026-09-29 23:17:16.387 INFO  [main] o.f.core.internal.command.DbMigrate - Migrating schema "public" to version "63 - add export job payload"
2026-09-29 23:17:16.390 INFO  [main] o.f.core.internal.command.DbMigrate - Migrating schema "public" to version "64 - add growth review pdf feature"
2026-09-29 23:17:16.396 INFO  [main] o.f.core.internal.command.DbMigrate - Migrating schema "public" to version "65 - add growth review pdf job type"
2026-09-29 23:17:16.401 INFO  [main] o.f.core.internal.command.DbMigrate - Migrating schema "public" to version "66 - add growth review subscription"
2026-09-29 23:17:16.405 INFO  [main] o.f.core.internal.command.DbMigrate - Migrating schema "public" to version "67 - add growth review delivery queue"
2026-09-29 23:17:16.414 INFO  [main] o.f.core.internal.command.DbMigrate - Migrating schema "public" to version "68 - add anonymous rank preference"
2026-09-29 23:17:16.420 INFO  [main] o.f.core.internal.command.DbMigrate - Migrating schema "public" to version "69 - add miniapp anonymous rank permission"
2026-09-29 23:17:16.422 INFO  [main] o.f.core.internal.command.DbMigrate - Migrating schema "public" to version "70 - add miniapp parent weekly review permission"
2026-09-29 23:17:16.425 INFO  [main] o.f.core.internal.command.DbMigrate - Migrating schema "public" to version "71 - add miniapp parent reward permissions"
2026-09-29 23:17:16.432 INFO  [main] o.f.core.internal.command.DbMigrate - Migrating schema "public" to version "72 - add web system task read permission"
2026-09-29 23:17:16.435 INFO  [main] o.f.core.internal.command.DbMigrate - Migrating schema "public" to version "73 - add feature toggle management"
2026-09-29 23:17:16.442 INFO  [main] o.f.core.internal.command.DbMigrate - Migrating schema "public" to version "74 - add interface change execution audit"
2026-09-29 23:17:16.452 INFO  [main] o.f.core.internal.command.DbMigrate - Migrating schema "public" to version "75 - add interface change before snapshot"
2026-09-29 23:17:16.459 INFO  [main] o.f.core.internal.command.DbMigrate - Migrating schema "public" to version "76 - add dictionary ledger export"
2026-09-29 23:17:16.468 INFO  [main] o.f.core.internal.command.DbMigrate - Migrating schema "public" to version "77 - add template ledger export"
2026-09-29 23:17:16.472 INFO  [main] o.f.core.internal.command.DbMigrate - Migrating schema "public" to version "78 - add interface service ledger export"
2026-09-29 23:17:16.482 INFO  [main] o.f.core.internal.command.DbMigrate - Migrating schema "public" to version "79 - add cache operation log export"
2026-09-29 23:17:16.489 INFO  [main] o.f.core.internal.command.DbMigrate - Migrating schema "public" to version "80 - add system task ledger export"
2026-09-29 23:17:16.496 INFO  [main] o.f.core.internal.command.DbMigrate - Migrating schema "public" to version "81 - add reward exchange ledger export"
2026-09-29 23:17:16.501 INFO  [main] o.f.core.internal.command.DbMigrate - Migrating schema "public" to version "82 - add exception report ledger export"
2026-09-29 23:17:16.505 INFO  [main] o.f.core.internal.command.DbMigrate - Migrating schema "public" to version "83 - add attachment ledger export"
2026-09-29 23:17:16.512 INFO  [main] o.f.core.internal.command.DbMigrate - Migrating schema "public" to version "84 - add student task report export"
2026-09-29 23:17:16.516 INFO  [main] o.f.core.internal.command.DbMigrate - Migrating schema "public" to version "85 - add organization task statistics export"
2026-09-29 23:17:16.520 INFO  [main] o.f.core.internal.command.DbMigrate - Migrating schema "public" to version "86 - add attendance ledger export"
2026-09-29 23:17:16.522 INFO  [main] o.f.core.internal.command.DbMigrate - Successfully applied 86 migrations to schema "public", now at version v86 (execution time 00:00.356s)
2026-09-29 23:17:17.973 INFO  [main] o.s.b.t.m.w.SpringBootMockServletContext - Initializing Spring TestDispatcherServlet ''
2026-09-29 23:17:17.973 INFO  [main] o.s.t.w.s.TestDispatcherServlet - Initializing Servlet ''
2026-09-29 23:17:17.974 INFO  [main] o.s.t.w.s.TestDispatcherServlet - Completed initialization in 1 ms
2026-09-29 23:17:17.988 INFO  [main] c.l.l.g.w.RewardExchangeControllerTest - Started RewardExchangeControllerTest in 3.247 seconds (process running for 127.833)
2026-09-29 23:17:17.989 WARN  [main] o.s.c.events.SpringDocAppInitializer - SpringDoc /api/v1/openapi endpoint is enabled by default. To disable it in production, set the property 'springdoc.api-docs.enabled=false'
2026-09-29 23:17:25.853 INFO  [main] com.zaxxer.hikari.HikariDataSource - HikariPool-8 - Shutdown initiated...
2026-09-29 23:17:25.858 INFO  [main] com.zaxxer.hikari.HikariDataSource - HikariPool-8 - Shutdown completed.
2026-09-29 23:17:25.906 INFO  [main] c.l.l.g.w.RewardExchangeControllerTest - Starting RewardExchangeControllerTest using Java 17.0.20 with PID 286296 (started by Administrator in E:\apps\lingdong-xuexi-code\lingdong-xuexi-server)
2026-09-29 23:17:25.906 INFO  [main] c.l.l.g.w.RewardExchangeControllerTest - The following 1 profile is active: "test"
2026-09-29 23:17:26.565 INFO  [main] o.s.d.r.c.RepositoryConfigurationDelegate - Multiple Spring Data modules found, entering strict repository configuration mode
2026-09-29 23:17:26.565 INFO  [main] o.s.d.r.c.RepositoryConfigurationDelegate - Bootstrapping Spring Data Redis repositories in DEFAULT mode.
2026-09-29 23:17:26.640 INFO  [main] o.s.d.r.c.RepositoryConfigurationDelegate - Finished Spring Data repository scanning in 73 ms. Found 0 Redis repository interfaces.
2026-09-29 23:17:26.828 INFO  [main] com.zaxxer.hikari.HikariDataSource - HikariPool-9 - Starting...
2026-09-29 23:17:26.830 INFO  [main] com.zaxxer.hikari.pool.HikariPool - HikariPool-9 - Added connection conn80: url=jdbc:h2:mem:reward_exchange_ddf25c15d5754217b5bb242506692fc2 user=SA
2026-09-29 23:17:26.830 INFO  [main] com.zaxxer.hikari.HikariDataSource - HikariPool-9 - Start completed.
2026-09-29 23:17:26.832 INFO  [main] org.flywaydb.core.FlywayExecutor - Database: jdbc:h2:mem:reward_exchange_ddf25c15d5754217b5bb242506692fc2 (H2 2.3)
2026-09-29 23:17:26.832 WARN  [main] o.f.c.i.database.base.Database - Flyway upgrade recommended: H2 2.3.232 is newer than this version of Flyway and support has not been tested. The latest supported version of H2 is 2.2.224.
2026-09-29 23:17:26.861 INFO  [main] o.f.c.i.s.JdbcTableSchemaHistory - Schema history table "public"."flyway_schema_history" does not exist yet
2026-09-29 23:17:26.862 INFO  [main] o.f.core.internal.command.DbValidate - Successfully validated 86 migrations (execution time 00:00.027s)
2026-09-29 23:17:26.863 INFO  [main] o.f.c.i.s.JdbcTableSchemaHistory - Creating Schema History table "public"."flyway_schema_history" ...
2026-09-29 23:17:26.867 INFO  [main] o.f.core.internal.command.DbMigrate - Current version of schema "public": << Empty Schema >>
2026-09-29 23:17:26.868 INFO  [main] o.f.core.internal.command.DbMigrate - Migrating schema "public" to version "1 - create system config"
2026-09-29 23:17:26.871 INFO  [main] o.f.core.internal.command.DbMigrate - Migrating schema "public" to version "2 - create iam rbac tables"
2026-09-29 23:17:26.878 INFO  [main] o.f.core.internal.command.DbMigrate - Migrating schema "public" to version "3 - create organization types"
2026-09-29 23:17:26.885 INFO  [main] o.f.core.internal.command.DbMigrate - Migrating schema "public" to version "4 - create user organization relations"
2026-09-29 23:17:26.888 INFO  [main] o.f.core.internal.command.DbMigrate - Migrating schema "public" to version "5 - create system task audit"
2026-09-29 23:17:26.891 INFO  [main] o.f.core.internal.command.DbMigrate - Migrating schema "public" to version "6 - create feature toggles"
2026-09-29 23:17:26.893 INFO  [main] o.f.core.internal.command.DbMigrate - Migrating schema "public" to version "7 - create feature toggle changes"
2026-09-29 23:17:26.898 INFO  [main] o.f.core.internal.command.DbMigrate - Migrating schema "public" to version "8 - create user permissions"
2026-09-29 23:17:26.901 INFO  [main] o.f.core.internal.command.DbMigrate - Migrating schema "public" to version "9 - create role data scopes"
2026-09-29 23:17:26.904 INFO  [main] o.f.core.internal.command.DbMigrate - Migrating schema "public" to version "10 - create dictionary tables"
2026-09-29 23:17:26.907 INFO  [main] o.f.core.internal.command.DbMigrate - Migrating schema "public" to version "11 - create cache operation log"
2026-09-29 23:17:26.913 INFO  [main] o.f.core.internal.command.DbMigrate - Migrating schema "public" to version "12 - create interface service tables"
2026-09-29 23:17:26.918 INFO  [main] o.f.core.internal.command.DbMigrate - Migrating schema "public" to version "13 - create attachment core tables"
2026-09-29 23:17:26.921 INFO  [main] o.f.core.internal.command.DbMigrate - Migrating schema "public" to version "14 - create import export template table"
2026-09-29 23:17:26.923 INFO  [main] o.f.core.internal.command.DbMigrate - Migrating schema "public" to version "15 - create auth device session"
2026-09-29 23:17:26.927 INFO  [main] o.f.core.internal.command.DbMigrate - Migrating schema "public" to version "16 - seed iam management permissions"
2026-09-29 23:17:26.932 INFO  [main] o.f.core.internal.command.DbMigrate - Migrating schema "public" to version "17 - seed organization management permissions"
2026-09-29 23:17:26.934 INFO  [main] o.f.core.internal.command.DbMigrate - Migrating schema "public" to version "18 - seed user directory permissions"
2026-09-29 23:17:26.937 INFO  [main] o.f.core.internal.command.DbMigrate - Migrating schema "public" to version "19 - create student relationship foundation"
2026-09-29 23:17:26.941 INFO  [main] o.f.core.internal.command.DbMigrate - Migrating schema "public" to version "20 - create parent binding invitation"
2026-09-29 23:17:26.950 INFO  [main] o.f.core.internal.command.DbMigrate - Migrating schema "public" to version "21 - create student code login"
2026-09-29 23:17:26.956 INFO  [main] o.f.core.internal.command.DbMigrate - Migrating schema "public" to version "22 - create learning task foundation"
2026-09-29 23:17:26.965 INFO  [main] o.f.core.internal.command.DbMigrate - Migrating schema "public" to version "23 - create task execution foundation"
2026-09-29 23:17:26.973 INFO  [main] o.f.core.internal.command.DbMigrate - Migrating schema "public" to version "24 - create growth point account and ledger"
2026-09-29 23:17:26.982 INFO  [main] o.f.core.internal.command.DbMigrate - Migrating schema "public" to version "25 - seed growth point query access"
2026-09-29 23:17:26.984 INFO  [main] o.f.core.internal.command.DbMigrate - Migrating schema "public" to version "26 - add growth point correction"
2026-09-29 23:17:26.989 INFO  [main] o.f.core.internal.command.DbMigrate - Migrating schema "public" to version "27 - add reward exchange"
2026-09-29 23:17:27.001 INFO  [main] o.f.core.internal.command.DbMigrate - Migrating schema "public" to version "28 - add growth review"
2026-09-29 23:17:27.015 INFO  [main] o.f.core.internal.command.DbMigrate - Migrating schema "public" to version "29 - add point lifecycle"
2026-09-29 23:17:27.045 INFO  [main] o.f.core.internal.command.DbMigrate - Migrating schema "public" to version "30 - add recurring task"
2026-09-29 23:17:27.054 INFO  [main] o.f.core.internal.command.DbMigrate - Migrating schema "public" to version "31 - add task checkin attachment"
2026-09-29 23:17:27.064 INFO  [main] o.f.core.internal.command.DbMigrate - Migrating schema "public" to version "32 - add task overdue defer"
2026-09-29 23:17:27.094 INFO  [main] o.f.core.internal.command.DbMigrate - Migrating schema "public" to version "33 - add previous day task copy"
2026-09-29 23:17:27.101 INFO  [main] o.f.core.internal.command.DbMigrate - Migrating schema "public" to version "34 - add learning task template"
2026-09-29 23:17:27.106 INFO  [main] o.f.core.internal.command.DbMigrate - Migrating schema "public" to version "35 - add student qr login"
2026-09-29 23:17:27.112 INFO  [main] o.f.core.internal.command.DbMigrate - Migrating schema "public" to version "36 - add parent phone auth"
2026-09-29 23:17:27.117 INFO  [main] o.f.core.internal.command.DbMigrate - Migrating schema "public" to version "37 - add parent wechat auth"
2026-09-29 23:17:27.122 INFO  [main] o.f.core.internal.command.DbMigrate - Migrating schema "public" to version "38 - add parent relationship lifecycle"
2026-09-29 23:17:27.129 INFO  [main] o.f.core.internal.command.DbMigrate - Migrating schema "public" to version "39 - add account security event"
2026-09-29 23:17:27.133 INFO  [main] o.f.core.internal.command.DbMigrate - Migrating schema "public" to version "40 - add organization miniapp auth"
2026-09-29 23:17:27.136 INFO  [main] o.f.core.internal.command.DbMigrate - Migrating schema "public" to version "41 - add student organization lifecycle"
2026-09-29 23:17:27.140 INFO  [main] o.f.core.internal.command.DbMigrate - Migrating schema "public" to version "42 - add parent account lifecycle"
2026-09-29 23:17:27.146 INFO  [main] o.f.core.internal.command.DbMigrate - Migrating schema "public" to version "43 - finalize parent account cancellation"
2026-09-29 23:17:27.156 INFO  [main] o.f.core.internal.command.DbMigrate - Migrating schema "public" to version "44 - add parent mobile manual recovery"
2026-09-29 23:17:27.162 INFO  [main] o.f.core.internal.command.DbMigrate - Migrating schema "public" to version "45 - add student account cancellation"
2026-09-29 23:17:27.169 INFO  [main] o.f.core.internal.command.DbMigrate - Migrating schema "public" to version "46 - add student wechat auth"
2026-09-29 23:17:27.176 INFO  [main] o.f.core.internal.command.DbMigrate - Migrating schema "public" to version "47 - add organization node lifecycle"
2026-09-29 23:17:27.192 INFO  [main] o.f.core.internal.command.DbMigrate - Migrating schema "public" to version "48 - add class management"
2026-09-29 23:17:27.200 INFO  [main] o.f.core.internal.command.DbMigrate - Migrating schema "public" to version "49 - add permission grant boundary"
2026-09-29 23:17:27.205 INFO  [main] o.f.core.internal.command.DbMigrate - Migrating schema "public" to version "50 - add iam change audit"
2026-09-29 23:17:27.208 INFO  [main] o.f.core.internal.command.DbMigrate - Migrating schema "public" to version "51 - add dictionary management"
2026-09-29 23:17:27.216 INFO  [main] o.f.core.internal.command.DbMigrate - Migrating schema "public" to version "52 - add cache management"
2026-09-29 23:17:27.219 INFO  [main] o.f.core.internal.command.DbMigrate - Migrating schema "public" to version "53 - add interface service management"
2026-09-29 23:17:27.223 INFO  [main] o.f.core.internal.command.DbMigrate - Migrating schema "public" to version "54 - add attachment management"
2026-09-29 23:17:27.229 INFO  [main] o.f.core.internal.command.DbMigrate - Migrating schema "public" to version "55 - add import export template management"
2026-09-29 23:17:27.236 INFO  [main] o.f.core.internal.command.DbMigrate - Migrating schema "public" to version "56 - add import validation job"
2026-09-29 23:17:27.243 INFO  [main] o.f.core.internal.command.DbMigrate - Migrating schema "public" to version "57 - add async export job"
2026-09-29 23:17:27.252 INFO  [main] o.f.core.internal.command.DbMigrate - Migrating schema "public" to version "58 - add student batch import"
2026-09-29 23:17:27.258 INFO  [main] o.f.core.internal.command.DbMigrate - Migrating schema "public" to version "59 - add teacher management"
2026-09-29 23:17:27.266 INFO  [main] o.f.core.internal.command.DbMigrate - Migrating schema "public" to version "60 - complete organization teacher tasks"
2026-09-29 23:17:27.271 INFO  [main] o.f.core.internal.command.DbMigrate - Migrating schema "public" to version "61 - add student exception report"
2026-09-29 23:17:27.276 INFO  [main] o.f.core.internal.command.DbMigrate - Migrating schema "public" to version "62 - add manual attendance"
2026-09-29 23:17:27.287 INFO  [main] o.f.core.internal.command.DbMigrate - Migrating schema "public" to version "63 - add export job payload"
2026-09-29 23:17:27.290 INFO  [main] o.f.core.internal.command.DbMigrate - Migrating schema "public" to version "64 - add growth review pdf feature"
2026-09-29 23:17:27.295 INFO  [main] o.f.core.internal.command.DbMigrate - Migrating schema "public" to version "65 - add growth review pdf job type"
2026-09-29 23:17:27.300 INFO  [main] o.f.core.internal.command.DbMigrate - Migrating schema "public" to version "66 - add growth review subscription"
2026-09-29 23:17:27.303 INFO  [main] o.f.core.internal.command.DbMigrate - Migrating schema "public" to version "67 - add growth review delivery queue"
2026-09-29 23:17:27.306 INFO  [main] o.f.core.internal.command.DbMigrate - Migrating schema "public" to version "68 - add anonymous rank preference"
2026-09-29 23:17:27.312 INFO  [main] o.f.core.internal.command.DbMigrate - Migrating schema "public" to version "69 - add miniapp anonymous rank permission"
2026-09-29 23:17:27.315 INFO  [main] o.f.core.internal.command.DbMigrate - Migrating schema "public" to version "70 - add miniapp parent weekly review permission"
2026-09-29 23:17:27.317 INFO  [main] o.f.core.internal.command.DbMigrate - Migrating schema "public" to version "71 - add miniapp parent reward permissions"
2026-09-29 23:17:27.319 INFO  [main] o.f.core.internal.command.DbMigrate - Migrating schema "public" to version "72 - add web system task read permission"
2026-09-29 23:17:27.322 INFO  [main] o.f.core.internal.command.DbMigrate - Migrating schema "public" to version "73 - add feature toggle management"
2026-09-29 23:17:27.332 INFO  [main] o.f.core.internal.command.DbMigrate - Migrating schema "public" to version "74 - add interface change execution audit"
2026-09-29 23:17:27.339 INFO  [main] o.f.core.internal.command.DbMigrate - Migrating schema "public" to version "75 - add interface change before snapshot"
2026-09-29 23:17:27.351 INFO  [main] o.f.core.internal.command.DbMigrate - Migrating schema "public" to version "76 - add dictionary ledger export"
2026-09-29 23:17:27.354 INFO  [main] o.f.core.internal.command.DbMigrate - Migrating schema "public" to version "77 - add template ledger export"
2026-09-29 23:17:27.357 INFO  [main] o.f.core.internal.command.DbMigrate - Migrating schema "public" to version "78 - add interface service ledger export"
2026-09-29 23:17:27.364 INFO  [main] o.f.core.internal.command.DbMigrate - Migrating schema "public" to version "79 - add cache operation log export"
2026-09-29 23:17:27.371 INFO  [main] o.f.core.internal.command.DbMigrate - Migrating schema "public" to version "80 - add system task ledger export"
2026-09-29 23:17:27.374 INFO  [main] o.f.core.internal.command.DbMigrate - Migrating schema "public" to version "81 - add reward exchange ledger export"
2026-09-29 23:17:27.382 INFO  [main] o.f.core.internal.command.DbMigrate - Migrating schema "public" to version "82 - add exception report ledger export"
2026-09-29 23:17:27.388 INFO  [main] o.f.core.internal.command.DbMigrate - Migrating schema "public" to version "83 - add attachment ledger export"
2026-09-29 23:17:27.392 INFO  [main] o.f.core.internal.command.DbMigrate - Migrating schema "public" to version "84 - add student task report export"
2026-09-29 23:17:27.398 INFO  [main] o.f.core.internal.command.DbMigrate - Migrating schema "public" to version "85 - add organization task statistics export"
2026-09-29 23:17:27.401 INFO  [main] o.f.core.internal.command.DbMigrate - Migrating schema "public" to version "86 - add attendance ledger export"
2026-09-29 23:17:27.403 INFO  [main] o.f.core.internal.command.DbMigrate - Successfully applied 86 migrations to schema "public", now at version v86 (execution time 00:00.232s)
2026-09-29 23:17:28.999 INFO  [main] o.s.b.t.m.w.SpringBootMockServletContext - Initializing Spring TestDispatcherServlet ''
2026-09-29 23:17:28.999 INFO  [main] o.s.t.w.s.TestDispatcherServlet - Initializing Servlet ''
2026-09-29 23:17:29.002 INFO  [main] o.s.t.w.s.TestDispatcherServlet - Completed initialization in 3 ms
2026-09-29 23:17:29.026 INFO  [main] c.l.l.g.w.RewardExchangeControllerTest - Started RewardExchangeControllerTest in 3.162 seconds (process running for 138.871)
2026-09-29 23:17:29.029 WARN  [main] o.s.c.events.SpringDocAppInitializer - SpringDoc /api/v1/openapi endpoint is enabled by default. To disable it in production, set the property 'springdoc.api-docs.enabled=false'
2026-09-29 23:17:29.949 INFO  [main] o.s.t.c.s.AnnotationConfigContextLoaderUtils - Could not detect default configuration classes for test class [com.lingdong.learning.HealthControllerTest]: HealthControllerTest does not declare any static, non-private, non-final, nested classes annotated with @Configuration.
2026-09-29 23:17:29.953 INFO  [main] o.s.b.t.c.SpringBootTestContextBootstrapper - Found @SpringBootConfiguration com.lingdong.learning.LingdongLearningApplication for test class com.lingdong.learning.HealthControllerTest
2026-09-29 23:17:29.995 INFO  [main] o.s.t.c.s.AnnotationConfigContextLoaderUtils - Could not detect default configuration classes for test class [com.lingdong.learning.iam.application.RoleApplicationServiceTest]: RoleApplicationServiceTest does not declare any static, non-private, non-final, nested classes annotated with @Configuration.
2026-09-29 23:17:30.052 INFO  [main] o.s.b.t.c.SpringBootTestContextBootstrapper - Found @SpringBootConfiguration com.lingdong.learning.LingdongLearningApplication for test class com.lingdong.learning.iam.application.RoleApplicationServiceTest
2026-09-29 23:17:30.093 INFO  [main] o.s.t.c.s.AnnotationConfigContextLoaderUtils - Could not detect default configuration classes for test class [com.lingdong.learning.iam.audit.application.IamChangeAuditPersistenceTest]: IamChangeAuditPersistenceTest does not declare any static, non-private, non-final, nested classes annotated with @Configuration.
2026-09-29 23:17:30.158 INFO  [main] o.s.b.t.c.SpringBootTestContextBootstrapper - Found @SpringBootConfiguration com.lingdong.learning.LingdongLearningApplication for test class com.lingdong.learning.iam.audit.application.IamChangeAuditPersistenceTest
2026-09-29 23:17:30.216 INFO  [main] o.s.t.c.s.AnnotationConfigContextLoaderUtils - Could not detect default configuration classes for test class [com.lingdong.learning.iam.web.IamManagementControllerTest]: IamManagementControllerTest does not declare any static, non-private, non-final, nested classes annotated with @Configuration.
2026-09-29 23:17:30.280 INFO  [main] o.s.b.t.c.SpringBootTestContextBootstrapper - Found @SpringBootConfiguration com.lingdong.learning.LingdongLearningApplication for test class com.lingdong.learning.iam.web.IamManagementControllerTest
2026-09-29 23:17:33.985 INFO  [main] o.s.t.c.s.AnnotationConfigContextLoaderUtils - Could not detect default configuration classes for test class [com.lingdong.learning.iam.web.RoleMatrixAccessIntegrationTest]: RoleMatrixAccessIntegrationTest does not declare any static, non-private, non-final, nested classes annotated with @Configuration.
2026-09-29 23:17:33.987 INFO  [main] o.s.b.t.c.SpringBootTestContextBootstrapper - Found @SpringBootConfiguration com.lingdong.learning.LingdongLearningApplication for test class com.lingdong.learning.iam.web.RoleMatrixAccessIntegrationTest
2026-09-29 23:17:37.336 WARN  [main] c.l.l.i.a.ImportJobBatchService - 导入校验作业处理失败，作业标识=1，异常类型=IllegalStateException
2026-09-29 23:17:38.085 INFO  [main] o.s.t.c.s.AnnotationConfigContextLoaderUtils - Could not detect default configuration classes for test class [com.lingdong.learning.importjob.web.ImportJobApiIntegrationTest]: ImportJobApiIntegrationTest does not declare any static, non-private, non-final, nested classes annotated with @Configuration.
2026-09-29 23:17:38.152 INFO  [main] o.s.b.t.c.SpringBootTestContextBootstrapper - Found @SpringBootConfiguration com.lingdong.learning.LingdongLearningApplication for test class com.lingdong.learning.importjob.web.ImportJobApiIntegrationTest
2026-09-29 23:17:38.175 INFO  [main] c.l.l.i.w.ImportJobApiIntegrationTest - Starting ImportJobApiIntegrationTest using Java 17.0.20 with PID 286296 (started by Administrator in E:\apps\lingdong-xuexi-code\lingdong-xuexi-server)
2026-09-29 23:17:38.176 INFO  [main] c.l.l.i.w.ImportJobApiIntegrationTest - The following 1 profile is active: "test"
2026-09-29 23:17:38.964 INFO  [main] o.s.d.r.c.RepositoryConfigurationDelegate - Multiple Spring Data modules found, entering strict repository configuration mode
2026-09-29 23:17:38.964 INFO  [main] o.s.d.r.c.RepositoryConfigurationDelegate - Bootstrapping Spring Data Redis repositories in DEFAULT mode.
2026-09-29 23:17:39.040 INFO  [main] o.s.d.r.c.RepositoryConfigurationDelegate - Finished Spring Data repository scanning in 75 ms. Found 0 Redis repository interfaces.
2026-09-29 23:17:39.225 INFO  [main] com.zaxxer.hikari.HikariDataSource - HikariPool-10 - Starting...
2026-09-29 23:17:39.229 INFO  [main] com.zaxxer.hikari.pool.HikariPool - HikariPool-10 - Added connection conn90: url=jdbc:h2:mem:lingdong_learning user=SA
2026-09-29 23:17:39.229 INFO  [main] com.zaxxer.hikari.HikariDataSource - HikariPool-10 - Start completed.
2026-09-29 23:17:39.231 INFO  [main] org.flywaydb.core.FlywayExecutor - Database: jdbc:h2:mem:lingdong_learning (H2 2.3)
2026-09-29 23:17:39.232 WARN  [main] o.f.c.i.database.base.Database - Flyway upgrade recommended: H2 2.3.232 is newer than this version of Flyway and support has not been tested. The latest supported version of H2 is 2.2.224.
2026-09-29 23:17:39.254 INFO  [main] o.f.core.internal.command.DbValidate - Successfully validated 86 migrations (execution time 00:00.021s)
2026-09-29 23:17:39.256 INFO  [main] o.f.core.internal.command.DbMigrate - Current version of schema "public": 86
2026-09-29 23:17:39.256 INFO  [main] o.f.core.internal.command.DbMigrate - Schema "public" is up to date. No migration necessary.
2026-09-29 23:17:40.722 INFO  [main] o.s.b.t.m.w.SpringBootMockServletContext - Initializing Spring TestDispatcherServlet ''
2026-09-29 23:17:40.722 INFO  [main] o.s.t.w.s.TestDispatcherServlet - Initializing Servlet ''
2026-09-29 23:17:40.723 INFO  [main] o.s.t.w.s.TestDispatcherServlet - Completed initialization in 1 ms
2026-09-29 23:17:40.738 INFO  [main] c.l.l.i.w.ImportJobApiIntegrationTest - Started ImportJobApiIntegrationTest in 2.583 seconds (process running for 150.583)
2026-09-29 23:17:40.739 WARN  [main] o.s.c.events.SpringDocAppInitializer - SpringDoc /api/v1/openapi endpoint is enabled by default. To disable it in production, set the property 'springdoc.api-docs.enabled=false'
2026-09-29 23:17:43.313 INFO  [main] o.s.api.AbstractOpenApiResource - Init duration for springdoc-openapi is: 2281 ms
2026-09-29 23:17:43.797 INFO  [main] o.s.t.c.s.AnnotationConfigContextLoaderUtils - Could not detect default configuration classes for test class [com.lingdong.learning.interfaceconfig.application.InterfaceServiceApplicationServiceTest]: InterfaceServiceApplicationServiceTest does not declare any static, non-private, non-final, nested classes annotated with @Configuration.
2026-09-29 23:17:43.923 INFO  [main] o.s.b.t.c.SpringBootTestContextBootstrapper - Found @SpringBootConfiguration com.lingdong.learning.LingdongLearningApplication for test class com.lingdong.learning.interfaceconfig.application.InterfaceServiceApplicationServiceTest
2026-09-29 23:17:44.174 INFO  [main] o.s.t.c.s.AnnotationConfigContextLoaderUtils - Could not detect default configuration classes for test class [com.lingdong.learning.interfaceconfig.web.InterfaceServiceManagementControllerTest]: InterfaceServiceManagementControllerTest does not declare any static, non-private, non-final, nested classes annotated with @Configuration.
2026-09-29 23:17:44.268 INFO  [main] o.s.b.t.c.SpringBootTestContextBootstrapper - Found @SpringBootConfiguration com.lingdong.learning.LingdongLearningApplication for test class com.lingdong.learning.interfaceconfig.web.InterfaceServiceManagementControllerTest
2026-09-29 23:17:45.742 INFO  [main] o.s.t.c.s.AnnotationConfigContextLoaderUtils - Could not detect default configuration classes for test class [com.lingdong.learning.learningtask.application.LearningTaskAuditorBoundaryTest]: LearningTaskAuditorBoundaryTest does not declare any static, non-private, non-final, nested classes annotated with @Configuration.
2026-09-29 23:17:45.817 INFO  [main] o.s.b.t.c.SpringBootTestContextBootstrapper - Found @SpringBootConfiguration com.lingdong.learning.LingdongLearningApplication for test class com.lingdong.learning.learningtask.application.LearningTaskAuditorBoundaryTest
2026-09-29 23:17:45.975 WARN  [main] c.l.l.l.a.LearningTaskBatchPublishService - 批量发布中的任务发布失败，taskId=12
com.lingdong.learning.common.web.ResourceNotFoundException: 机密任务属于其他家长
	at com.lingdong.learning.learningtask.application.LearningTaskPublishTransactionService.publish(LearningTaskPublishTransactionService.java:19)
	at com.lingdong.learning.learningtask.application.LearningTaskBatchPublishService.publish(LearningTaskBatchPublishService.java:42)
	at com.lingdong.learning.learningtask.application.LearningTaskBatchPublishServiceTest.continuesAfterFailureAndReturnsNeutralFailureReason(LearningTaskBatchPublishServiceTest.java:50)
	at java.base/jdk.internal.reflect.NativeMethodAccessorImpl.invoke0(Native Method)
	at java.base/jdk.internal.reflect.NativeMethodAccessorImpl.invoke(NativeMethodAccessorImpl.java:77)
	at java.base/jdk.internal.reflect.DelegatingMethodAccessorImpl.invoke(DelegatingMethodAccessorImpl.java:43)
	at java.base/java.lang.reflect.Method.invoke(Method.java:569)
	at org.junit.platform.commons.util.ReflectionUtils.invokeMethod(ReflectionUtils.java:767)
	at org.junit.jupiter.engine.execution.MethodInvocation.proceed(MethodInvocation.java:60)
	at org.junit.jupiter.engine.execution.InvocationInterceptorChain$ValidatingInvocation.proceed(InvocationInterceptorChain.java:131)
	at org.junit.jupiter.engine.extension.TimeoutExtension.intercept(TimeoutExtension.java:156)
	at org.junit.jupiter.engine.extension.TimeoutExtension.interceptTestableMethod(TimeoutExtension.java:147)
	at org.junit.jupiter.engine.extension.TimeoutExtension.interceptTestMethod(TimeoutExtension.java:86)
	at org.junit.jupiter.engine.execution.InterceptingExecutableInvoker$ReflectiveInterceptorCall.lambda$ofVoidMethod$0(InterceptingExecutableInvoker.java:103)
	at org.junit.jupiter.engine.execution.InterceptingExecutableInvoker.lambda$invoke$0(InterceptingExecutableInvoker.java:93)
	at org.junit.jupiter.engine.execution.InvocationInterceptorChain$InterceptedInvocation.proceed(InvocationInterceptorChain.java:106)
	at org.junit.jupiter.engine.execution.InvocationInterceptorChain.proceed(InvocationInterceptorChain.java:64)
	at org.junit.jupiter.engine.execution.InvocationInterceptorChain.chainAndInvoke(InvocationInterceptorChain.java:45)
	at org.junit.jupiter.engine.execution.InvocationInterceptorChain.invoke(InvocationInterceptorChain.java:37)
	at org.junit.jupiter.engine.execution.InterceptingExecutableInvoker.invoke(InterceptingExecutableInvoker.java:92)
	at org.junit.jupiter.engine.execution.InterceptingExecutableInvoker.invoke(InterceptingExecutableInvoker.java:86)
	at org.junit.jupiter.engine.descriptor.TestMethodTestDescriptor.lambda$invokeTestMethod$8(TestMethodTestDescriptor.java:217)
	at org.junit.platform.engine.support.hierarchical.ThrowableCollector.execute(ThrowableCollector.java:73)
	at org.junit.jupiter.engine.descriptor.TestMethodTestDescriptor.invokeTestMethod(TestMethodTestDescriptor.java:213)
	at org.junit.jupiter.engine.descriptor.TestMethodTestDescriptor.execute(TestMethodTestDescriptor.java:138)
	at org.junit.jupiter.engine.descriptor.TestMethodTestDescriptor.execute(TestMethodTestDescriptor.java:68)
	at org.junit.platform.engine.support.hierarchical.NodeTestTask.lambda$executeRecursively$6(NodeTestTask.java:156)
	at org.junit.platform.engine.support.hierarchical.ThrowableCollector.execute(ThrowableCollector.java:73)
	at org.junit.platform.engine.support.hierarchical.NodeTestTask.lambda$executeRecursively$8(NodeTestTask.java:146)
	at org.junit.platform.engine.support.hierarchical.Node.around(Node.java:137)
	at org.junit.platform.engine.support.hierarchical.NodeTestTask.lambda$executeRecursively$9(NodeTestTask.java:144)
	at org.junit.platform.engine.support.hierarchical.ThrowableCollector.execute(ThrowableCollector.java:73)
	at org.junit.platform.engine.support.hierarchical.NodeTestTask.executeRecursively(NodeTestTask.java:143)
	at org.junit.platform.engine.support.hierarchical.NodeTestTask.execute(NodeTestTask.java:100)
	at java.base/java.util.ArrayList.forEach(ArrayList.java:1511)
	at org.junit.platform.engine.support.hierarchical.SameThreadHierarchicalTestExecutorService.invokeAll(SameThreadHierarchicalTestExecutorService.java:41)
	at org.junit.platform.engine.support.hierarchical.NodeTestTask.lambda$executeRecursively$6(NodeTestTask.java:160)
	at org.junit.platform.engine.support.hierarchical.ThrowableCollector.execute(ThrowableCollector.java:73)
	at org.junit.platform.engine.support.hierarchical.NodeTestTask.lambda$executeRecursively$8(NodeTestTask.java:146)
	at org.junit.platform.engine.support.hierarchical.Node.around(Node.java:137)
	at org.junit.platform.engine.support.hierarchical.NodeTestTask.lambda$executeRecursively$9(NodeTestTask.java:144)
	at org.junit.platform.engine.support.hierarchical.ThrowableCollector.execute(ThrowableCollector.java:73)
	at org.junit.platform.engine.support.hierarchical.NodeTestTask.executeRecursively(NodeTestTask.java:143)
	at org.junit.platform.engine.support.hierarchical.NodeTestTask.execute(NodeTestTask.java:100)
	at java.base/java.util.ArrayList.forEach(ArrayList.java:1511)
	at org.junit.platform.engine.support.hierarchical.SameThreadHierarchicalTestExecutorService.invokeAll(SameThreadHierarchicalTestExecutorService.java:41)
	at org.junit.platform.engine.support.hierarchical.NodeTestTask.lambda$executeRecursively$6(NodeTestTask.java:160)
	at org.junit.platform.engine.support.hierarchical.ThrowableCollector.execute(ThrowableCollector.java:73)
	at org.junit.platform.engine.support.hierarchical.NodeTestTask.lambda$executeRecursively$8(NodeTestTask.java:146)
	at org.junit.platform.engine.support.hierarchical.Node.around(Node.java:137)
	at org.junit.platform.engine.support.hierarchical.NodeTestTask.lambda$executeRecursively$9(NodeTestTask.java:144)
	at org.junit.platform.engine.support.hierarchical.ThrowableCollector.execute(ThrowableCollector.java:73)
	at org.junit.platform.engine.support.hierarchical.NodeTestTask.executeRecursively(NodeTestTask.java:143)
	at org.junit.platform.engine.support.hierarchical.NodeTestTask.execute(NodeTestTask.java:100)
	at org.junit.platform.engine.support.hierarchical.SameThreadHierarchicalTestExecutorService.submit(SameThreadHierarchicalTestExecutorService.java:35)
	at org.junit.platform.engine.support.hierarchical.HierarchicalTestExecutor.execute(HierarchicalTestExecutor.java:57)
	at org.junit.platform.engine.support.hierarchical.HierarchicalTestEngine.execute(HierarchicalTestEngine.java:54)
	at org.junit.platform.launcher.core.EngineExecutionOrchestrator.execute(EngineExecutionOrchestrator.java:198)
	at org.junit.platform.launcher.core.EngineExecutionOrchestrator.execute(EngineExecutionOrchestrator.java:169)
	at org.junit.platform.launcher.core.EngineExecutionOrchestrator.execute(EngineExecutionOrchestrator.java:93)
	at org.junit.platform.launcher.core.EngineExecutionOrchestrator.lambda$execute$0(EngineExecutionOrchestrator.java:58)
	at org.junit.platform.launcher.core.EngineExecutionOrchestrator.withInterceptedStreams(EngineExecutionOrchestrator.java:141)
	at org.junit.platform.launcher.core.EngineExecutionOrchestrator.execute(EngineExecutionOrchestrator.java:57)
	at org.junit.platform.launcher.core.DefaultLauncher.execute(DefaultLauncher.java:103)
	at org.junit.platform.launcher.core.DefaultLauncher.execute(DefaultLauncher.java:85)
	at org.junit.platform.launcher.core.DelegatingLauncher.execute(DelegatingLauncher.java:47)
	at org.apache.maven.surefire.junitplatform.LazyLauncher.execute(LazyLauncher.java:56)
	at org.apache.maven.surefire.junitplatform.JUnitPlatformProvider.execute(JUnitPlatformProvider.java:194)
	at org.apache.maven.surefire.junitplatform.JUnitPlatformProvider.invokeAllTests(JUnitPlatformProvider.java:150)
	at org.apache.maven.surefire.junitplatform.JUnitPlatformProvider.invoke(JUnitPlatformProvider.java:124)
	at java.base/jdk.internal.reflect.NativeMethodAccessorImpl.invoke0(Native Method)
	at java.base/jdk.internal.reflect.NativeMethodAccessorImpl.invoke(NativeMethodAccessorImpl.java:77)
	at java.base/jdk.internal.reflect.DelegatingMethodAccessorImpl.invoke(DelegatingMethodAccessorImpl.java:43)
	at java.base/java.lang.reflect.Method.invoke(Method.java:569)
	at org.apache.maven.surefire.api.util.ReflectionUtils.invokeMethodWithArray2(ReflectionUtils.java:137)
	at org.apache.maven.surefire.booter.ProviderFactory$ProviderProxy.invoke(ProviderFactory.java:148)
	at org.apache.maven.surefire.booter.ProviderFactory.invokeProvider(ProviderFactory.java:88)
	at org.apache.maven.plugin.surefire.InPluginVMSurefireStarter.runSuitesInProcess(InPluginVMSurefireStarter.java:91)
	at org.apache.maven.plugin.surefire.AbstractSurefireMojo.executeProvider(AbstractSurefireMojo.java:1308)
	at org.apache.maven.plugin.surefire.AbstractSurefireMojo.executeAfterPreconditionsChecked(AbstractSurefireMojo.java:1135)
	at org.apache.maven.plugin.surefire.AbstractSurefireMojo.execute(AbstractSurefireMojo.java:969)
	at org.apache.maven.plugin.DefaultBuildPluginManager.executeMojo(DefaultBuildPluginManager.java:126)
	at org.apache.maven.lifecycle.internal.MojoExecutor.doExecute2(MojoExecutor.java:328)
	at org.apache.maven.lifecycle.internal.MojoExecutor.doExecute(MojoExecutor.java:316)
	at org.apache.maven.lifecycle.internal.MojoExecutor.execute(MojoExecutor.java:212)
	at org.apache.maven.lifecycle.internal.MojoExecutor.execute(MojoExecutor.java:174)
	at org.apache.maven.lifecycle.internal.MojoExecutor.access$000(MojoExecutor.java:75)
	at org.apache.maven.lifecycle.internal.MojoExecutor$1.run(MojoExecutor.java:162)
	at org.apache.maven.plugin.DefaultMojosExecutionStrategy.execute(DefaultMojosExecutionStrategy.java:39)
	at org.apache.maven.lifecycle.internal.MojoExecutor.execute(MojoExecutor.java:159)
	at org.apache.maven.lifecycle.internal.LifecycleModuleBuilder.buildProject(LifecycleModuleBuilder.java:105)
	at org.apache.maven.lifecycle.internal.LifecycleModuleBuilder.buildProject(LifecycleModuleBuilder.java:73)
	at org.apache.maven.lifecycle.internal.builder.singlethreaded.SingleThreadedBuilder.build(SingleThreadedBuilder.java:53)
	at org.apache.maven.lifecycle.internal.LifecycleStarter.execute(LifecycleStarter.java:118)
	at org.apache.maven.DefaultMaven.doExecute(DefaultMaven.java:261)
	at org.apache.maven.DefaultMaven.doExecute(DefaultMaven.java:173)
	at org.apache.maven.DefaultMaven.execute(DefaultMaven.java:101)
	at org.apache.maven.cli.MavenCli.execute(MavenCli.java:919)
	at org.apache.maven.cli.MavenCli.doMain(MavenCli.java:285)
	at org.apache.maven.cli.MavenCli.main(MavenCli.java:207)
	at java.base/jdk.internal.reflect.NativeMethodAccessorImpl.invoke0(Native Method)
	at java.base/jdk.internal.reflect.NativeMethodAccessorImpl.invoke(NativeMethodAccessorImpl.java:77)
	at java.base/jdk.internal.reflect.DelegatingMethodAccessorImpl.invoke(DelegatingMethodAccessorImpl.java:43)
	at java.base/java.lang.reflect.Method.invoke(Method.java:569)
	at org.codehaus.plexus.classworlds.launcher.Launcher.launchEnhanced(Launcher.java:255)
	at org.codehaus.plexus.classworlds.launcher.Launcher.launch(Launcher.java:201)
	at org.codehaus.plexus.classworlds.launcher.Launcher.mainWithExitCode(Launcher.java:361)
	at org.codehaus.plexus.classworlds.launcher.Launcher.main(Launcher.java:314)
2026-09-29 23:17:46.523 INFO  [main] o.s.t.c.s.AnnotationConfigContextLoaderUtils - Could not detect default configuration classes for test class [com.lingdong.learning.learningtask.application.LearningTaskTemplatePersistenceTest]: LearningTaskTemplatePersistenceTest does not declare any static, non-private, non-final, nested classes annotated with @Configuration.
2026-09-29 23:17:46.525 INFO  [main] o.s.b.t.c.SpringBootTestContextBootstrapper - Found @SpringBootConfiguration com.lingdong.learning.LingdongLearningApplication for test class com.lingdong.learning.learningtask.application.LearningTaskTemplatePersistenceTest
2026-09-29 23:17:47.138 INFO  [main] o.s.t.c.s.AnnotationConfigContextLoaderUtils - Could not detect default configuration classes for test class [com.lingdong.learning.learningtask.application.PreviousDayTaskCopyPersistenceTest]: PreviousDayTaskCopyPersistenceTest does not declare any static, non-private, non-final, nested classes annotated with @Configuration.
2026-09-29 23:17:47.140 INFO  [main] o.s.b.t.c.SpringBootTestContextBootstrapper - Found @SpringBootConfiguration com.lingdong.learning.LingdongLearningApplication for test class com.lingdong.learning.learningtask.application.PreviousDayTaskCopyPersistenceTest
2026-09-29 23:17:47.197 INFO  [main] com.zaxxer.hikari.HikariDataSource - HikariPool-1 - Shutdown initiated...
2026-09-29 23:17:47.200 INFO  [main] com.zaxxer.hikari.HikariDataSource - HikariPool-1 - Shutdown completed.
2026-09-29 23:17:47.675 WARN  [main] c.l.l.l.a.RecurringTaskGenerationBatchService - 固定任务计划生成失败，已隔离并继续。recurrenceId=11
java.lang.IllegalStateException: 模拟计划失败
	at com.lingdong.learning.learningtask.application.RecurringTaskGenerationTransactionService.generate(RecurringTaskGenerationTransactionService.java:20)
	at com.lingdong.learning.learningtask.application.RecurringTaskGenerationBatchService.processDuePlans(RecurringTaskGenerationBatchService.java:58)
	at com.lingdong.learning.learningtask.application.RecurringTaskGenerationBatchServiceTest.continuesAfterOnePlanFailsAndAdvancesTheKeysetCursor(RecurringTaskGenerationBatchServiceTest.java:39)
	at java.base/jdk.internal.reflect.NativeMethodAccessorImpl.invoke0(Native Method)
	at java.base/jdk.internal.reflect.NativeMethodAccessorImpl.invoke(NativeMethodAccessorImpl.java:77)
	at java.base/jdk.internal.reflect.DelegatingMethodAccessorImpl.invoke(DelegatingMethodAccessorImpl.java:43)
	at java.base/java.lang.reflect.Method.invoke(Method.java:569)
	at org.junit.platform.commons.util.ReflectionUtils.invokeMethod(ReflectionUtils.java:767)
	at org.junit.jupiter.engine.execution.MethodInvocation.proceed(MethodInvocation.java:60)
	at org.junit.jupiter.engine.execution.InvocationInterceptorChain$ValidatingInvocation.proceed(InvocationInterceptorChain.java:131)
	at org.junit.jupiter.engine.extension.TimeoutExtension.intercept(TimeoutExtension.java:156)
	at org.junit.jupiter.engine.extension.TimeoutExtension.interceptTestableMethod(TimeoutExtension.java:147)
	at org.junit.jupiter.engine.extension.TimeoutExtension.interceptTestMethod(TimeoutExtension.java:86)
	at org.junit.jupiter.engine.execution.InterceptingExecutableInvoker$ReflectiveInterceptorCall.lambda$ofVoidMethod$0(InterceptingExecutableInvoker.java:103)
	at org.junit.jupiter.engine.execution.InterceptingExecutableInvoker.lambda$invoke$0(InterceptingExecutableInvoker.java:93)
	at org.junit.jupiter.engine.execution.InvocationInterceptorChain$InterceptedInvocation.proceed(InvocationInterceptorChain.java:106)
	at org.junit.jupiter.engine.execution.InvocationInterceptorChain.proceed(InvocationInterceptorChain.java:64)
	at org.junit.jupiter.engine.execution.InvocationInterceptorChain.chainAndInvoke(InvocationInterceptorChain.java:45)
	at org.junit.jupiter.engine.execution.InvocationInterceptorChain.invoke(InvocationInterceptorChain.java:37)
	at org.junit.jupiter.engine.execution.InterceptingExecutableInvoker.invoke(InterceptingExecutableInvoker.java:92)
	at org.junit.jupiter.engine.execution.InterceptingExecutableInvoker.invoke(InterceptingExecutableInvoker.java:86)
	at org.junit.jupiter.engine.descriptor.TestMethodTestDescriptor.lambda$invokeTestMethod$8(TestMethodTestDescriptor.java:217)
	at org.junit.platform.engine.support.hierarchical.ThrowableCollector.execute(ThrowableCollector.java:73)
	at org.junit.jupiter.engine.descriptor.TestMethodTestDescriptor.invokeTestMethod(TestMethodTestDescriptor.java:213)
	at org.junit.jupiter.engine.descriptor.TestMethodTestDescriptor.execute(TestMethodTestDescriptor.java:138)
	at org.junit.jupiter.engine.descriptor.TestMethodTestDescriptor.execute(TestMethodTestDescriptor.java:68)
	at org.junit.platform.engine.support.hierarchical.NodeTestTask.lambda$executeRecursively$6(NodeTestTask.java:156)
	at org.junit.platform.engine.support.hierarchical.ThrowableCollector.execute(ThrowableCollector.java:73)
	at org.junit.platform.engine.support.hierarchical.NodeTestTask.lambda$executeRecursively$8(NodeTestTask.java:146)
	at org.junit.platform.engine.support.hierarchical.Node.around(Node.java:137)
	at org.junit.platform.engine.support.hierarchical.NodeTestTask.lambda$executeRecursively$9(NodeTestTask.java:144)
	at org.junit.platform.engine.support.hierarchical.ThrowableCollector.execute(ThrowableCollector.java:73)
	at org.junit.platform.engine.support.hierarchical.NodeTestTask.executeRecursively(NodeTestTask.java:143)
	at org.junit.platform.engine.support.hierarchical.NodeTestTask.execute(NodeTestTask.java:100)
	at java.base/java.util.ArrayList.forEach(ArrayList.java:1511)
	at org.junit.platform.engine.support.hierarchical.SameThreadHierarchicalTestExecutorService.invokeAll(SameThreadHierarchicalTestExecutorService.java:41)
	at org.junit.platform.engine.support.hierarchical.NodeTestTask.lambda$executeRecursively$6(NodeTestTask.java:160)
	at org.junit.platform.engine.support.hierarchical.ThrowableCollector.execute(ThrowableCollector.java:73)
	at org.junit.platform.engine.support.hierarchical.NodeTestTask.lambda$executeRecursively$8(NodeTestTask.java:146)
	at org.junit.platform.engine.support.hierarchical.Node.around(Node.java:137)
	at org.junit.platform.engine.support.hierarchical.NodeTestTask.lambda$executeRecursively$9(NodeTestTask.java:144)
	at org.junit.platform.engine.support.hierarchical.ThrowableCollector.execute(ThrowableCollector.java:73)
	at org.junit.platform.engine.support.hierarchical.NodeTestTask.executeRecursively(NodeTestTask.java:143)
	at org.junit.platform.engine.support.hierarchical.NodeTestTask.execute(NodeTestTask.java:100)
	at java.base/java.util.ArrayList.forEach(ArrayList.java:1511)
	at org.junit.platform.engine.support.hierarchical.SameThreadHierarchicalTestExecutorService.invokeAll(SameThreadHierarchicalTestExecutorService.java:41)
	at org.junit.platform.engine.support.hierarchical.NodeTestTask.lambda$executeRecursively$6(NodeTestTask.java:160)
	at org.junit.platform.engine.support.hierarchical.ThrowableCollector.execute(ThrowableCollector.java:73)
	at org.junit.platform.engine.support.hierarchical.NodeTestTask.lambda$executeRecursively$8(NodeTestTask.java:146)
	at org.junit.platform.engine.support.hierarchical.Node.around(Node.java:137)
	at org.junit.platform.engine.support.hierarchical.NodeTestTask.lambda$executeRecursively$9(NodeTestTask.java:144)
	at org.junit.platform.engine.support.hierarchical.ThrowableCollector.execute(ThrowableCollector.java:73)
	at org.junit.platform.engine.support.hierarchical.NodeTestTask.executeRecursively(NodeTestTask.java:143)
	at org.junit.platform.engine.support.hierarchical.NodeTestTask.execute(NodeTestTask.java:100)
	at org.junit.platform.engine.support.hierarchical.SameThreadHierarchicalTestExecutorService.submit(SameThreadHierarchicalTestExecutorService.java:35)
	at org.junit.platform.engine.support.hierarchical.HierarchicalTestExecutor.execute(HierarchicalTestExecutor.java:57)
	at org.junit.platform.engine.support.hierarchical.HierarchicalTestEngine.execute(HierarchicalTestEngine.java:54)
	at org.junit.platform.launcher.core.EngineExecutionOrchestrator.execute(EngineExecutionOrchestrator.java:198)
	at org.junit.platform.launcher.core.EngineExecutionOrchestrator.execute(EngineExecutionOrchestrator.java:169)
	at org.junit.platform.launcher.core.EngineExecutionOrchestrator.execute(EngineExecutionOrchestrator.java:93)
	at org.junit.platform.launcher.core.EngineExecutionOrchestrator.lambda$execute$0(EngineExecutionOrchestrator.java:58)
	at org.junit.platform.launcher.core.EngineExecutionOrchestrator.withInterceptedStreams(EngineExecutionOrchestrator.java:141)
	at org.junit.platform.launcher.core.EngineExecutionOrchestrator.execute(EngineExecutionOrchestrator.java:57)
	at org.junit.platform.launcher.core.DefaultLauncher.execute(DefaultLauncher.java:103)
	at org.junit.platform.launcher.core.DefaultLauncher.execute(DefaultLauncher.java:85)
	at org.junit.platform.launcher.core.DelegatingLauncher.execute(DelegatingLauncher.java:47)
	at org.apache.maven.surefire.junitplatform.LazyLauncher.execute(LazyLauncher.java:56)
	at org.apache.maven.surefire.junitplatform.JUnitPlatformProvider.execute(JUnitPlatformProvider.java:194)
	at org.apache.maven.surefire.junitplatform.JUnitPlatformProvider.invokeAllTests(JUnitPlatformProvider.java:150)
	at org.apache.maven.surefire.junitplatform.JUnitPlatformProvider.invoke(JUnitPlatformProvider.java:124)
	at java.base/jdk.internal.reflect.NativeMethodAccessorImpl.invoke0(Native Method)
	at java.base/jdk.internal.reflect.NativeMethodAccessorImpl.invoke(NativeMethodAccessorImpl.java:77)
	at java.base/jdk.internal.reflect.DelegatingMethodAccessorImpl.invoke(DelegatingMethodAccessorImpl.java:43)
	at java.base/java.lang.reflect.Method.invoke(Method.java:569)
	at org.apache.maven.surefire.api.util.ReflectionUtils.invokeMethodWithArray2(ReflectionUtils.java:137)
	at org.apache.maven.surefire.booter.ProviderFactory$ProviderProxy.invoke(ProviderFactory.java:148)
	at org.apache.maven.surefire.booter.ProviderFactory.invokeProvider(ProviderFactory.java:88)
	at org.apache.maven.plugin.surefire.InPluginVMSurefireStarter.runSuitesInProcess(InPluginVMSurefireStarter.java:91)
	at org.apache.maven.plugin.surefire.AbstractSurefireMojo.executeProvider(AbstractSurefireMojo.java:1308)
	at org.apache.maven.plugin.surefire.AbstractSurefireMojo.executeAfterPreconditionsChecked(AbstractSurefireMojo.java:1135)
	at org.apache.maven.plugin.surefire.AbstractSurefireMojo.execute(AbstractSurefireMojo.java:969)
	at org.apache.maven.plugin.DefaultBuildPluginManager.executeMojo(DefaultBuildPluginManager.java:126)
	at org.apache.maven.lifecycle.internal.MojoExecutor.doExecute2(MojoExecutor.java:328)
	at org.apache.maven.lifecycle.internal.MojoExecutor.doExecute(MojoExecutor.java:316)
	at org.apache.maven.lifecycle.internal.MojoExecutor.execute(MojoExecutor.java:212)
	at org.apache.maven.lifecycle.internal.MojoExecutor.execute(MojoExecutor.java:174)
	at org.apache.maven.lifecycle.internal.MojoExecutor.access$000(MojoExecutor.java:75)
	at org.apache.maven.lifecycle.internal.MojoExecutor$1.run(MojoExecutor.java:162)
	at org.apache.maven.plugin.DefaultMojosExecutionStrategy.execute(DefaultMojosExecutionStrategy.java:39)
	at org.apache.maven.lifecycle.internal.MojoExecutor.execute(MojoExecutor.java:159)
	at org.apache.maven.lifecycle.internal.LifecycleModuleBuilder.buildProject(LifecycleModuleBuilder.java:105)
	at org.apache.maven.lifecycle.internal.LifecycleModuleBuilder.buildProject(LifecycleModuleBuilder.java:73)
	at org.apache.maven.lifecycle.internal.builder.singlethreaded.SingleThreadedBuilder.build(SingleThreadedBuilder.java:53)
	at org.apache.maven.lifecycle.internal.LifecycleStarter.execute(LifecycleStarter.java:118)
	at org.apache.maven.DefaultMaven.doExecute(DefaultMaven.java:261)
	at org.apache.maven.DefaultMaven.doExecute(DefaultMaven.java:173)
	at org.apache.maven.DefaultMaven.execute(DefaultMaven.java:101)
	at org.apache.maven.cli.MavenCli.execute(MavenCli.java:919)
	at org.apache.maven.cli.MavenCli.doMain(MavenCli.java:285)
	at org.apache.maven.cli.MavenCli.main(MavenCli.java:207)
	at java.base/jdk.internal.reflect.NativeMethodAccessorImpl.invoke0(Native Method)
	at java.base/jdk.internal.reflect.NativeMethodAccessorImpl.invoke(NativeMethodAccessorImpl.java:77)
	at java.base/jdk.internal.reflect.DelegatingMethodAccessorImpl.invoke(DelegatingMethodAccessorImpl.java:43)
	at java.base/java.lang.reflect.Method.invoke(Method.java:569)
	at org.codehaus.plexus.classworlds.launcher.Launcher.launchEnhanced(Launcher.java:255)
	at org.codehaus.plexus.classworlds.launcher.Launcher.launch(Launcher.java:201)
	at org.codehaus.plexus.classworlds.launcher.Launcher.mainWithExitCode(Launcher.java:361)
	at org.codehaus.plexus.classworlds.launcher.Launcher.main(Launcher.java:314)
2026-09-29 23:17:48.104 WARN  [main] c.l.l.l.a.TaskAutoDeferBatchService - 任务自动顺延失败，已隔离并继续。assignmentId=11
java.lang.IllegalStateException: 模拟单条失败
	at com.lingdong.learning.learningtask.application.TaskDeferTransactionService.deferAutomatically(TaskDeferTransactionService.java:20)
	at com.lingdong.learning.learningtask.application.TaskAutoDeferBatchService.processYesterdayAssignments(TaskAutoDeferBatchService.java:59)
	at com.lingdong.learning.learningtask.application.TaskAutoDeferBatchServiceTest.processesYesterdayCandidatesWithIndependentFailureIsolation(TaskAutoDeferBatchServiceTest.java:43)
	at java.base/jdk.internal.reflect.NativeMethodAccessorImpl.invoke0(Native Method)
	at java.base/jdk.internal.reflect.NativeMethodAccessorImpl.invoke(NativeMethodAccessorImpl.java:77)
	at java.base/jdk.internal.reflect.DelegatingMethodAccessorImpl.invoke(DelegatingMethodAccessorImpl.java:43)
	at java.base/java.lang.reflect.Method.invoke(Method.java:569)
	at org.junit.platform.commons.util.ReflectionUtils.invokeMethod(ReflectionUtils.java:767)
	at org.junit.jupiter.engine.execution.MethodInvocation.proceed(MethodInvocation.java:60)
	at org.junit.jupiter.engine.execution.InvocationInterceptorChain$ValidatingInvocation.proceed(InvocationInterceptorChain.java:131)
	at org.junit.jupiter.engine.extension.TimeoutExtension.intercept(TimeoutExtension.java:156)
	at org.junit.jupiter.engine.extension.TimeoutExtension.interceptTestableMethod(TimeoutExtension.java:147)
	at org.junit.jupiter.engine.extension.TimeoutExtension.interceptTestMethod(TimeoutExtension.java:86)
	at org.junit.jupiter.engine.execution.InterceptingExecutableInvoker$ReflectiveInterceptorCall.lambda$ofVoidMethod$0(InterceptingExecutableInvoker.java:103)
	at org.junit.jupiter.engine.execution.InterceptingExecutableInvoker.lambda$invoke$0(InterceptingExecutableInvoker.java:93)
	at org.junit.jupiter.engine.execution.InvocationInterceptorChain$InterceptedInvocation.proceed(InvocationInterceptorChain.java:106)
	at org.junit.jupiter.engine.execution.InvocationInterceptorChain.proceed(InvocationInterceptorChain.java:64)
	at org.junit.jupiter.engine.execution.InvocationInterceptorChain.chainAndInvoke(InvocationInterceptorChain.java:45)
	at org.junit.jupiter.engine.execution.InvocationInterceptorChain.invoke(InvocationInterceptorChain.java:37)
	at org.junit.jupiter.engine.execution.InterceptingExecutableInvoker.invoke(InterceptingExecutableInvoker.java:92)
	at org.junit.jupiter.engine.execution.InterceptingExecutableInvoker.invoke(InterceptingExecutableInvoker.java:86)
	at org.junit.jupiter.engine.descriptor.TestMethodTestDescriptor.lambda$invokeTestMethod$8(TestMethodTestDescriptor.java:217)
	at org.junit.platform.engine.support.hierarchical.ThrowableCollector.execute(ThrowableCollector.java:73)
	at org.junit.jupiter.engine.descriptor.TestMethodTestDescriptor.invokeTestMethod(TestMethodTestDescriptor.java:213)
	at org.junit.jupiter.engine.descriptor.TestMethodTestDescriptor.execute(TestMethodTestDescriptor.java:138)
	at org.junit.jupiter.engine.descriptor.TestMethodTestDescriptor.execute(TestMethodTestDescriptor.java:68)
	at org.junit.platform.engine.support.hierarchical.NodeTestTask.lambda$executeRecursively$6(NodeTestTask.java:156)
	at org.junit.platform.engine.support.hierarchical.ThrowableCollector.execute(ThrowableCollector.java:73)
	at org.junit.platform.engine.support.hierarchical.NodeTestTask.lambda$executeRecursively$8(NodeTestTask.java:146)
	at org.junit.platform.engine.support.hierarchical.Node.around(Node.java:137)
	at org.junit.platform.engine.support.hierarchical.NodeTestTask.lambda$executeRecursively$9(NodeTestTask.java:144)
	at org.junit.platform.engine.support.hierarchical.ThrowableCollector.execute(ThrowableCollector.java:73)
	at org.junit.platform.engine.support.hierarchical.NodeTestTask.executeRecursively(NodeTestTask.java:143)
	at org.junit.platform.engine.support.hierarchical.NodeTestTask.execute(NodeTestTask.java:100)
	at java.base/java.util.ArrayList.forEach(ArrayList.java:1511)
	at org.junit.platform.engine.support.hierarchical.SameThreadHierarchicalTestExecutorService.invokeAll(SameThreadHierarchicalTestExecutorService.java:41)
	at org.junit.platform.engine.support.hierarchical.NodeTestTask.lambda$executeRecursively$6(NodeTestTask.java:160)
	at org.junit.platform.engine.support.hierarchical.ThrowableCollector.execute(ThrowableCollector.java:73)
	at org.junit.platform.engine.support.hierarchical.NodeTestTask.lambda$executeRecursively$8(NodeTestTask.java:146)
	at org.junit.platform.engine.support.hierarchical.Node.around(Node.java:137)
	at org.junit.platform.engine.support.hierarchical.NodeTestTask.lambda$executeRecursively$9(NodeTestTask.java:144)
	at org.junit.platform.engine.support.hierarchical.ThrowableCollector.execute(ThrowableCollector.java:73)
	at org.junit.platform.engine.support.hierarchical.NodeTestTask.executeRecursively(NodeTestTask.java:143)
	at org.junit.platform.engine.support.hierarchical.NodeTestTask.execute(NodeTestTask.java:100)
	at java.base/java.util.ArrayList.forEach(ArrayList.java:1511)
	at org.junit.platform.engine.support.hierarchical.SameThreadHierarchicalTestExecutorService.invokeAll(SameThreadHierarchicalTestExecutorService.java:41)
	at org.junit.platform.engine.support.hierarchical.NodeTestTask.lambda$executeRecursively$6(NodeTestTask.java:160)
	at org.junit.platform.engine.support.hierarchical.ThrowableCollector.execute(ThrowableCollector.java:73)
	at org.junit.platform.engine.support.hierarchical.NodeTestTask.lambda$executeRecursively$8(NodeTestTask.java:146)
	at org.junit.platform.engine.support.hierarchical.Node.around(Node.java:137)
	at org.junit.platform.engine.support.hierarchical.NodeTestTask.lambda$executeRecursively$9(NodeTestTask.java:144)
	at org.junit.platform.engine.support.hierarchical.ThrowableCollector.execute(ThrowableCollector.java:73)
	at org.junit.platform.engine.support.hierarchical.NodeTestTask.executeRecursively(NodeTestTask.java:143)
	at org.junit.platform.engine.support.hierarchical.NodeTestTask.execute(NodeTestTask.java:100)
	at org.junit.platform.engine.support.hierarchical.SameThreadHierarchicalTestExecutorService.submit(SameThreadHierarchicalTestExecutorService.java:35)
	at org.junit.platform.engine.support.hierarchical.HierarchicalTestExecutor.execute(HierarchicalTestExecutor.java:57)
	at org.junit.platform.engine.support.hierarchical.HierarchicalTestEngine.execute(HierarchicalTestEngine.java:54)
	at org.junit.platform.launcher.core.EngineExecutionOrchestrator.execute(EngineExecutionOrchestrator.java:198)
	at org.junit.platform.launcher.core.EngineExecutionOrchestrator.execute(EngineExecutionOrchestrator.java:169)
	at org.junit.platform.launcher.core.EngineExecutionOrchestrator.execute(EngineExecutionOrchestrator.java:93)
	at org.junit.platform.launcher.core.EngineExecutionOrchestrator.lambda$execute$0(EngineExecutionOrchestrator.java:58)
	at org.junit.platform.launcher.core.EngineExecutionOrchestrator.withInterceptedStreams(EngineExecutionOrchestrator.java:141)
	at org.junit.platform.launcher.core.EngineExecutionOrchestrator.execute(EngineExecutionOrchestrator.java:57)
	at org.junit.platform.launcher.core.DefaultLauncher.execute(DefaultLauncher.java:103)
	at org.junit.platform.launcher.core.DefaultLauncher.execute(DefaultLauncher.java:85)
	at org.junit.platform.launcher.core.DelegatingLauncher.execute(DelegatingLauncher.java:47)
	at org.apache.maven.surefire.junitplatform.LazyLauncher.execute(LazyLauncher.java:56)
	at org.apache.maven.surefire.junitplatform.JUnitPlatformProvider.execute(JUnitPlatformProvider.java:194)
	at org.apache.maven.surefire.junitplatform.JUnitPlatformProvider.invokeAllTests(JUnitPlatformProvider.java:150)
	at org.apache.maven.surefire.junitplatform.JUnitPlatformProvider.invoke(JUnitPlatformProvider.java:124)
	at java.base/jdk.internal.reflect.NativeMethodAccessorImpl.invoke0(Native Method)
	at java.base/jdk.internal.reflect.NativeMethodAccessorImpl.invoke(NativeMethodAccessorImpl.java:77)
	at java.base/jdk.internal.reflect.DelegatingMethodAccessorImpl.invoke(DelegatingMethodAccessorImpl.java:43)
	at java.base/java.lang.reflect.Method.invoke(Method.java:569)
	at org.apache.maven.surefire.api.util.ReflectionUtils.invokeMethodWithArray2(ReflectionUtils.java:137)
	at org.apache.maven.surefire.booter.ProviderFactory$ProviderProxy.invoke(ProviderFactory.java:148)
	at org.apache.maven.surefire.booter.ProviderFactory.invokeProvider(ProviderFactory.java:88)
	at org.apache.maven.plugin.surefire.InPluginVMSurefireStarter.runSuitesInProcess(InPluginVMSurefireStarter.java:91)
	at org.apache.maven.plugin.surefire.AbstractSurefireMojo.executeProvider(AbstractSurefireMojo.java:1308)
	at org.apache.maven.plugin.surefire.AbstractSurefireMojo.executeAfterPreconditionsChecked(AbstractSurefireMojo.java:1135)
	at org.apache.maven.plugin.surefire.AbstractSurefireMojo.execute(AbstractSurefireMojo.java:969)
	at org.apache.maven.plugin.DefaultBuildPluginManager.executeMojo(DefaultBuildPluginManager.java:126)
	at org.apache.maven.lifecycle.internal.MojoExecutor.doExecute2(MojoExecutor.java:328)
	at org.apache.maven.lifecycle.internal.MojoExecutor.doExecute(MojoExecutor.java:316)
	at org.apache.maven.lifecycle.internal.MojoExecutor.execute(MojoExecutor.java:212)
	at org.apache.maven.lifecycle.internal.MojoExecutor.execute(MojoExecutor.java:174)
	at org.apache.maven.lifecycle.internal.MojoExecutor.access$000(MojoExecutor.java:75)
	at org.apache.maven.lifecycle.internal.MojoExecutor$1.run(MojoExecutor.java:162)
	at org.apache.maven.plugin.DefaultMojosExecutionStrategy.execute(DefaultMojosExecutionStrategy.java:39)
	at org.apache.maven.lifecycle.internal.MojoExecutor.execute(MojoExecutor.java:159)
	at org.apache.maven.lifecycle.internal.LifecycleModuleBuilder.buildProject(LifecycleModuleBuilder.java:105)
	at org.apache.maven.lifecycle.internal.LifecycleModuleBuilder.buildProject(LifecycleModuleBuilder.java:73)
	at org.apache.maven.lifecycle.internal.builder.singlethreaded.SingleThreadedBuilder.build(SingleThreadedBuilder.java:53)
	at org.apache.maven.lifecycle.internal.LifecycleStarter.execute(LifecycleStarter.java:118)
	at org.apache.maven.DefaultMaven.doExecute(DefaultMaven.java:261)
	at org.apache.maven.DefaultMaven.doExecute(DefaultMaven.java:173)
	at org.apache.maven.DefaultMaven.execute(DefaultMaven.java:101)
	at org.apache.maven.cli.MavenCli.execute(MavenCli.java:919)
	at org.apache.maven.cli.MavenCli.doMain(MavenCli.java:285)
	at org.apache.maven.cli.MavenCli.main(MavenCli.java:207)
	at java.base/jdk.internal.reflect.NativeMethodAccessorImpl.invoke0(Native Method)
	at java.base/jdk.internal.reflect.NativeMethodAccessorImpl.invoke(NativeMethodAccessorImpl.java:77)
	at java.base/jdk.internal.reflect.DelegatingMethodAccessorImpl.invoke(DelegatingMethodAccessorImpl.java:43)
	at java.base/java.lang.reflect.Method.invoke(Method.java:569)
	at org.codehaus.plexus.classworlds.launcher.Launcher.launchEnhanced(Launcher.java:255)
	at org.codehaus.plexus.classworlds.launcher.Launcher.launch(Launcher.java:201)
	at org.codehaus.plexus.classworlds.launcher.Launcher.mainWithExitCode(Launcher.java:361)
	at org.codehaus.plexus.classworlds.launcher.Launcher.main(Launcher.java:314)
2026-09-29 23:17:48.450 WARN  [main] c.l.l.l.a.TaskOverdueBatchService - 任务转待优化失败，已隔离并继续。assignmentId=11
java.lang.IllegalStateException: 模拟单条失败
	at com.lingdong.learning.learningtask.application.TaskOverdueTransactionService.markNeedsImprovement(TaskOverdueTransactionService.java:20)
	at com.lingdong.learning.learningtask.application.TaskOverdueBatchService.processOverdueAssignments(TaskOverdueBatchService.java:58)
	at com.lingdong.learning.learningtask.application.TaskOverdueBatchServiceTest.isolatesFailuresAndAdvancesTheAssignmentCursor(TaskOverdueBatchServiceTest.java:38)
	at java.base/jdk.internal.reflect.NativeMethodAccessorImpl.invoke0(Native Method)
	at java.base/jdk.internal.reflect.NativeMethodAccessorImpl.invoke(NativeMethodAccessorImpl.java:77)
	at java.base/jdk.internal.reflect.DelegatingMethodAccessorImpl.invoke(DelegatingMethodAccessorImpl.java:43)
	at java.base/java.lang.reflect.Method.invoke(Method.java:569)
	at org.junit.platform.commons.util.ReflectionUtils.invokeMethod(ReflectionUtils.java:767)
	at org.junit.jupiter.engine.execution.MethodInvocation.proceed(MethodInvocation.java:60)
	at org.junit.jupiter.engine.execution.InvocationInterceptorChain$ValidatingInvocation.proceed(InvocationInterceptorChain.java:131)
	at org.junit.jupiter.engine.extension.TimeoutExtension.intercept(TimeoutExtension.java:156)
	at org.junit.jupiter.engine.extension.TimeoutExtension.interceptTestableMethod(TimeoutExtension.java:147)
	at org.junit.jupiter.engine.extension.TimeoutExtension.interceptTestMethod(TimeoutExtension.java:86)
	at org.junit.jupiter.engine.execution.InterceptingExecutableInvoker$ReflectiveInterceptorCall.lambda$ofVoidMethod$0(InterceptingExecutableInvoker.java:103)
	at org.junit.jupiter.engine.execution.InterceptingExecutableInvoker.lambda$invoke$0(InterceptingExecutableInvoker.java:93)
	at org.junit.jupiter.engine.execution.InvocationInterceptorChain$InterceptedInvocation.proceed(InvocationInterceptorChain.java:106)
	at org.junit.jupiter.engine.execution.InvocationInterceptorChain.proceed(InvocationInterceptorChain.java:64)
	at org.junit.jupiter.engine.execution.InvocationInterceptorChain.chainAndInvoke(InvocationInterceptorChain.java:45)
	at org.junit.jupiter.engine.execution.InvocationInterceptorChain.invoke(InvocationInterceptorChain.java:37)
	at org.junit.jupiter.engine.execution.InterceptingExecutableInvoker.invoke(InterceptingExecutableInvoker.java:92)
	at org.junit.jupiter.engine.execution.InterceptingExecutableInvoker.invoke(InterceptingExecutableInvoker.java:86)
	at org.junit.jupiter.engine.descriptor.TestMethodTestDescriptor.lambda$invokeTestMethod$8(TestMethodTestDescriptor.java:217)
	at org.junit.platform.engine.support.hierarchical.ThrowableCollector.execute(ThrowableCollector.java:73)
	at org.junit.jupiter.engine.descriptor.TestMethodTestDescriptor.invokeTestMethod(TestMethodTestDescriptor.java:213)
	at org.junit.jupiter.engine.descriptor.TestMethodTestDescriptor.execute(TestMethodTestDescriptor.java:138)
	at org.junit.jupiter.engine.descriptor.TestMethodTestDescriptor.execute(TestMethodTestDescriptor.java:68)
	at org.junit.platform.engine.support.hierarchical.NodeTestTask.lambda$executeRecursively$6(NodeTestTask.java:156)
	at org.junit.platform.engine.support.hierarchical.ThrowableCollector.execute(ThrowableCollector.java:73)
	at org.junit.platform.engine.support.hierarchical.NodeTestTask.lambda$executeRecursively$8(NodeTestTask.java:146)
	at org.junit.platform.engine.support.hierarchical.Node.around(Node.java:137)
	at org.junit.platform.engine.support.hierarchical.NodeTestTask.lambda$executeRecursively$9(NodeTestTask.java:144)
	at org.junit.platform.engine.support.hierarchical.ThrowableCollector.execute(ThrowableCollector.java:73)
	at org.junit.platform.engine.support.hierarchical.NodeTestTask.executeRecursively(NodeTestTask.java:143)
	at org.junit.platform.engine.support.hierarchical.NodeTestTask.execute(NodeTestTask.java:100)
	at java.base/java.util.ArrayList.forEach(ArrayList.java:1511)
	at org.junit.platform.engine.support.hierarchical.SameThreadHierarchicalTestExecutorService.invokeAll(SameThreadHierarchicalTestExecutorService.java:41)
	at org.junit.platform.engine.support.hierarchical.NodeTestTask.lambda$executeRecursively$6(NodeTestTask.java:160)
	at org.junit.platform.engine.support.hierarchical.ThrowableCollector.execute(ThrowableCollector.java:73)
	at org.junit.platform.engine.support.hierarchical.NodeTestTask.lambda$executeRecursively$8(NodeTestTask.java:146)
	at org.junit.platform.engine.support.hierarchical.Node.around(Node.java:137)
	at org.junit.platform.engine.support.hierarchical.NodeTestTask.lambda$executeRecursively$9(NodeTestTask.java:144)
	at org.junit.platform.engine.support.hierarchical.ThrowableCollector.execute(ThrowableCollector.java:73)
	at org.junit.platform.engine.support.hierarchical.NodeTestTask.executeRecursively(NodeTestTask.java:143)
	at org.junit.platform.engine.support.hierarchical.NodeTestTask.execute(NodeTestTask.java:100)
	at java.base/java.util.ArrayList.forEach(ArrayList.java:1511)
	at org.junit.platform.engine.support.hierarchical.SameThreadHierarchicalTestExecutorService.invokeAll(SameThreadHierarchicalTestExecutorService.java:41)
	at org.junit.platform.engine.support.hierarchical.NodeTestTask.lambda$executeRecursively$6(NodeTestTask.java:160)
	at org.junit.platform.engine.support.hierarchical.ThrowableCollector.execute(ThrowableCollector.java:73)
	at org.junit.platform.engine.support.hierarchical.NodeTestTask.lambda$executeRecursively$8(NodeTestTask.java:146)
	at org.junit.platform.engine.support.hierarchical.Node.around(Node.java:137)
	at org.junit.platform.engine.support.hierarchical.NodeTestTask.lambda$executeRecursively$9(NodeTestTask.java:144)
	at org.junit.platform.engine.support.hierarchical.ThrowableCollector.execute(ThrowableCollector.java:73)
	at org.junit.platform.engine.support.hierarchical.NodeTestTask.executeRecursively(NodeTestTask.java:143)
	at org.junit.platform.engine.support.hierarchical.NodeTestTask.execute(NodeTestTask.java:100)
	at org.junit.platform.engine.support.hierarchical.SameThreadHierarchicalTestExecutorService.submit(SameThreadHierarchicalTestExecutorService.java:35)
	at org.junit.platform.engine.support.hierarchical.HierarchicalTestExecutor.execute(HierarchicalTestExecutor.java:57)
	at org.junit.platform.engine.support.hierarchical.HierarchicalTestEngine.execute(HierarchicalTestEngine.java:54)
	at org.junit.platform.launcher.core.EngineExecutionOrchestrator.execute(EngineExecutionOrchestrator.java:198)
	at org.junit.platform.launcher.core.EngineExecutionOrchestrator.execute(EngineExecutionOrchestrator.java:169)
	at org.junit.platform.launcher.core.EngineExecutionOrchestrator.execute(EngineExecutionOrchestrator.java:93)
	at org.junit.platform.launcher.core.EngineExecutionOrchestrator.lambda$execute$0(EngineExecutionOrchestrator.java:58)
	at org.junit.platform.launcher.core.EngineExecutionOrchestrator.withInterceptedStreams(EngineExecutionOrchestrator.java:141)
	at org.junit.platform.launcher.core.EngineExecutionOrchestrator.execute(EngineExecutionOrchestrator.java:57)
	at org.junit.platform.launcher.core.DefaultLauncher.execute(DefaultLauncher.java:103)
	at org.junit.platform.launcher.core.DefaultLauncher.execute(DefaultLauncher.java:85)
	at org.junit.platform.launcher.core.DelegatingLauncher.execute(DelegatingLauncher.java:47)
	at org.apache.maven.surefire.junitplatform.LazyLauncher.execute(LazyLauncher.java:56)
	at org.apache.maven.surefire.junitplatform.JUnitPlatformProvider.execute(JUnitPlatformProvider.java:194)
	at org.apache.maven.surefire.junitplatform.JUnitPlatformProvider.invokeAllTests(JUnitPlatformProvider.java:150)
	at org.apache.maven.surefire.junitplatform.JUnitPlatformProvider.invoke(JUnitPlatformProvider.java:124)
	at java.base/jdk.internal.reflect.NativeMethodAccessorImpl.invoke0(Native Method)
	at java.base/jdk.internal.reflect.NativeMethodAccessorImpl.invoke(NativeMethodAccessorImpl.java:77)
	at java.base/jdk.internal.reflect.DelegatingMethodAccessorImpl.invoke(DelegatingMethodAccessorImpl.java:43)
	at java.base/java.lang.reflect.Method.invoke(Method.java:569)
	at org.apache.maven.surefire.api.util.ReflectionUtils.invokeMethodWithArray2(ReflectionUtils.java:137)
	at org.apache.maven.surefire.booter.ProviderFactory$ProviderProxy.invoke(ProviderFactory.java:148)
	at org.apache.maven.surefire.booter.ProviderFactory.invokeProvider(ProviderFactory.java:88)
	at org.apache.maven.plugin.surefire.InPluginVMSurefireStarter.runSuitesInProcess(InPluginVMSurefireStarter.java:91)
	at org.apache.maven.plugin.surefire.AbstractSurefireMojo.executeProvider(AbstractSurefireMojo.java:1308)
	at org.apache.maven.plugin.surefire.AbstractSurefireMojo.executeAfterPreconditionsChecked(AbstractSurefireMojo.java:1135)
	at org.apache.maven.plugin.surefire.AbstractSurefireMojo.execute(AbstractSurefireMojo.java:969)
	at org.apache.maven.plugin.DefaultBuildPluginManager.executeMojo(DefaultBuildPluginManager.java:126)
	at org.apache.maven.lifecycle.internal.MojoExecutor.doExecute2(MojoExecutor.java:328)
	at org.apache.maven.lifecycle.internal.MojoExecutor.doExecute(MojoExecutor.java:316)
	at org.apache.maven.lifecycle.internal.MojoExecutor.execute(MojoExecutor.java:212)
	at org.apache.maven.lifecycle.internal.MojoExecutor.execute(MojoExecutor.java:174)
	at org.apache.maven.lifecycle.internal.MojoExecutor.access$000(MojoExecutor.java:75)
	at org.apache.maven.lifecycle.internal.MojoExecutor$1.run(MojoExecutor.java:162)
	at org.apache.maven.plugin.DefaultMojosExecutionStrategy.execute(DefaultMojosExecutionStrategy.java:39)
	at org.apache.maven.lifecycle.internal.MojoExecutor.execute(MojoExecutor.java:159)
	at org.apache.maven.lifecycle.internal.LifecycleModuleBuilder.buildProject(LifecycleModuleBuilder.java:105)
	at org.apache.maven.lifecycle.internal.LifecycleModuleBuilder.buildProject(LifecycleModuleBuilder.java:73)
	at org.apache.maven.lifecycle.internal.builder.singlethreaded.SingleThreadedBuilder.build(SingleThreadedBuilder.java:53)
	at org.apache.maven.lifecycle.internal.LifecycleStarter.execute(LifecycleStarter.java:118)
	at org.apache.maven.DefaultMaven.doExecute(DefaultMaven.java:261)
	at org.apache.maven.DefaultMaven.doExecute(DefaultMaven.java:173)
	at org.apache.maven.DefaultMaven.execute(DefaultMaven.java:101)
	at org.apache.maven.cli.MavenCli.execute(MavenCli.java:919)
	at org.apache.maven.cli.MavenCli.doMain(MavenCli.java:285)
	at org.apache.maven.cli.MavenCli.main(MavenCli.java:207)
	at java.base/jdk.internal.reflect.NativeMethodAccessorImpl.invoke0(Native Method)
	at java.base/jdk.internal.reflect.NativeMethodAccessorImpl.invoke(NativeMethodAccessorImpl.java:77)
	at java.base/jdk.internal.reflect.DelegatingMethodAccessorImpl.invoke(DelegatingMethodAccessorImpl.java:43)
	at java.base/java.lang.reflect.Method.invoke(Method.java:569)
	at org.codehaus.plexus.classworlds.launcher.Launcher.launchEnhanced(Launcher.java:255)
	at org.codehaus.plexus.classworlds.launcher.Launcher.launch(Launcher.java:201)
	at org.codehaus.plexus.classworlds.launcher.Launcher.mainWithExitCode(Launcher.java:361)
	at org.codehaus.plexus.classworlds.launcher.Launcher.main(Launcher.java:314)
2026-09-29 23:17:48.774 INFO  [main] o.s.t.c.s.AnnotationConfigContextLoaderUtils - Could not detect default configuration classes for test class [com.lingdong.learning.learningtask.application.TaskReviewAuditorBoundaryTest]: TaskReviewAuditorBoundaryTest does not declare any static, non-private, non-final, nested classes annotated with @Configuration.
2026-09-29 23:17:48.781 INFO  [main] o.s.b.t.c.SpringBootTestContextBootstrapper - Found @SpringBootConfiguration com.lingdong.learning.LingdongLearningApplication for test class com.lingdong.learning.learningtask.application.TaskReviewAuditorBoundaryTest
2026-09-29 23:17:48.841 INFO  [main] c.l.l.l.a.TaskReviewAuditorBoundaryTest - Starting TaskReviewAuditorBoundaryTest using Java 17.0.20 with PID 286296 (started by Administrator in E:\apps\lingdong-xuexi-code\lingdong-xuexi-server)
2026-09-29 23:17:48.843 INFO  [main] c.l.l.l.a.TaskReviewAuditorBoundaryTest - The following 1 profile is active: "test"
2026-09-29 23:17:49.522 INFO  [main] o.s.d.r.c.RepositoryConfigurationDelegate - Multiple Spring Data modules found, entering strict repository configuration mode
2026-09-29 23:17:49.522 INFO  [main] o.s.d.r.c.RepositoryConfigurationDelegate - Bootstrapping Spring Data Redis repositories in DEFAULT mode.
2026-09-29 23:17:49.588 INFO  [main] o.s.d.r.c.RepositoryConfigurationDelegate - Finished Spring Data repository scanning in 64 ms. Found 0 Redis repository interfaces.
2026-09-29 23:17:49.822 INFO  [main] com.zaxxer.hikari.HikariDataSource - HikariPool-11 - Starting...
2026-09-29 23:17:49.823 INFO  [main] com.zaxxer.hikari.pool.HikariPool - HikariPool-11 - Added connection conn100: url=jdbc:h2:mem:lingdong_learning user=SA
2026-09-29 23:17:49.823 INFO  [main] com.zaxxer.hikari.HikariDataSource - HikariPool-11 - Start completed.
2026-09-29 23:17:49.824 INFO  [main] org.flywaydb.core.FlywayExecutor - Database: jdbc:h2:mem:lingdong_learning (H2 2.3)
2026-09-29 23:17:49.825 WARN  [main] o.f.c.i.database.base.Database - Flyway upgrade recommended: H2 2.3.232 is newer than this version of Flyway and support has not been tested. The latest supported version of H2 is 2.2.224.
2026-09-29 23:17:49.850 INFO  [main] o.f.core.internal.command.DbValidate - Successfully validated 86 migrations (execution time 00:00.021s)
2026-09-29 23:17:49.852 INFO  [main] o.f.core.internal.command.DbMigrate - Current version of schema "public": 86
2026-09-29 23:17:49.852 INFO  [main] o.f.core.internal.command.DbMigrate - Schema "public" is up to date. No migration necessary.
2026-09-29 23:17:51.421 INFO  [main] c.l.l.l.a.TaskReviewAuditorBoundaryTest - Started TaskReviewAuditorBoundaryTest in 2.637 seconds (process running for 161.266)
2026-09-29 23:17:51.422 WARN  [main] o.s.c.events.SpringDocAppInitializer - SpringDoc /api/v1/openapi endpoint is enabled by default. To disable it in production, set the property 'springdoc.api-docs.enabled=false'
2026-09-29 23:17:51.817 INFO  [main] o.s.t.c.s.AnnotationConfigContextLoaderUtils - Could not detect default configuration classes for test class [com.lingdong.learning.learningtask.web.LearningTaskControllerTest]: LearningTaskControllerTest does not declare any static, non-private, non-final, nested classes annotated with @Configuration.
2026-09-29 23:17:51.896 INFO  [main] o.s.b.t.c.SpringBootTestContextBootstrapper - Found @SpringBootConfiguration com.lingdong.learning.LingdongLearningApplication for test class com.lingdong.learning.learningtask.web.LearningTaskControllerTest
2026-09-29 23:18:04.200 INFO  [main] o.s.t.c.s.AnnotationConfigContextLoaderUtils - Could not detect default configuration classes for test class [com.lingdong.learning.learningtask.web.LearningTaskOptionControllerTest]: LearningTaskOptionControllerTest does not declare any static, non-private, non-final, nested classes annotated with @Configuration.
2026-09-29 23:18:04.203 INFO  [main] o.s.b.t.c.SpringBootTestContextBootstrapper - Found @SpringBootConfiguration com.lingdong.learning.LingdongLearningApplication for test class com.lingdong.learning.learningtask.web.LearningTaskOptionControllerTest
2026-09-29 23:18:05.092 INFO  [main] o.s.t.c.s.AnnotationConfigContextLoaderUtils - Could not detect default configuration classes for test class [com.lingdong.learning.learningtask.web.TeacherClassControllerTest]: TeacherClassControllerTest does not declare any static, non-private, non-final, nested classes annotated with @Configuration.
2026-09-29 23:18:05.097 INFO  [main] o.s.b.t.c.SpringBootTestContextBootstrapper - Found @SpringBootConfiguration com.lingdong.learning.LingdongLearningApplication for test class com.lingdong.learning.learningtask.web.TeacherClassControllerTest
2026-09-29 23:18:05.650 INFO  [main] o.s.t.c.s.AnnotationConfigContextLoaderUtils - Could not detect default configuration classes for test class [com.lingdong.learning.organization.application.ClassManagementApplicationServiceTest]: ClassManagementApplicationServiceTest does not declare any static, non-private, non-final, nested classes annotated with @Configuration.
2026-09-29 23:18:05.714 INFO  [main] o.s.b.t.c.SpringBootTestContextBootstrapper - Found @SpringBootConfiguration com.lingdong.learning.LingdongLearningApplication for test class com.lingdong.learning.organization.application.ClassManagementApplicationServiceTest
2026-09-29 23:18:05.799 INFO  [main] o.s.t.c.s.AnnotationConfigContextLoaderUtils - Could not detect default configuration classes for test class [com.lingdong.learning.organization.application.OrganizationApplicationServiceTest]: OrganizationApplicationServiceTest does not declare any static, non-private, non-final, nested classes annotated with @Configuration.
2026-09-29 23:18:05.801 INFO  [main] o.s.b.t.c.SpringBootTestContextBootstrapper - Found @SpringBootConfiguration com.lingdong.learning.LingdongLearningApplication for test class com.lingdong.learning.organization.application.OrganizationApplicationServiceTest
2026-09-29 23:18:05.900 INFO  [main] o.s.t.c.s.AnnotationConfigContextLoaderUtils - Could not detect default configuration classes for test class [com.lingdong.learning.organization.application.OrganizationChangeApplicationServiceTest]: OrganizationChangeApplicationServiceTest does not declare any static, non-private, non-final, nested classes annotated with @Configuration.
2026-09-29 23:18:05.903 INFO  [main] o.s.b.t.c.SpringBootTestContextBootstrapper - Found @SpringBootConfiguration com.lingdong.learning.LingdongLearningApplication for test class com.lingdong.learning.organization.application.OrganizationChangeApplicationServiceTest
2026-09-29 23:18:06.110 INFO  [main] o.s.t.c.s.AnnotationConfigContextLoaderUtils - Could not detect default configuration classes for test class [com.lingdong.learning.organization.application.OrganizationChangePersistenceTest]: OrganizationChangePersistenceTest does not declare any static, non-private, non-final, nested classes annotated with @Configuration.
2026-09-29 23:18:06.114 INFO  [main] o.s.b.t.c.SpringBootTestContextBootstrapper - Found @SpringBootConfiguration com.lingdong.learning.LingdongLearningApplication for test class com.lingdong.learning.organization.application.OrganizationChangePersistenceTest
2026-09-29 23:18:06.149 INFO  [main] o.s.t.c.s.AnnotationConfigContextLoaderUtils - Could not detect default configuration classes for test class [com.lingdong.learning.organization.web.ClassManagementControllerTest]: ClassManagementControllerTest does not declare any static, non-private, non-final, nested classes annotated with @Configuration.
2026-09-29 23:18:06.221 INFO  [main] o.s.b.t.c.SpringBootTestContextBootstrapper - Found @SpringBootConfiguration com.lingdong.learning.LingdongLearningApplication for test class com.lingdong.learning.organization.web.ClassManagementControllerTest
2026-09-29 23:18:07.646 INFO  [main] o.s.t.c.s.AnnotationConfigContextLoaderUtils - Could not detect default configuration classes for test class [com.lingdong.learning.organization.web.OrganizationChangeControllerTest]: OrganizationChangeControllerTest does not declare any static, non-private, non-final, nested classes annotated with @Configuration.
2026-09-29 23:18:07.649 INFO  [main] o.s.b.t.c.SpringBootTestContextBootstrapper - Found @SpringBootConfiguration com.lingdong.learning.LingdongLearningApplication for test class com.lingdong.learning.organization.web.OrganizationChangeControllerTest
2026-09-29 23:18:08.316 INFO  [main] o.s.t.c.s.AnnotationConfigContextLoaderUtils - Could not detect default configuration classes for test class [com.lingdong.learning.organization.web.OrganizationManagementControllerTest]: OrganizationManagementControllerTest does not declare any static, non-private, non-final, nested classes annotated with @Configuration.
2026-09-29 23:18:08.320 INFO  [main] o.s.b.t.c.SpringBootTestContextBootstrapper - Found @SpringBootConfiguration com.lingdong.learning.LingdongLearningApplication for test class com.lingdong.learning.organization.web.OrganizationManagementControllerTest
2026-09-29 23:18:09.171 INFO  [main] o.s.t.c.s.AnnotationConfigContextLoaderUtils - Could not detect default configuration classes for test class [com.lingdong.learning.organization.web.OrganizationWorkbenchControllerTest]: OrganizationWorkbenchControllerTest does not declare any static, non-private, non-final, nested classes annotated with @Configuration.
2026-09-29 23:18:09.173 INFO  [main] o.s.b.t.c.SpringBootTestContextBootstrapper - Found @SpringBootConfiguration com.lingdong.learning.LingdongLearningApplication for test class com.lingdong.learning.organization.web.OrganizationWorkbenchControllerTest
2026-09-29 23:18:10.185 INFO  [main] o.s.t.c.s.AnnotationConfigContextLoaderUtils - Could not detect default configuration classes for test class [com.lingdong.learning.permission.application.PermissionDecisionServiceTest]: PermissionDecisionServiceTest does not declare any static, non-private, non-final, nested classes annotated with @Configuration.
2026-09-29 23:18:10.253 INFO  [main] o.s.b.t.c.SpringBootTestContextBootstrapper - Found @SpringBootConfiguration com.lingdong.learning.LingdongLearningApplication for test class com.lingdong.learning.permission.application.PermissionDecisionServiceTest
2026-09-29 23:18:10.449 WARN  [main] o.s.c.a.AnnotationConfigApplicationContext - Exception encountered during context initialization - cancelling refresh attempt: org.springframework.beans.factory.BeanCreationException: Error creating bean with name 'lingdong.auth.student-code-com.lingdong.learning.auth.infrastructure.config.StudentLoginCodeProperties': 学生登录码密钥至少32字节：v1
2026-09-29 23:18:10.920 INFO  [main] o.s.t.c.s.AnnotationConfigContextLoaderUtils - Could not detect default configuration classes for test class [com.lingdong.learning.student.application.ParentRelationshipPersistenceTest]: ParentRelationshipPersistenceTest does not declare any static, non-private, non-final, nested classes annotated with @Configuration.
2026-09-29 23:18:10.998 INFO  [main] o.s.b.t.c.SpringBootTestContextBootstrapper - Found @SpringBootConfiguration com.lingdong.learning.LingdongLearningApplication for test class com.lingdong.learning.student.application.ParentRelationshipPersistenceTest
2026-09-29 23:18:11.050 INFO  [main] o.s.t.c.s.AnnotationConfigContextLoaderUtils - Could not detect default configuration classes for test class [com.lingdong.learning.student.application.ParentRelationshipTaskTransferPersistenceTest]: ParentRelationshipTaskTransferPersistenceTest does not declare any static, non-private, non-final, nested classes annotated with @Configuration.
2026-09-29 23:18:11.054 INFO  [main] o.s.b.t.c.SpringBootTestContextBootstrapper - Found @SpringBootConfiguration com.lingdong.learning.LingdongLearningApplication for test class com.lingdong.learning.student.application.ParentRelationshipTaskTransferPersistenceTest
2026-09-29 23:18:11.094 INFO  [main] o.s.t.c.s.AnnotationConfigContextLoaderUtils - Could not detect default configuration classes for test class [com.lingdong.learning.student.application.StudentAccountAllocatorTest]: StudentAccountAllocatorTest does not declare any static, non-private, non-final, nested classes annotated with @Configuration.
2026-09-29 23:18:11.097 INFO  [main] o.s.b.t.c.SpringBootTestContextBootstrapper - Found @SpringBootConfiguration com.lingdong.learning.LingdongLearningApplication for test class com.lingdong.learning.student.application.StudentAccountAllocatorTest
2026-09-29 23:18:11.131 INFO  [main] o.s.t.c.s.AnnotationConfigContextLoaderUtils - Could not detect default configuration classes for test class [com.lingdong.learning.student.application.StudentAccountCancellationPersistenceTest]: StudentAccountCancellationPersistenceTest does not declare any static, non-private, non-final, nested classes annotated with @Configuration.
2026-09-29 23:18:11.133 INFO  [main] o.s.b.t.c.SpringBootTestContextBootstrapper - Found @SpringBootConfiguration com.lingdong.learning.LingdongLearningApplication for test class com.lingdong.learning.student.application.StudentAccountCancellationPersistenceTest
2026-09-29 23:18:11.633 INFO  [main] o.s.t.c.s.AnnotationConfigContextLoaderUtils - Could not detect default configuration classes for test class [com.lingdong.learning.student.application.StudentIdentityProvisioningServiceTest]: StudentIdentityProvisioningServiceTest does not declare any static, non-private, non-final, nested classes annotated with @Configuration.
2026-09-29 23:18:11.636 INFO  [main] o.s.b.t.c.SpringBootTestContextBootstrapper - Found @SpringBootConfiguration com.lingdong.learning.LingdongLearningApplication for test class com.lingdong.learning.student.application.StudentIdentityProvisioningServiceTest
2026-09-29 23:18:11.669 INFO  [main] o.s.t.c.s.AnnotationConfigContextLoaderUtils - Could not detect default configuration classes for test class [com.lingdong.learning.student.web.ParentBindingInvitationControllerTest]: ParentBindingInvitationControllerTest does not declare any static, non-private, non-final, nested classes annotated with @Configuration.
2026-09-29 23:18:11.731 INFO  [main] o.s.b.t.c.SpringBootTestContextBootstrapper - Found @SpringBootConfiguration com.lingdong.learning.LingdongLearningApplication for test class com.lingdong.learning.student.web.ParentBindingInvitationControllerTest
2026-09-29 23:18:13.368 INFO  [main] o.s.t.c.s.AnnotationConfigContextLoaderUtils - Could not detect default configuration classes for test class [com.lingdong.learning.student.web.ParentRelationshipSecurityTest]: ParentRelationshipSecurityTest does not declare any static, non-private, non-final, nested classes annotated with @Configuration.
2026-09-29 23:18:13.370 INFO  [main] o.s.b.t.c.SpringBootTestContextBootstrapper - Found @SpringBootConfiguration com.lingdong.learning.LingdongLearningApplication for test class com.lingdong.learning.student.web.ParentRelationshipSecurityTest
2026-09-29 23:18:13.532 INFO  [main] o.s.t.c.s.AnnotationConfigContextLoaderUtils - Could not detect default configuration classes for test class [com.lingdong.learning.student.web.StudentCredentialManagementControllerTest]: StudentCredentialManagementControllerTest does not declare any static, non-private, non-final, nested classes annotated with @Configuration.
2026-09-29 23:18:13.535 INFO  [main] o.s.b.t.c.SpringBootTestContextBootstrapper - Found @SpringBootConfiguration com.lingdong.learning.LingdongLearningApplication for test class com.lingdong.learning.student.web.StudentCredentialManagementControllerTest
2026-09-29 23:18:14.170 INFO  [main] o.s.t.c.s.AnnotationConfigContextLoaderUtils - Could not detect default configuration classes for test class [com.lingdong.learning.student.web.StudentManagementControllerTest]: StudentManagementControllerTest does not declare any static, non-private, non-final, nested classes annotated with @Configuration.
2026-09-29 23:18:14.172 INFO  [main] o.s.b.t.c.SpringBootTestContextBootstrapper - Found @SpringBootConfiguration com.lingdong.learning.LingdongLearningApplication for test class com.lingdong.learning.student.web.StudentManagementControllerTest
2026-09-29 23:18:17.771 INFO  [main] o.s.t.c.s.AnnotationConfigContextLoaderUtils - Could not detect default configuration classes for test class [com.lingdong.learning.studentimport.infrastructure.persistence.StudentImportPersistenceTest]: StudentImportPersistenceTest does not declare any static, non-private, non-final, nested classes annotated with @Configuration.
2026-09-29 23:18:17.832 INFO  [main] o.s.b.t.c.SpringBootTestContextBootstrapper - Found @SpringBootConfiguration com.lingdong.learning.LingdongLearningApplication for test class com.lingdong.learning.studentimport.infrastructure.persistence.StudentImportPersistenceTest
2026-09-29 23:18:17.870 INFO  [main] o.s.t.c.s.AnnotationConfigContextLoaderUtils - Could not detect default configuration classes for test class [com.lingdong.learning.studentimport.web.StudentImportApiIntegrationTest]: StudentImportApiIntegrationTest does not declare any static, non-private, non-final, nested classes annotated with @Configuration.
2026-09-29 23:18:17.930 INFO  [main] o.s.b.t.c.SpringBootTestContextBootstrapper - Found @SpringBootConfiguration com.lingdong.learning.LingdongLearningApplication for test class com.lingdong.learning.studentimport.web.StudentImportApiIntegrationTest
2026-09-29 23:18:20.462 WARN  [main] c.l.l.t.a.TeacherBatchApplicationService - 教师批量操作单项失败，operation=BIND_CLASS, teacherUserId=12, exceptionType=ResourceNotFoundException
2026-09-29 23:18:20.485 INFO  [main] o.s.t.c.s.AnnotationConfigContextLoaderUtils - Could not detect default configuration classes for test class [com.lingdong.learning.teacher.application.TeacherManagementApplicationServiceTest]: TeacherManagementApplicationServiceTest does not declare any static, non-private, non-final, nested classes annotated with @Configuration.
2026-09-29 23:18:20.529 INFO  [main] o.s.b.t.c.SpringBootTestContextBootstrapper - Found @SpringBootConfiguration com.lingdong.learning.LingdongLearningApplication for test class com.lingdong.learning.teacher.application.TeacherManagementApplicationServiceTest
2026-09-29 23:18:21.854 INFO  [main] o.s.t.c.s.AnnotationConfigContextLoaderUtils - Could not detect default configuration classes for test class [com.lingdong.learning.templateconfig.application.ImportExportTemplateApplicationServiceTest]: ImportExportTemplateApplicationServiceTest does not declare any static, non-private, non-final, nested classes annotated with @Configuration.
2026-09-29 23:18:21.925 INFO  [main] o.s.b.t.c.SpringBootTestContextBootstrapper - Found @SpringBootConfiguration com.lingdong.learning.LingdongLearningApplication for test class com.lingdong.learning.templateconfig.application.ImportExportTemplateApplicationServiceTest
2026-09-29 23:18:22.309 INFO  [main] o.s.t.c.s.AnnotationConfigContextLoaderUtils - Could not detect default configuration classes for test class [com.lingdong.learning.templateconfig.web.ImportExportTemplateManagementControllerTest]: ImportExportTemplateManagementControllerTest does not declare any static, non-private, non-final, nested classes annotated with @Configuration.
2026-09-29 23:18:22.371 INFO  [main] o.s.b.t.c.SpringBootTestContextBootstrapper - Found @SpringBootConfiguration com.lingdong.learning.LingdongLearningApplication for test class com.lingdong.learning.templateconfig.web.ImportExportTemplateManagementControllerTest
2026-09-29 23:18:23.479 INFO  [main] o.s.t.c.s.AnnotationConfigContextLoaderUtils - Could not detect default configuration classes for test class [com.lingdong.learning.user.application.UserAccessApplicationServiceTest]: UserAccessApplicationServiceTest does not declare any static, non-private, non-final, nested classes annotated with @Configuration.
2026-09-29 23:18:23.529 INFO  [main] o.s.b.t.c.SpringBootTestContextBootstrapper - Found @SpringBootConfiguration com.lingdong.learning.LingdongLearningApplication for test class com.lingdong.learning.user.application.UserAccessApplicationServiceTest
2026-09-29 23:18:23.591 INFO  [main] o.s.t.c.s.AnnotationConfigContextLoaderUtils - Could not detect default configuration classes for test class [com.lingdong.learning.user.infrastructure.persistence.UserMobileChangePersistenceTest]: UserMobileChangePersistenceTest does not declare any static, non-private, non-final, nested classes annotated with @Configuration.
2026-09-29 23:18:23.664 INFO  [main] o.s.b.t.c.SpringBootTestContextBootstrapper - Found @SpringBootConfiguration com.lingdong.learning.LingdongLearningApplication for test class com.lingdong.learning.user.infrastructure.persistence.UserMobileChangePersistenceTest
2026-09-29 23:18:30.902 INFO  [SpringApplicationShutdownHook] com.zaxxer.hikari.HikariDataSource - HikariPool-2 - Shutdown initiated...
2026-09-29 23:18:30.903 INFO  [SpringApplicationShutdownHook] com.zaxxer.hikari.HikariDataSource - HikariPool-2 - Shutdown completed.
2026-09-29 23:18:30.917 INFO  [SpringApplicationShutdownHook] com.zaxxer.hikari.HikariDataSource - HikariPool-3 - Shutdown initiated...
2026-09-29 23:18:30.918 INFO  [SpringApplicationShutdownHook] com.zaxxer.hikari.HikariDataSource - HikariPool-3 - Shutdown completed.
2026-09-29 23:18:30.935 INFO  [SpringApplicationShutdownHook] com.zaxxer.hikari.HikariDataSource - HikariPool-4 - Shutdown initiated...
2026-09-29 23:18:30.936 INFO  [SpringApplicationShutdownHook] com.zaxxer.hikari.HikariDataSource - HikariPool-4 - Shutdown completed.
2026-09-29 23:18:30.953 INFO  [SpringApplicationShutdownHook] com.zaxxer.hikari.HikariDataSource - HikariPool-5 - Shutdown initiated...
2026-09-29 23:18:30.954 INFO  [SpringApplicationShutdownHook] com.zaxxer.hikari.HikariDataSource - HikariPool-5 - Shutdown completed.
2026-09-29 23:18:30.973 INFO  [SpringApplicationShutdownHook] com.zaxxer.hikari.HikariDataSource - HikariPool-6 - Shutdown initiated...
2026-09-29 23:18:30.973 INFO  [SpringApplicationShutdownHook] com.zaxxer.hikari.HikariDataSource - HikariPool-6 - Shutdown completed.
2026-09-29 23:18:30.991 INFO  [SpringApplicationShutdownHook] com.zaxxer.hikari.HikariDataSource - HikariPool-7 - Shutdown initiated...
2026-09-29 23:18:30.992 INFO  [SpringApplicationShutdownHook] com.zaxxer.hikari.HikariDataSource - HikariPool-7 - Shutdown completed.
2026-09-29 23:18:31.006 INFO  [SpringApplicationShutdownHook] com.zaxxer.hikari.HikariDataSource - HikariPool-9 - Shutdown initiated...
2026-09-29 23:18:31.006 INFO  [SpringApplicationShutdownHook] com.zaxxer.hikari.HikariDataSource - HikariPool-9 - Shutdown completed.
2026-09-29 23:18:31.021 INFO  [SpringApplicationShutdownHook] com.zaxxer.hikari.HikariDataSource - HikariPool-10 - Shutdown initiated...
2026-09-29 23:18:31.023 INFO  [SpringApplicationShutdownHook] com.zaxxer.hikari.HikariDataSource - HikariPool-10 - Shutdown completed.
2026-09-29 23:18:31.038 INFO  [SpringApplicationShutdownHook] com.zaxxer.hikari.HikariDataSource - HikariPool-11 - Shutdown initiated...
2026-09-29 23:18:31.039 INFO  [SpringApplicationShutdownHook] com.zaxxer.hikari.HikariDataSource - HikariPool-11 - Shutdown completed.
2026-09-29 23:19:43.633 INFO  [main] c.l.l.LingdongLearningApplication - Starting LingdongLearningApplication v0.0.1-SNAPSHOT using Java 17.0.13 with PID 287196 (E:\apps\lingdong-xuexi-code\lingdong-xuexi-server\target\lingdong-xuexi-server-0.0.1-SNAPSHOT.jar started by Administrator in E:\apps\lingdong-xuexi-code\lingdong-xuexi-server)
2026-09-29 23:19:43.637 INFO  [main] c.l.l.LingdongLearningApplication - The following 1 profile is active: "local"
2026-09-29 23:19:46.558 INFO  [main] o.s.d.r.c.RepositoryConfigurationDelegate - Multiple Spring Data modules found, entering strict repository configuration mode
2026-09-29 23:19:46.565 INFO  [main] o.s.d.r.c.RepositoryConfigurationDelegate - Bootstrapping Spring Data Redis repositories in DEFAULT mode.
2026-09-29 23:19:46.650 INFO  [main] o.s.d.r.c.RepositoryConfigurationDelegate - Finished Spring Data repository scanning in 45 ms. Found 0 Redis repository interfaces.
2026-09-29 23:19:48.570 INFO  [main] o.s.b.w.e.tomcat.TomcatWebServer - Tomcat initialized with port 8080 (http)
2026-09-29 23:19:48.609 INFO  [main] o.a.catalina.core.StandardService - Starting service [Tomcat]
2026-09-29 23:19:48.610 INFO  [main] o.a.catalina.core.StandardEngine - Starting Servlet engine: [Apache Tomcat/10.1.40]
2026-09-29 23:19:48.698 INFO  [main] o.a.c.c.C.[Tomcat].[localhost].[/] - Initializing Spring embedded WebApplicationContext
2026-09-29 23:19:48.699 INFO  [main] o.s.b.w.s.c.ServletWebServerApplicationContext - Root WebApplicationContext: initialization completed in 4915 ms
2026-09-29 23:19:49.432 INFO  [main] com.zaxxer.hikari.HikariDataSource - HikariPool-1 - Starting...
2026-09-29 23:19:59.113 INFO  [main] com.zaxxer.hikari.pool.HikariPool - HikariPool-1 - Added connection com.mysql.cj.jdbc.ConnectionImpl@44587c44
2026-09-29 23:19:59.116 INFO  [main] com.zaxxer.hikari.HikariDataSource - HikariPool-1 - Start completed.
2026-09-29 23:19:59.383 INFO  [main] org.flywaydb.core.FlywayExecutor - Database: jdbc:mysql://8.156.80.3:3306/lingdong_learning?useUnicode=true&characterEncoding=utf8&useSSL=false&serverTimezone=Asia/Shanghai (MySQL 8.0)
2026-09-29 23:19:59.946 INFO  [main] o.f.core.internal.command.DbValidate - Successfully validated 86 migrations (execution time 00:00.277s)
2026-09-29 23:20:00.317 INFO  [main] o.f.core.internal.command.DbMigrate - Current version of schema `lingdong_learning`: 86
2026-09-29 23:20:00.350 INFO  [main] o.f.core.internal.command.DbMigrate - Schema `lingdong_learning` is up to date. No migration necessary.
2026-09-29 23:20:08.197 INFO  [main] o.s.b.w.e.tomcat.TomcatWebServer - Tomcat started on port 8080 (http) with context path '/'
2026-09-29 23:20:08.257 INFO  [main] c.l.l.LingdongLearningApplication - Started LingdongLearningApplication in 26.062 seconds (process running for 27.104)
2026-09-29 23:20:08.268 WARN  [main] o.s.c.events.SpringDocAppInitializer - SpringDoc /api/v1/openapi endpoint is enabled by default. To disable it in production, set the property 'springdoc.api-docs.enabled=false'
2026-09-29 23:20:42.143 INFO  [http-nio-8080-exec-1] o.a.c.c.C.[Tomcat].[localhost].[/] - Initializing Spring DispatcherServlet 'dispatcherServlet'
2026-09-29 23:20:42.144 INFO  [http-nio-8080-exec-1] o.s.web.servlet.DispatcherServlet - Initializing Servlet 'dispatcherServlet'
2026-09-29 23:20:42.149 INFO  [http-nio-8080-exec-1] o.s.web.servlet.DispatcherServlet - Completed initialization in 2 ms
