2026-09-29 22:19:02.183 INFO  [main] c.l.l.a.a.AttachmentFileApplicationServiceTest - Starting AttachmentFileApplicationServiceTest using Java 17.0.20 with PID 264136 (started by Administrator in E:\apps\lingdong-xuexi-code\lingdong-xuexi-server)
2026-09-29 22:19:02.186 INFO  [main] c.l.l.a.a.AttachmentFileApplicationServiceTest - The following 1 profile is active: "test"
2026-09-29 22:19:04.990 INFO  [main] o.s.d.r.c.RepositoryConfigurationDelegate - Multiple Spring Data modules found, entering strict repository configuration mode
2026-09-29 22:19:04.997 INFO  [main] o.s.d.r.c.RepositoryConfigurationDelegate - Bootstrapping Spring Data Redis repositories in DEFAULT mode.
2026-09-29 22:19:05.135 INFO  [main] o.s.d.r.c.RepositoryConfigurationDelegate - Finished Spring Data repository scanning in 102 ms. Found 0 Redis repository interfaces.
2026-09-29 22:19:06.716 INFO  [main] com.zaxxer.hikari.HikariDataSource - HikariPool-1 - Starting...
2026-09-29 22:19:07.145 INFO  [main] com.zaxxer.hikari.pool.HikariPool - HikariPool-1 - Added connection conn0: url=jdbc:h2:mem:lingdong_learning user=SA
2026-09-29 22:19:07.149 INFO  [main] com.zaxxer.hikari.HikariDataSource - HikariPool-1 - Start completed.
2026-09-29 22:19:07.235 INFO  [main] org.flywaydb.core.FlywayExecutor - Database: jdbc:h2:mem:lingdong_learning (H2 2.3)
2026-09-29 22:19:07.248 WARN  [main] o.f.c.i.database.base.Database - Flyway upgrade recommended: H2 2.3.232 is newer than this version of Flyway and support has not been tested. The latest supported version of H2 is 2.2.224.
2026-09-29 22:19:07.359 INFO  [main] o.f.c.i.s.JdbcTableSchemaHistory - Schema history table "public"."flyway_schema_history" does not exist yet
2026-09-29 22:19:07.365 INFO  [main] o.f.core.internal.command.DbValidate - Successfully validated 86 migrations (execution time 00:00.086s)
2026-09-29 22:19:07.399 INFO  [main] o.f.c.i.s.JdbcTableSchemaHistory - Creating Schema History table "public"."flyway_schema_history" ...
2026-09-29 22:19:07.483 INFO  [main] o.f.core.internal.command.DbMigrate - Current version of schema "public": << Empty Schema >>
2026-09-29 22:19:07.501 INFO  [main] o.f.core.internal.command.DbMigrate - Migrating schema "public" to version "1 - create system config"
2026-09-29 22:19:07.576 INFO  [main] o.f.core.internal.command.DbMigrate - Migrating schema "public" to version "2 - create iam rbac tables"
2026-09-29 22:19:07.656 INFO  [main] o.f.core.internal.command.DbMigrate - Migrating schema "public" to version "3 - create organization types"
2026-09-29 22:19:07.714 INFO  [main] o.f.core.internal.command.DbMigrate - Migrating schema "public" to version "4 - create user organization relations"
2026-09-29 22:19:07.745 INFO  [main] o.f.core.internal.command.DbMigrate - Migrating schema "public" to version "5 - create system task audit"
2026-09-29 22:19:07.766 INFO  [main] o.f.core.internal.command.DbMigrate - Migrating schema "public" to version "6 - create feature toggles"
2026-09-29 22:19:07.785 INFO  [main] o.f.core.internal.command.DbMigrate - Migrating schema "public" to version "7 - create feature toggle changes"
2026-09-29 22:19:07.803 INFO  [main] o.f.core.internal.command.DbMigrate - Migrating schema "public" to version "8 - create user permissions"
2026-09-29 22:19:07.819 INFO  [main] o.f.core.internal.command.DbMigrate - Migrating schema "public" to version "9 - create role data scopes"
2026-09-29 22:19:07.835 INFO  [main] o.f.core.internal.command.DbMigrate - Migrating schema "public" to version "10 - create dictionary tables"
2026-09-29 22:19:07.851 INFO  [main] o.f.core.internal.command.DbMigrate - Migrating schema "public" to version "11 - create cache operation log"
2026-09-29 22:19:07.876 INFO  [main] o.f.core.internal.command.DbMigrate - Migrating schema "public" to version "12 - create interface service tables"
2026-09-29 22:19:07.899 INFO  [main] o.f.core.internal.command.DbMigrate - Migrating schema "public" to version "13 - create attachment core tables"
2026-09-29 22:19:07.917 INFO  [main] o.f.core.internal.command.DbMigrate - Migrating schema "public" to version "14 - create import export template table"
2026-09-29 22:19:07.934 INFO  [main] o.f.core.internal.command.DbMigrate - Migrating schema "public" to version "15 - create auth device session"
2026-09-29 22:19:07.952 INFO  [main] o.f.core.internal.command.DbMigrate - Migrating schema "public" to version "16 - seed iam management permissions"
2026-09-29 22:19:07.974 INFO  [main] o.f.core.internal.command.DbMigrate - Migrating schema "public" to version "17 - seed organization management permissions"
2026-09-29 22:19:07.983 INFO  [main] o.f.core.internal.command.DbMigrate - Migrating schema "public" to version "18 - seed user directory permissions"
2026-09-29 22:19:08.000 INFO  [main] o.f.core.internal.command.DbMigrate - Migrating schema "public" to version "19 - create student relationship foundation"
2026-09-29 22:19:08.028 INFO  [main] o.f.core.internal.command.DbMigrate - Migrating schema "public" to version "20 - create parent binding invitation"
2026-09-29 22:19:08.049 INFO  [main] o.f.core.internal.command.DbMigrate - Migrating schema "public" to version "21 - create student code login"
2026-09-29 22:19:08.080 INFO  [main] o.f.core.internal.command.DbMigrate - Migrating schema "public" to version "22 - create learning task foundation"
2026-09-29 22:19:08.116 INFO  [main] o.f.core.internal.command.DbMigrate - Migrating schema "public" to version "23 - create task execution foundation"
2026-09-29 22:19:08.167 INFO  [main] o.f.core.internal.command.DbMigrate - Migrating schema "public" to version "24 - create growth point account and ledger"
2026-09-29 22:19:08.197 INFO  [main] o.f.core.internal.command.DbMigrate - Migrating schema "public" to version "25 - seed growth point query access"
2026-09-29 22:19:08.203 INFO  [main] o.f.core.internal.command.DbMigrate - Migrating schema "public" to version "26 - add growth point correction"
2026-09-29 22:19:08.219 INFO  [main] o.f.core.internal.command.DbMigrate - Migrating schema "public" to version "27 - add reward exchange"
2026-09-29 22:19:08.268 INFO  [main] o.f.core.internal.command.DbMigrate - Migrating schema "public" to version "28 - add growth review"
2026-09-29 22:19:08.313 INFO  [main] o.f.core.internal.command.DbMigrate - Migrating schema "public" to version "29 - add point lifecycle"
2026-09-29 22:19:08.443 INFO  [main] o.f.core.internal.command.DbMigrate - Migrating schema "public" to version "30 - add recurring task"
2026-09-29 22:19:08.474 INFO  [main] o.f.core.internal.command.DbMigrate - Migrating schema "public" to version "31 - add task checkin attachment"
2026-09-29 22:19:08.516 INFO  [main] o.f.core.internal.command.DbMigrate - Migrating schema "public" to version "32 - add task overdue defer"
2026-09-29 22:19:08.669 INFO  [main] o.f.core.internal.command.DbMigrate - Migrating schema "public" to version "33 - add previous day task copy"
2026-09-29 22:19:08.702 INFO  [main] o.f.core.internal.command.DbMigrate - Migrating schema "public" to version "34 - add learning task template"
2026-09-29 22:19:08.732 INFO  [main] o.f.core.internal.command.DbMigrate - Migrating schema "public" to version "35 - add student qr login"
2026-09-29 22:19:08.753 INFO  [main] o.f.core.internal.command.DbMigrate - Migrating schema "public" to version "36 - add parent phone auth"
2026-09-29 22:19:08.767 INFO  [main] o.f.core.internal.command.DbMigrate - Migrating schema "public" to version "37 - add parent wechat auth"
2026-09-29 22:19:08.795 INFO  [main] o.f.core.internal.command.DbMigrate - Migrating schema "public" to version "38 - add parent relationship lifecycle"
2026-09-29 22:19:08.834 INFO  [main] o.f.core.internal.command.DbMigrate - Migrating schema "public" to version "39 - add account security event"
2026-09-29 22:19:08.859 INFO  [main] o.f.core.internal.command.DbMigrate - Migrating schema "public" to version "40 - add organization miniapp auth"
2026-09-29 22:19:08.869 INFO  [main] o.f.core.internal.command.DbMigrate - Migrating schema "public" to version "41 - add student organization lifecycle"
2026-09-29 22:19:08.892 INFO  [main] o.f.core.internal.command.DbMigrate - Migrating schema "public" to version "42 - add parent account lifecycle"
2026-09-29 22:19:08.910 INFO  [main] o.f.core.internal.command.DbMigrate - Migrating schema "public" to version "43 - finalize parent account cancellation"
2026-09-29 22:19:08.947 INFO  [main] o.f.core.internal.command.DbMigrate - Migrating schema "public" to version "44 - add parent mobile manual recovery"
2026-09-29 22:19:08.963 INFO  [main] o.f.core.internal.command.DbMigrate - Migrating schema "public" to version "45 - add student account cancellation"
2026-09-29 22:19:08.976 INFO  [main] o.f.core.internal.command.DbMigrate - Migrating schema "public" to version "46 - add student wechat auth"
2026-09-29 22:19:08.992 INFO  [main] o.f.core.internal.command.DbMigrate - Migrating schema "public" to version "47 - add organization node lifecycle"
2026-09-29 22:19:09.019 INFO  [main] o.f.core.internal.command.DbMigrate - Migrating schema "public" to version "48 - add class management"
2026-09-29 22:19:09.030 INFO  [main] o.f.core.internal.command.DbMigrate - Migrating schema "public" to version "49 - add permission grant boundary"
2026-09-29 22:19:09.046 INFO  [main] o.f.core.internal.command.DbMigrate - Migrating schema "public" to version "50 - add iam change audit"
2026-09-29 22:19:09.052 INFO  [main] o.f.core.internal.command.DbMigrate - Migrating schema "public" to version "51 - add dictionary management"
2026-09-29 22:19:09.065 INFO  [main] o.f.core.internal.command.DbMigrate - Migrating schema "public" to version "52 - add cache management"
2026-09-29 22:19:09.073 INFO  [main] o.f.core.internal.command.DbMigrate - Migrating schema "public" to version "53 - add interface service management"
2026-09-29 22:19:09.081 INFO  [main] o.f.core.internal.command.DbMigrate - Migrating schema "public" to version "54 - add attachment management"
2026-09-29 22:19:09.093 INFO  [main] o.f.core.internal.command.DbMigrate - Migrating schema "public" to version "55 - add import export template management"
2026-09-29 22:19:09.103 INFO  [main] o.f.core.internal.command.DbMigrate - Migrating schema "public" to version "56 - add import validation job"
2026-09-29 22:19:09.127 INFO  [main] o.f.core.internal.command.DbMigrate - Migrating schema "public" to version "57 - add async export job"
2026-09-29 22:19:09.149 INFO  [main] o.f.core.internal.command.DbMigrate - Migrating schema "public" to version "58 - add student batch import"
2026-09-29 22:19:09.170 INFO  [main] o.f.core.internal.command.DbMigrate - Migrating schema "public" to version "59 - add teacher management"
2026-09-29 22:19:09.182 INFO  [main] o.f.core.internal.command.DbMigrate - Migrating schema "public" to version "60 - complete organization teacher tasks"
2026-09-29 22:19:09.199 INFO  [main] o.f.core.internal.command.DbMigrate - Migrating schema "public" to version "61 - add student exception report"
2026-09-29 22:19:09.230 INFO  [main] o.f.core.internal.command.DbMigrate - Migrating schema "public" to version "62 - add manual attendance"
2026-09-29 22:19:09.246 INFO  [main] o.f.core.internal.command.DbMigrate - Migrating schema "public" to version "63 - add export job payload"
2026-09-29 22:19:09.270 INFO  [main] o.f.core.internal.command.DbMigrate - Migrating schema "public" to version "64 - add growth review pdf feature"
2026-09-29 22:19:09.281 INFO  [main] o.f.core.internal.command.DbMigrate - Migrating schema "public" to version "65 - add growth review pdf job type"
2026-09-29 22:19:09.313 INFO  [main] o.f.core.internal.command.DbMigrate - Migrating schema "public" to version "66 - add growth review subscription"
2026-09-29 22:19:09.329 INFO  [main] o.f.core.internal.command.DbMigrate - Migrating schema "public" to version "67 - add growth review delivery queue"
2026-09-29 22:19:09.344 INFO  [main] o.f.core.internal.command.DbMigrate - Migrating schema "public" to version "68 - add anonymous rank preference"
2026-09-29 22:19:09.352 INFO  [main] o.f.core.internal.command.DbMigrate - Migrating schema "public" to version "69 - add miniapp anonymous rank permission"
2026-09-29 22:19:09.364 INFO  [main] o.f.core.internal.command.DbMigrate - Migrating schema "public" to version "70 - add miniapp parent weekly review permission"
2026-09-29 22:19:09.369 INFO  [main] o.f.core.internal.command.DbMigrate - Migrating schema "public" to version "71 - add miniapp parent reward permissions"
2026-09-29 22:19:09.381 INFO  [main] o.f.core.internal.command.DbMigrate - Migrating schema "public" to version "72 - add web system task read permission"
2026-09-29 22:19:09.392 INFO  [main] o.f.core.internal.command.DbMigrate - Migrating schema "public" to version "73 - add feature toggle management"
2026-09-29 22:19:09.417 INFO  [main] o.f.core.internal.command.DbMigrate - Migrating schema "public" to version "74 - add interface change execution audit"
2026-09-29 22:19:09.435 INFO  [main] o.f.core.internal.command.DbMigrate - Migrating schema "public" to version "75 - add interface change before snapshot"
2026-09-29 22:19:09.467 INFO  [main] o.f.core.internal.command.DbMigrate - Migrating schema "public" to version "76 - add dictionary ledger export"
2026-09-29 22:19:09.478 INFO  [main] o.f.core.internal.command.DbMigrate - Migrating schema "public" to version "77 - add template ledger export"
2026-09-29 22:19:09.485 INFO  [main] o.f.core.internal.command.DbMigrate - Migrating schema "public" to version "78 - add interface service ledger export"
2026-09-29 22:19:09.496 INFO  [main] o.f.core.internal.command.DbMigrate - Migrating schema "public" to version "79 - add cache operation log export"
2026-09-29 22:19:09.502 INFO  [main] o.f.core.internal.command.DbMigrate - Migrating schema "public" to version "80 - add system task ledger export"
2026-09-29 22:19:09.512 INFO  [main] o.f.core.internal.command.DbMigrate - Migrating schema "public" to version "81 - add reward exchange ledger export"
2026-09-29 22:19:09.519 INFO  [main] o.f.core.internal.command.DbMigrate - Migrating schema "public" to version "82 - add exception report ledger export"
2026-09-29 22:19:09.534 INFO  [main] o.f.core.internal.command.DbMigrate - Migrating schema "public" to version "83 - add attachment ledger export"
2026-09-29 22:19:09.543 INFO  [main] o.f.core.internal.command.DbMigrate - Migrating schema "public" to version "84 - add student task report export"
2026-09-29 22:19:09.550 INFO  [main] o.f.core.internal.command.DbMigrate - Migrating schema "public" to version "85 - add organization task statistics export"
2026-09-29 22:19:09.560 INFO  [main] o.f.core.internal.command.DbMigrate - Migrating schema "public" to version "86 - add attendance ledger export"
2026-09-29 22:19:09.577 INFO  [main] o.f.core.internal.command.DbMigrate - Successfully applied 86 migrations to schema "public", now at version v86 (execution time 00:01.206s)
2026-09-29 22:19:15.851 INFO  [main] c.l.l.a.a.AttachmentFileApplicationServiceTest - Started AttachmentFileApplicationServiceTest in 14.638 seconds (process running for 22.937)
2026-09-29 22:19:15.858 WARN  [main] o.s.c.events.SpringDocAppInitializer - SpringDoc /api/v1/openapi endpoint is enabled by default. To disable it in production, set the property 'springdoc.api-docs.enabled=false'
2026-09-29 22:19:18.543 WARN  [main] c.l.l.a.a.AttachmentRetentionCleanupService - 已退役附件残留内容清理失败，文件标识=1874244142494647001，异常类型=IllegalStateException
2026-09-29 22:19:18.608 INFO  [main] o.s.t.c.s.AnnotationConfigContextLoaderUtils - Could not detect default configuration classes for test class [com.lingdong.learning.attachment.application.AttachmentRuleApplicationServiceTest]: AttachmentRuleApplicationServiceTest does not declare any static, non-private, non-final, nested classes annotated with @Configuration.
2026-09-29 22:19:18.614 INFO  [main] o.s.b.t.c.SpringBootTestContextBootstrapper - Found @SpringBootConfiguration com.lingdong.learning.LingdongLearningApplication for test class com.lingdong.learning.attachment.application.AttachmentRuleApplicationServiceTest
2026-09-29 22:19:19.601 INFO  [main] o.s.t.c.s.AnnotationConfigContextLoaderUtils - Could not detect default configuration classes for test class [com.lingdong.learning.attachment.web.AttachmentManagementControllerTest]: AttachmentManagementControllerTest does not declare any static, non-private, non-final, nested classes annotated with @Configuration.
2026-09-29 22:19:19.799 INFO  [main] o.s.b.t.c.SpringBootTestContextBootstrapper - Found @SpringBootConfiguration com.lingdong.learning.LingdongLearningApplication for test class com.lingdong.learning.attachment.web.AttachmentManagementControllerTest
2026-09-29 22:19:19.935 INFO  [main] c.l.l.a.w.AttachmentManagementControllerTest - Starting AttachmentManagementControllerTest using Java 17.0.20 with PID 264136 (started by Administrator in E:\apps\lingdong-xuexi-code\lingdong-xuexi-server)
2026-09-29 22:19:19.935 INFO  [main] c.l.l.a.w.AttachmentManagementControllerTest - The following 1 profile is active: "test"
2026-09-29 22:19:21.682 INFO  [main] o.s.d.r.c.RepositoryConfigurationDelegate - Multiple Spring Data modules found, entering strict repository configuration mode
2026-09-29 22:19:21.683 INFO  [main] o.s.d.r.c.RepositoryConfigurationDelegate - Bootstrapping Spring Data Redis repositories in DEFAULT mode.
2026-09-29 22:19:21.865 INFO  [main] o.s.d.r.c.RepositoryConfigurationDelegate - Finished Spring Data repository scanning in 173 ms. Found 0 Redis repository interfaces.
2026-09-29 22:19:22.519 INFO  [main] com.zaxxer.hikari.HikariDataSource - HikariPool-2 - Starting...
2026-09-29 22:19:22.521 INFO  [main] com.zaxxer.hikari.pool.HikariPool - HikariPool-2 - Added connection conn10: url=jdbc:h2:mem:lingdong_learning user=SA
2026-09-29 22:19:22.523 INFO  [main] com.zaxxer.hikari.HikariDataSource - HikariPool-2 - Start completed.
2026-09-29 22:19:22.532 INFO  [main] org.flywaydb.core.FlywayExecutor - Database: jdbc:h2:mem:lingdong_learning (H2 2.3)
2026-09-29 22:19:22.533 WARN  [main] o.f.c.i.database.base.Database - Flyway upgrade recommended: H2 2.3.232 is newer than this version of Flyway and support has not been tested. The latest supported version of H2 is 2.2.224.
2026-09-29 22:19:22.612 INFO  [main] o.f.core.internal.command.DbValidate - Successfully validated 86 migrations (execution time 00:00.067s)
2026-09-29 22:19:22.623 INFO  [main] o.f.core.internal.command.DbMigrate - Current version of schema "public": 86
2026-09-29 22:19:22.625 INFO  [main] o.f.core.internal.command.DbMigrate - Schema "public" is up to date. No migration necessary.
2026-09-29 22:19:27.468 INFO  [main] o.s.b.t.m.w.SpringBootMockServletContext - Initializing Spring TestDispatcherServlet ''
2026-09-29 22:19:27.468 INFO  [main] o.s.t.w.s.TestDispatcherServlet - Initializing Servlet ''
2026-09-29 22:19:27.479 INFO  [main] o.s.t.w.s.TestDispatcherServlet - Completed initialization in 11 ms
2026-09-29 22:19:27.549 INFO  [main] c.l.l.a.w.AttachmentManagementControllerTest - Started AttachmentManagementControllerTest in 7.74 seconds (process running for 34.636)
2026-09-29 22:19:27.552 WARN  [main] o.s.c.events.SpringDocAppInitializer - SpringDoc /api/v1/openapi endpoint is enabled by default. To disable it in production, set the property 'springdoc.api-docs.enabled=false'
2026-09-29 22:19:34.095 INFO  [main] o.s.api.AbstractOpenApiResource - Init duration for springdoc-openapi is: 5775 ms
2026-09-29 22:19:35.828 INFO  [main] o.s.t.c.s.AnnotationConfigContextLoaderUtils - Could not detect default configuration classes for test class [com.lingdong.learning.attendance.application.AttendancePersistenceTest]: AttendancePersistenceTest does not declare any static, non-private, non-final, nested classes annotated with @Configuration.
2026-09-29 22:19:35.943 INFO  [main] o.s.b.t.c.SpringBootTestContextBootstrapper - Found @SpringBootConfiguration com.lingdong.learning.LingdongLearningApplication for test class com.lingdong.learning.attendance.application.AttendancePersistenceTest
2026-09-29 22:19:36.592 INFO  [main] o.s.t.c.s.AnnotationConfigContextLoaderUtils - Could not detect default configuration classes for test class [com.lingdong.learning.audit.application.SystemTaskApplicationServiceTest]: SystemTaskApplicationServiceTest does not declare any static, non-private, non-final, nested classes annotated with @Configuration.
2026-09-29 22:19:36.760 INFO  [main] o.s.b.t.c.SpringBootTestContextBootstrapper - Found @SpringBootConfiguration com.lingdong.learning.LingdongLearningApplication for test class com.lingdong.learning.audit.application.SystemTaskApplicationServiceTest
2026-09-29 22:19:37.566 INFO  [main] o.s.t.c.s.AnnotationConfigContextLoaderUtils - Could not detect default configuration classes for test class [com.lingdong.learning.audit.web.SystemTaskQueryControllerTest]: SystemTaskQueryControllerTest does not declare any static, non-private, non-final, nested classes annotated with @Configuration.
2026-09-29 22:19:37.654 INFO  [main] o.s.b.t.c.SpringBootTestContextBootstrapper - Found @SpringBootConfiguration com.lingdong.learning.LingdongLearningApplication for test class com.lingdong.learning.audit.web.SystemTaskQueryControllerTest
2026-09-29 22:19:37.711 INFO  [main] c.l.l.a.w.SystemTaskQueryControllerTest - Starting SystemTaskQueryControllerTest using Java 17.0.20 with PID 264136 (started by Administrator in E:\apps\lingdong-xuexi-code\lingdong-xuexi-server)
2026-09-29 22:19:37.711 INFO  [main] c.l.l.a.w.SystemTaskQueryControllerTest - The following 1 profile is active: "test"
2026-09-29 22:19:39.025 INFO  [main] o.s.d.r.c.RepositoryConfigurationDelegate - Multiple Spring Data modules found, entering strict repository configuration mode
2026-09-29 22:19:39.025 INFO  [main] o.s.d.r.c.RepositoryConfigurationDelegate - Bootstrapping Spring Data Redis repositories in DEFAULT mode.
2026-09-29 22:19:39.133 INFO  [main] o.s.d.r.c.RepositoryConfigurationDelegate - Finished Spring Data repository scanning in 106 ms. Found 0 Redis repository interfaces.
2026-09-29 22:19:39.403 INFO  [main] com.zaxxer.hikari.HikariDataSource - HikariPool-3 - Starting...
2026-09-29 22:19:39.409 INFO  [main] com.zaxxer.hikari.pool.HikariPool - HikariPool-3 - Added connection conn20: url=jdbc:h2:mem:system_task_query_0fc7629df9d34cb199487ce3ccb92a6e user=SA
2026-09-29 22:19:39.409 INFO  [main] com.zaxxer.hikari.HikariDataSource - HikariPool-3 - Start completed.
2026-09-29 22:19:39.412 INFO  [main] org.flywaydb.core.FlywayExecutor - Database: jdbc:h2:mem:system_task_query_0fc7629df9d34cb199487ce3ccb92a6e (H2 2.3)
2026-09-29 22:19:39.413 WARN  [main] o.f.c.i.database.base.Database - Flyway upgrade recommended: H2 2.3.232 is newer than this version of Flyway and support has not been tested. The latest supported version of H2 is 2.2.224.
2026-09-29 22:19:39.442 INFO  [main] o.f.c.i.s.JdbcTableSchemaHistory - Schema history table "public"."flyway_schema_history" does not exist yet
2026-09-29 22:19:39.444 INFO  [main] o.f.core.internal.command.DbValidate - Successfully validated 86 migrations (execution time 00:00.028s)
2026-09-29 22:19:39.445 INFO  [main] o.f.c.i.s.JdbcTableSchemaHistory - Creating Schema History table "public"."flyway_schema_history" ...
2026-09-29 22:19:39.452 INFO  [main] o.f.core.internal.command.DbMigrate - Current version of schema "public": << Empty Schema >>
2026-09-29 22:19:39.459 INFO  [main] o.f.core.internal.command.DbMigrate - Migrating schema "public" to version "1 - create system config"
2026-09-29 22:19:39.475 INFO  [main] o.f.core.internal.command.DbMigrate - Migrating schema "public" to version "2 - create iam rbac tables"
2026-09-29 22:19:39.494 INFO  [main] o.f.core.internal.command.DbMigrate - Migrating schema "public" to version "3 - create organization types"
2026-09-29 22:19:39.503 INFO  [main] o.f.core.internal.command.DbMigrate - Migrating schema "public" to version "4 - create user organization relations"
2026-09-29 22:19:39.514 INFO  [main] o.f.core.internal.command.DbMigrate - Migrating schema "public" to version "5 - create system task audit"
2026-09-29 22:19:39.525 INFO  [main] o.f.core.internal.command.DbMigrate - Migrating schema "public" to version "6 - create feature toggles"
2026-09-29 22:19:39.532 INFO  [main] o.f.core.internal.command.DbMigrate - Migrating schema "public" to version "7 - create feature toggle changes"
2026-09-29 22:19:39.547 INFO  [main] o.f.core.internal.command.DbMigrate - Migrating schema "public" to version "8 - create user permissions"
2026-09-29 22:19:39.552 INFO  [main] o.f.core.internal.command.DbMigrate - Migrating schema "public" to version "9 - create role data scopes"
2026-09-29 22:19:39.562 INFO  [main] o.f.core.internal.command.DbMigrate - Migrating schema "public" to version "10 - create dictionary tables"
2026-09-29 22:19:39.568 INFO  [main] o.f.core.internal.command.DbMigrate - Migrating schema "public" to version "11 - create cache operation log"
2026-09-29 22:19:39.579 INFO  [main] o.f.core.internal.command.DbMigrate - Migrating schema "public" to version "12 - create interface service tables"
2026-09-29 22:19:39.586 INFO  [main] o.f.core.internal.command.DbMigrate - Migrating schema "public" to version "13 - create attachment core tables"
2026-09-29 22:19:39.600 INFO  [main] o.f.core.internal.command.DbMigrate - Migrating schema "public" to version "14 - create import export template table"
2026-09-29 22:19:39.608 INFO  [main] o.f.core.internal.command.DbMigrate - Migrating schema "public" to version "15 - create auth device session"
2026-09-29 22:19:39.616 INFO  [main] o.f.core.internal.command.DbMigrate - Migrating schema "public" to version "16 - seed iam management permissions"
2026-09-29 22:19:39.625 INFO  [main] o.f.core.internal.command.DbMigrate - Migrating schema "public" to version "17 - seed organization management permissions"
2026-09-29 22:19:39.629 INFO  [main] o.f.core.internal.command.DbMigrate - Migrating schema "public" to version "18 - seed user directory permissions"
2026-09-29 22:19:39.634 INFO  [main] o.f.core.internal.command.DbMigrate - Migrating schema "public" to version "19 - create student relationship foundation"
2026-09-29 22:19:39.647 INFO  [main] o.f.core.internal.command.DbMigrate - Migrating schema "public" to version "20 - create parent binding invitation"
2026-09-29 22:19:39.660 INFO  [main] o.f.core.internal.command.DbMigrate - Migrating schema "public" to version "21 - create student code login"
2026-09-29 22:19:39.672 INFO  [main] o.f.core.internal.command.DbMigrate - Migrating schema "public" to version "22 - create learning task foundation"
2026-09-29 22:19:39.700 INFO  [main] o.f.core.internal.command.DbMigrate - Migrating schema "public" to version "23 - create task execution foundation"
2026-09-29 22:19:39.744 INFO  [main] o.f.core.internal.command.DbMigrate - Migrating schema "public" to version "24 - create growth point account and ledger"
2026-09-29 22:19:39.758 INFO  [main] o.f.core.internal.command.DbMigrate - Migrating schema "public" to version "25 - seed growth point query access"
2026-09-29 22:19:39.764 INFO  [main] o.f.core.internal.command.DbMigrate - Migrating schema "public" to version "26 - add growth point correction"
2026-09-29 22:19:39.773 INFO  [main] o.f.core.internal.command.DbMigrate - Migrating schema "public" to version "27 - add reward exchange"
2026-09-29 22:19:39.794 INFO  [main] o.f.core.internal.command.DbMigrate - Migrating schema "public" to version "28 - add growth review"
2026-09-29 22:19:39.811 INFO  [main] o.f.core.internal.command.DbMigrate - Migrating schema "public" to version "29 - add point lifecycle"
2026-09-29 22:19:39.867 INFO  [main] o.f.core.internal.command.DbMigrate - Migrating schema "public" to version "30 - add recurring task"
2026-09-29 22:19:39.882 INFO  [main] o.f.core.internal.command.DbMigrate - Migrating schema "public" to version "31 - add task checkin attachment"
2026-09-29 22:19:39.897 INFO  [main] o.f.core.internal.command.DbMigrate - Migrating schema "public" to version "32 - add task overdue defer"
2026-09-29 22:19:39.944 INFO  [main] o.f.core.internal.command.DbMigrate - Migrating schema "public" to version "33 - add previous day task copy"
2026-09-29 22:19:39.957 INFO  [main] o.f.core.internal.command.DbMigrate - Migrating schema "public" to version "34 - add learning task template"
2026-09-29 22:19:39.966 INFO  [main] o.f.core.internal.command.DbMigrate - Migrating schema "public" to version "35 - add student qr login"
2026-09-29 22:19:39.975 INFO  [main] o.f.core.internal.command.DbMigrate - Migrating schema "public" to version "36 - add parent phone auth"
2026-09-29 22:19:39.981 INFO  [main] o.f.core.internal.command.DbMigrate - Migrating schema "public" to version "37 - add parent wechat auth"
2026-09-29 22:19:39.991 INFO  [main] o.f.core.internal.command.DbMigrate - Migrating schema "public" to version "38 - add parent relationship lifecycle"
2026-09-29 22:19:40.001 INFO  [main] o.f.core.internal.command.DbMigrate - Migrating schema "public" to version "39 - add account security event"
2026-09-29 22:19:40.011 INFO  [main] o.f.core.internal.command.DbMigrate - Migrating schema "public" to version "40 - add organization miniapp auth"
2026-09-29 22:19:40.015 INFO  [main] o.f.core.internal.command.DbMigrate - Migrating schema "public" to version "41 - add student organization lifecycle"
2026-09-29 22:19:40.028 INFO  [main] o.f.core.internal.command.DbMigrate - Migrating schema "public" to version "42 - add parent account lifecycle"
2026-09-29 22:19:40.034 INFO  [main] o.f.core.internal.command.DbMigrate - Migrating schema "public" to version "43 - finalize parent account cancellation"
2026-09-29 22:19:40.050 INFO  [main] o.f.core.internal.command.DbMigrate - Migrating schema "public" to version "44 - add parent mobile manual recovery"
2026-09-29 22:19:40.063 INFO  [main] o.f.core.internal.command.DbMigrate - Migrating schema "public" to version "45 - add student account cancellation"
2026-09-29 22:19:40.069 INFO  [main] o.f.core.internal.command.DbMigrate - Migrating schema "public" to version "46 - add student wechat auth"
2026-09-29 22:19:40.080 INFO  [main] o.f.core.internal.command.DbMigrate - Migrating schema "public" to version "47 - add organization node lifecycle"
2026-09-29 22:19:40.098 INFO  [main] o.f.core.internal.command.DbMigrate - Migrating schema "public" to version "48 - add class management"
2026-09-29 22:19:40.103 INFO  [main] o.f.core.internal.command.DbMigrate - Migrating schema "public" to version "49 - add permission grant boundary"
2026-09-29 22:19:40.115 INFO  [main] o.f.core.internal.command.DbMigrate - Migrating schema "public" to version "50 - add iam change audit"
2026-09-29 22:19:40.119 INFO  [main] o.f.core.internal.command.DbMigrate - Migrating schema "public" to version "51 - add dictionary management"
2026-09-29 22:19:40.129 INFO  [main] o.f.core.internal.command.DbMigrate - Migrating schema "public" to version "52 - add cache management"
2026-09-29 22:19:40.134 INFO  [main] o.f.core.internal.command.DbMigrate - Migrating schema "public" to version "53 - add interface service management"
2026-09-29 22:19:40.143 INFO  [main] o.f.core.internal.command.DbMigrate - Migrating schema "public" to version "54 - add attachment management"
2026-09-29 22:19:40.149 INFO  [main] o.f.core.internal.command.DbMigrate - Migrating schema "public" to version "55 - add import export template management"
2026-09-29 22:19:40.160 INFO  [main] o.f.core.internal.command.DbMigrate - Migrating schema "public" to version "56 - add import validation job"
2026-09-29 22:19:40.169 INFO  [main] o.f.core.internal.command.DbMigrate - Migrating schema "public" to version "57 - add async export job"
2026-09-29 22:19:40.184 INFO  [main] o.f.core.internal.command.DbMigrate - Migrating schema "public" to version "58 - add student batch import"
2026-09-29 22:19:40.199 INFO  [main] o.f.core.internal.command.DbMigrate - Migrating schema "public" to version "59 - add teacher management"
2026-09-29 22:19:40.209 INFO  [main] o.f.core.internal.command.DbMigrate - Migrating schema "public" to version "60 - complete organization teacher tasks"
2026-09-29 22:19:40.215 INFO  [main] o.f.core.internal.command.DbMigrate - Migrating schema "public" to version "61 - add student exception report"
2026-09-29 22:19:40.226 INFO  [main] o.f.core.internal.command.DbMigrate - Migrating schema "public" to version "62 - add manual attendance"
2026-09-29 22:19:40.233 INFO  [main] o.f.core.internal.command.DbMigrate - Migrating schema "public" to version "63 - add export job payload"
2026-09-29 22:19:40.237 INFO  [main] o.f.core.internal.command.DbMigrate - Migrating schema "public" to version "64 - add growth review pdf feature"
2026-09-29 22:19:40.243 INFO  [main] o.f.core.internal.command.DbMigrate - Migrating schema "public" to version "65 - add growth review pdf job type"
2026-09-29 22:19:40.248 INFO  [main] o.f.core.internal.command.DbMigrate - Migrating schema "public" to version "66 - add growth review subscription"
2026-09-29 22:19:40.252 INFO  [main] o.f.core.internal.command.DbMigrate - Migrating schema "public" to version "67 - add growth review delivery queue"
2026-09-29 22:19:40.261 INFO  [main] o.f.core.internal.command.DbMigrate - Migrating schema "public" to version "68 - add anonymous rank preference"
2026-09-29 22:19:40.266 INFO  [main] o.f.core.internal.command.DbMigrate - Migrating schema "public" to version "69 - add miniapp anonymous rank permission"
2026-09-29 22:19:40.269 INFO  [main] o.f.core.internal.command.DbMigrate - Migrating schema "public" to version "70 - add miniapp parent weekly review permission"
2026-09-29 22:19:40.274 INFO  [main] o.f.core.internal.command.DbMigrate - Migrating schema "public" to version "71 - add miniapp parent reward permissions"
2026-09-29 22:19:40.279 INFO  [main] o.f.core.internal.command.DbMigrate - Migrating schema "public" to version "72 - add web system task read permission"
2026-09-29 22:19:40.283 INFO  [main] o.f.core.internal.command.DbMigrate - Migrating schema "public" to version "73 - add feature toggle management"
2026-09-29 22:19:40.293 INFO  [main] o.f.core.internal.command.DbMigrate - Migrating schema "public" to version "74 - add interface change execution audit"
2026-09-29 22:19:40.300 INFO  [main] o.f.core.internal.command.DbMigrate - Migrating schema "public" to version "75 - add interface change before snapshot"
2026-09-29 22:19:40.311 INFO  [main] o.f.core.internal.command.DbMigrate - Migrating schema "public" to version "76 - add dictionary ledger export"
2026-09-29 22:19:40.315 INFO  [main] o.f.core.internal.command.DbMigrate - Migrating schema "public" to version "77 - add template ledger export"
2026-09-29 22:19:40.319 INFO  [main] o.f.core.internal.command.DbMigrate - Migrating schema "public" to version "78 - add interface service ledger export"
2026-09-29 22:19:40.327 INFO  [main] o.f.core.internal.command.DbMigrate - Migrating schema "public" to version "79 - add cache operation log export"
2026-09-29 22:19:40.331 INFO  [main] o.f.core.internal.command.DbMigrate - Migrating schema "public" to version "80 - add system task ledger export"
2026-09-29 22:19:40.335 INFO  [main] o.f.core.internal.command.DbMigrate - Migrating schema "public" to version "81 - add reward exchange ledger export"
2026-09-29 22:19:40.342 INFO  [main] o.f.core.internal.command.DbMigrate - Migrating schema "public" to version "82 - add exception report ledger export"
2026-09-29 22:19:40.347 INFO  [main] o.f.core.internal.command.DbMigrate - Migrating schema "public" to version "83 - add attachment ledger export"
2026-09-29 22:19:40.352 INFO  [main] o.f.core.internal.command.DbMigrate - Migrating schema "public" to version "84 - add student task report export"
2026-09-29 22:19:40.360 INFO  [main] o.f.core.internal.command.DbMigrate - Migrating schema "public" to version "85 - add organization task statistics export"
2026-09-29 22:19:40.365 INFO  [main] o.f.core.internal.command.DbMigrate - Migrating schema "public" to version "86 - add attendance ledger export"
2026-09-29 22:19:40.368 INFO  [main] o.f.core.internal.command.DbMigrate - Successfully applied 86 migrations to schema "public", now at version v86 (execution time 00:00.453s)
2026-09-29 22:19:42.944 INFO  [main] o.s.b.t.m.w.SpringBootMockServletContext - Initializing Spring TestDispatcherServlet ''
2026-09-29 22:19:42.944 INFO  [main] o.s.t.w.s.TestDispatcherServlet - Initializing Servlet ''
2026-09-29 22:19:42.947 INFO  [main] o.s.t.w.s.TestDispatcherServlet - Completed initialization in 3 ms
2026-09-29 22:19:42.985 INFO  [main] c.l.l.a.w.SystemTaskQueryControllerTest - Started SystemTaskQueryControllerTest in 5.32 seconds (process running for 50.072)
2026-09-29 22:19:42.986 WARN  [main] o.s.c.events.SpringDocAppInitializer - SpringDoc /api/v1/openapi endpoint is enabled by default. To disable it in production, set the property 'springdoc.api-docs.enabled=false'
2026-09-29 22:19:45.097 INFO  [main] o.s.t.c.s.AnnotationConfigContextLoaderUtils - Could not detect default configuration classes for test class [com.lingdong.learning.auth.application.AccountSecurityEventPersistenceTest]: AccountSecurityEventPersistenceTest does not declare any static, non-private, non-final, nested classes annotated with @Configuration.
2026-09-29 22:19:45.193 INFO  [main] o.s.b.t.c.SpringBootTestContextBootstrapper - Found @SpringBootConfiguration com.lingdong.learning.LingdongLearningApplication for test class com.lingdong.learning.auth.application.AccountSecurityEventPersistenceTest
2026-09-29 22:19:45.253 INFO  [main] o.s.t.c.s.AnnotationConfigContextLoaderUtils - Could not detect default configuration classes for test class [com.lingdong.learning.auth.application.AuthenticationApplicationServiceTest]: AuthenticationApplicationServiceTest does not declare any static, non-private, non-final, nested classes annotated with @Configuration.
2026-09-29 22:19:45.259 INFO  [main] o.s.b.t.c.SpringBootTestContextBootstrapper - Found @SpringBootConfiguration com.lingdong.learning.LingdongLearningApplication for test class com.lingdong.learning.auth.application.AuthenticationApplicationServiceTest
2026-09-29 22:19:47.773 INFO  [main] o.s.t.c.s.AnnotationConfigContextLoaderUtils - Could not detect default configuration classes for test class [com.lingdong.learning.auth.application.OrganizationMiniappAuthenticationTest]: OrganizationMiniappAuthenticationTest does not declare any static, non-private, non-final, nested classes annotated with @Configuration.
2026-09-29 22:19:47.777 INFO  [main] o.s.b.t.c.SpringBootTestContextBootstrapper - Found @SpringBootConfiguration com.lingdong.learning.LingdongLearningApplication for test class com.lingdong.learning.auth.application.OrganizationMiniappAuthenticationTest
2026-09-29 22:19:47.814 INFO  [main] c.l.l.a.a.OrganizationMiniappAuthenticationTest - Starting OrganizationMiniappAuthenticationTest using Java 17.0.20 with PID 264136 (started by Administrator in E:\apps\lingdong-xuexi-code\lingdong-xuexi-server)
2026-09-29 22:19:47.814 INFO  [main] c.l.l.a.a.OrganizationMiniappAuthenticationTest - The following 1 profile is active: "test"
2026-09-29 22:19:48.519 INFO  [main] o.s.d.r.c.RepositoryConfigurationDelegate - Multiple Spring Data modules found, entering strict repository configuration mode
2026-09-29 22:19:48.519 INFO  [main] o.s.d.r.c.RepositoryConfigurationDelegate - Bootstrapping Spring Data Redis repositories in DEFAULT mode.
2026-09-29 22:19:48.603 INFO  [main] o.s.d.r.c.RepositoryConfigurationDelegate - Finished Spring Data repository scanning in 79 ms. Found 0 Redis repository interfaces.
2026-09-29 22:19:48.836 INFO  [main] com.zaxxer.hikari.HikariDataSource - HikariPool-4 - Starting...
2026-09-29 22:19:48.837 INFO  [main] com.zaxxer.hikari.pool.HikariPool - HikariPool-4 - Added connection conn30: url=jdbc:h2:mem:lingdong_learning user=SA
2026-09-29 22:19:48.837 INFO  [main] com.zaxxer.hikari.HikariDataSource - HikariPool-4 - Start completed.
2026-09-29 22:19:48.842 INFO  [main] org.flywaydb.core.FlywayExecutor - Database: jdbc:h2:mem:lingdong_learning (H2 2.3)
2026-09-29 22:19:48.843 WARN  [main] o.f.c.i.database.base.Database - Flyway upgrade recommended: H2 2.3.232 is newer than this version of Flyway and support has not been tested. The latest supported version of H2 is 2.2.224.
2026-09-29 22:19:48.869 INFO  [main] o.f.core.internal.command.DbValidate - Successfully validated 86 migrations (execution time 00:00.024s)
2026-09-29 22:19:48.873 INFO  [main] o.f.core.internal.command.DbMigrate - Current version of schema "public": 86
2026-09-29 22:19:48.875 INFO  [main] o.f.core.internal.command.DbMigrate - Schema "public" is up to date. No migration necessary.
2026-09-29 22:19:50.913 INFO  [main] c.l.l.a.a.OrganizationMiniappAuthenticationTest - Started OrganizationMiniappAuthenticationTest in 3.132 seconds (process running for 58.0)
2026-09-29 22:19:50.914 WARN  [main] o.s.c.events.SpringDocAppInitializer - SpringDoc /api/v1/openapi endpoint is enabled by default. To disable it in production, set the property 'springdoc.api-docs.enabled=false'
2026-09-29 22:19:56.376 INFO  [main] o.s.t.c.s.AnnotationConfigContextLoaderUtils - Could not detect default configuration classes for test class [com.lingdong.learning.auth.application.OrganizationSessionRevocationPersistenceTest]: OrganizationSessionRevocationPersistenceTest does not declare any static, non-private, non-final, nested classes annotated with @Configuration.
2026-09-29 22:19:56.379 INFO  [main] o.s.b.t.c.SpringBootTestContextBootstrapper - Found @SpringBootConfiguration com.lingdong.learning.LingdongLearningApplication for test class com.lingdong.learning.auth.application.OrganizationSessionRevocationPersistenceTest
2026-09-29 22:19:56.928 WARN  [main] c.l.l.a.a.ParentAccountFinalizationBatchService - 家长注销申请终结失败，申请标识=12，异常类型=IllegalStateException
2026-09-29 22:19:56.967 INFO  [main] o.s.t.c.s.AnnotationConfigContextLoaderUtils - Could not detect default configuration classes for test class [com.lingdong.learning.auth.application.ParentAccountFinalizationPersistenceTest]: ParentAccountFinalizationPersistenceTest does not declare any static, non-private, non-final, nested classes annotated with @Configuration.
2026-09-29 22:19:56.971 INFO  [main] o.s.b.t.c.SpringBootTestContextBootstrapper - Found @SpringBootConfiguration com.lingdong.learning.LingdongLearningApplication for test class com.lingdong.learning.auth.application.ParentAccountFinalizationPersistenceTest
2026-09-29 22:19:58.085 INFO  [main] o.s.t.c.s.AnnotationConfigContextLoaderUtils - Could not detect default configuration classes for test class [com.lingdong.learning.auth.application.ParentMobileManualRecoveryPersistenceTest]: ParentMobileManualRecoveryPersistenceTest does not declare any static, non-private, non-final, nested classes annotated with @Configuration.
2026-09-29 22:19:58.086 INFO  [main] o.s.b.t.c.SpringBootTestContextBootstrapper - Found @SpringBootConfiguration com.lingdong.learning.LingdongLearningApplication for test class com.lingdong.learning.auth.application.ParentMobileManualRecoveryPersistenceTest
2026-09-29 22:19:59.376 INFO  [main] o.s.t.c.s.AnnotationConfigContextLoaderUtils - Could not detect default configuration classes for test class [com.lingdong.learning.auth.application.StudentCodeLoginApplicationServiceTest]: StudentCodeLoginApplicationServiceTest does not declare any static, non-private, non-final, nested classes annotated with @Configuration.
2026-09-29 22:19:59.378 INFO  [main] o.s.b.t.c.SpringBootTestContextBootstrapper - Found @SpringBootConfiguration com.lingdong.learning.LingdongLearningApplication for test class com.lingdong.learning.auth.application.StudentCodeLoginApplicationServiceTest
2026-09-29 22:20:00.382 INFO  [main] o.s.t.c.s.AnnotationConfigContextLoaderUtils - Could not detect default configuration classes for test class [com.lingdong.learning.auth.web.AuthenticationControllerTest]: AuthenticationControllerTest does not declare any static, non-private, non-final, nested classes annotated with @Configuration.
2026-09-29 22:20:00.492 INFO  [main] o.s.b.t.c.SpringBootTestContextBootstrapper - Found @SpringBootConfiguration com.lingdong.learning.LingdongLearningApplication for test class com.lingdong.learning.auth.web.AuthenticationControllerTest
2026-09-29 22:20:02.450 INFO  [main] o.s.t.c.s.AnnotationConfigContextLoaderUtils - Could not detect default configuration classes for test class [com.lingdong.learning.auth.web.ParentAuthenticationControllerTest]: ParentAuthenticationControllerTest does not declare any static, non-private, non-final, nested classes annotated with @Configuration.
2026-09-29 22:20:02.455 INFO  [main] o.s.b.t.c.SpringBootTestContextBootstrapper - Found @SpringBootConfiguration com.lingdong.learning.LingdongLearningApplication for test class com.lingdong.learning.auth.web.ParentAuthenticationControllerTest
2026-09-29 22:20:03.425 INFO  [main] o.s.t.c.s.AnnotationConfigContextLoaderUtils - Could not detect default configuration classes for test class [com.lingdong.learning.auth.web.StudentAuthenticationControllerTest]: StudentAuthenticationControllerTest does not declare any static, non-private, non-final, nested classes annotated with @Configuration.
2026-09-29 22:20:03.432 INFO  [main] o.s.b.t.c.SpringBootTestContextBootstrapper - Found @SpringBootConfiguration com.lingdong.learning.LingdongLearningApplication for test class com.lingdong.learning.auth.web.StudentAuthenticationControllerTest
2026-09-29 22:20:03.468 INFO  [main] c.l.l.a.w.StudentAuthenticationControllerTest - Starting StudentAuthenticationControllerTest using Java 17.0.20 with PID 264136 (started by Administrator in E:\apps\lingdong-xuexi-code\lingdong-xuexi-server)
2026-09-29 22:20:03.469 INFO  [main] c.l.l.a.w.StudentAuthenticationControllerTest - The following 1 profile is active: "test"
2026-09-29 22:20:04.319 INFO  [main] o.s.d.r.c.RepositoryConfigurationDelegate - Multiple Spring Data modules found, entering strict repository configuration mode
2026-09-29 22:20:04.320 INFO  [main] o.s.d.r.c.RepositoryConfigurationDelegate - Bootstrapping Spring Data Redis repositories in DEFAULT mode.
2026-09-29 22:20:04.430 INFO  [main] o.s.d.r.c.RepositoryConfigurationDelegate - Finished Spring Data repository scanning in 103 ms. Found 0 Redis repository interfaces.
2026-09-29 22:20:04.831 INFO  [main] com.zaxxer.hikari.HikariDataSource - HikariPool-5 - Starting...
2026-09-29 22:20:04.833 INFO  [main] com.zaxxer.hikari.pool.HikariPool - HikariPool-5 - Added connection conn40: url=jdbc:h2:mem:lingdong_learning user=SA
2026-09-29 22:20:04.833 INFO  [main] com.zaxxer.hikari.HikariDataSource - HikariPool-5 - Start completed.
2026-09-29 22:20:04.835 INFO  [main] org.flywaydb.core.FlywayExecutor - Database: jdbc:h2:mem:lingdong_learning (H2 2.3)
2026-09-29 22:20:04.836 WARN  [main] o.f.c.i.database.base.Database - Flyway upgrade recommended: H2 2.3.232 is newer than this version of Flyway and support has not been tested. The latest supported version of H2 is 2.2.224.
2026-09-29 22:20:04.876 INFO  [main] o.f.core.internal.command.DbValidate - Successfully validated 86 migrations (execution time 00:00.038s)
2026-09-29 22:20:04.880 INFO  [main] o.f.core.internal.command.DbMigrate - Current version of schema "public": 86
2026-09-29 22:20:04.880 INFO  [main] o.f.core.internal.command.DbMigrate - Schema "public" is up to date. No migration necessary.
2026-09-29 22:20:06.732 INFO  [main] o.s.b.t.m.w.SpringBootMockServletContext - Initializing Spring TestDispatcherServlet ''
2026-09-29 22:20:06.732 INFO  [main] o.s.t.w.s.TestDispatcherServlet - Initializing Servlet ''
2026-09-29 22:20:06.734 INFO  [main] o.s.t.w.s.TestDispatcherServlet - Completed initialization in 2 ms
2026-09-29 22:20:06.759 INFO  [main] c.l.l.a.w.StudentAuthenticationControllerTest - Started StudentAuthenticationControllerTest in 3.324 seconds (process running for 73.845)
2026-09-29 22:20:06.760 WARN  [main] o.s.c.events.SpringDocAppInitializer - SpringDoc /api/v1/openapi endpoint is enabled by default. To disable it in production, set the property 'springdoc.api-docs.enabled=false'
2026-09-29 22:20:06.947 INFO  [main] o.s.t.c.s.AnnotationConfigContextLoaderUtils - Could not detect default configuration classes for test class [com.lingdong.learning.auth.web.StudentQrAuthenticationControllerTest]: StudentQrAuthenticationControllerTest does not declare any static, non-private, non-final, nested classes annotated with @Configuration.
2026-09-29 22:20:06.950 INFO  [main] o.s.b.t.c.SpringBootTestContextBootstrapper - Found @SpringBootConfiguration com.lingdong.learning.LingdongLearningApplication for test class com.lingdong.learning.auth.web.StudentQrAuthenticationControllerTest
2026-09-29 22:20:08.614 INFO  [main] o.s.t.c.s.AnnotationConfigContextLoaderUtils - Could not detect default configuration classes for test class [com.lingdong.learning.auth.web.StudentWechatAuthenticationControllerTest]: StudentWechatAuthenticationControllerTest does not declare any static, non-private, non-final, nested classes annotated with @Configuration.
2026-09-29 22:20:08.618 INFO  [main] o.s.b.t.c.SpringBootTestContextBootstrapper - Found @SpringBootConfiguration com.lingdong.learning.LingdongLearningApplication for test class com.lingdong.learning.auth.web.StudentWechatAuthenticationControllerTest
2026-09-29 22:20:08.818 INFO  [main] o.s.t.c.s.AnnotationConfigContextLoaderUtils - Could not detect default configuration classes for test class [com.lingdong.learning.cache.application.CacheOperationApplicationServiceTest]: CacheOperationApplicationServiceTest does not declare any static, non-private, non-final, nested classes annotated with @Configuration.
2026-09-29 22:20:08.916 INFO  [main] o.s.b.t.c.SpringBootTestContextBootstrapper - Found @SpringBootConfiguration com.lingdong.learning.LingdongLearningApplication for test class com.lingdong.learning.cache.application.CacheOperationApplicationServiceTest
2026-09-29 22:20:09.050 INFO  [main] o.s.t.c.s.AnnotationConfigContextLoaderUtils - Could not detect default configuration classes for test class [com.lingdong.learning.cache.web.CacheManagementControllerTest]: CacheManagementControllerTest does not declare any static, non-private, non-final, nested classes annotated with @Configuration.
2026-09-29 22:20:09.134 INFO  [main] o.s.b.t.c.SpringBootTestContextBootstrapper - Found @SpringBootConfiguration com.lingdong.learning.LingdongLearningApplication for test class com.lingdong.learning.cache.web.CacheManagementControllerTest
2026-09-29 22:20:12.008 ERROR [main] LINGDONG_ALERT - [ALERT] exceptionType=NullPointerException, path=/api/v1/tasks, traceId=trace-2
2026-09-29 22:20:12.093 INFO  [main] LINGDONG_ALERT - [ALERT] webhook 分发成功，traceId=trace-2
2026-09-29 22:20:12.103 ERROR [main] LINGDONG_ALERT - [ALERT] exceptionType=RuntimeException, path=/api/v1/tasks, traceId=trace-3
2026-09-29 22:20:12.111 WARN  [main] LINGDONG_ALERT - [ALERT] webhook 分发失败，traceId=trace-3, 异常类型=ResourceAccessException
2026-09-29 22:20:12.114 ERROR [main] LINGDONG_ALERT - [ALERT] exceptionType=IllegalStateException, path=/api/v1/students, traceId=trace-1
2026-09-29 22:20:12.711 ERROR [main] c.l.l.common.web.ApiExceptionHandler - 未预期异常 traceId=trace-9 path=/api/v1/students
java.lang.RuntimeException: 数据库密码 hunter2 泄露细节
	at com.lingdong.learning.common.web.ApiExceptionHandlerUnexpectedErrorTest.returnsUnified500WithoutLeakingInternalDetailsAndRaisesAlert(ApiExceptionHandlerUnexpectedErrorTest.java:37)
	at java.base/jdk.internal.reflect.NativeMethodAccessorImpl.invoke0(Native Method)
	at java.base/jdk.internal.reflect.NativeMethodAccessorImpl.invoke(NativeMethodAccessorImpl.java:77)
	at java.base/jdk.internal.reflect.DelegatingMethodAccessorImpl.invoke(DelegatingMethodAccessorImpl.java:43)
	at java.base/java.lang.reflect.Method.invoke(Method.java:569)
	at org.junit.platform.commons.util.ReflectionUtils.invokeMethod(ReflectionUtils.java:767)
	at org.junit.jupiter.engine.execution.MethodInvocation.proceed(MethodInvocation.java:60)
	at org.junit.jupiter.engine.execution.InvocationInterceptorChain$ValidatingInvocation.proceed(InvocationInterceptorChain.java:131)
	at org.junit.jupiter.engine.extension.TimeoutExtension.intercept(TimeoutExtension.java:156)
	at org.junit.jupiter.engine.extension.TimeoutExtension.interceptTestableMethod(TimeoutExtension.java:147)
	at org.junit.jupiter.engine.extension.TimeoutExtension.interceptTestMethod(TimeoutExtension.java:86)
	at org.junit.jupiter.engine.execution.InterceptingExecutableInvoker$ReflectiveInterceptorCall.lambda$ofVoidMethod$0(InterceptingExecutableInvoker.java:103)
	at org.junit.jupiter.engine.execution.InterceptingExecutableInvoker.lambda$invoke$0(InterceptingExecutableInvoker.java:93)
	at org.junit.jupiter.engine.execution.InvocationInterceptorChain$InterceptedInvocation.proceed(InvocationInterceptorChain.java:106)
	at org.junit.jupiter.engine.execution.InvocationInterceptorChain.proceed(InvocationInterceptorChain.java:64)
	at org.junit.jupiter.engine.execution.InvocationInterceptorChain.chainAndInvoke(InvocationInterceptorChain.java:45)
	at org.junit.jupiter.engine.execution.InvocationInterceptorChain.invoke(InvocationInterceptorChain.java:37)
	at org.junit.jupiter.engine.execution.InterceptingExecutableInvoker.invoke(InterceptingExecutableInvoker.java:92)
	at org.junit.jupiter.engine.execution.InterceptingExecutableInvoker.invoke(InterceptingExecutableInvoker.java:86)
	at org.junit.jupiter.engine.descriptor.TestMethodTestDescriptor.lambda$invokeTestMethod$8(TestMethodTestDescriptor.java:217)
	at org.junit.platform.engine.support.hierarchical.ThrowableCollector.execute(ThrowableCollector.java:73)
	at org.junit.jupiter.engine.descriptor.TestMethodTestDescriptor.invokeTestMethod(TestMethodTestDescriptor.java:213)
	at org.junit.jupiter.engine.descriptor.TestMethodTestDescriptor.execute(TestMethodTestDescriptor.java:138)
	at org.junit.jupiter.engine.descriptor.TestMethodTestDescriptor.execute(TestMethodTestDescriptor.java:68)
	at org.junit.platform.engine.support.hierarchical.NodeTestTask.lambda$executeRecursively$6(NodeTestTask.java:156)
	at org.junit.platform.engine.support.hierarchical.ThrowableCollector.execute(ThrowableCollector.java:73)
	at org.junit.platform.engine.support.hierarchical.NodeTestTask.lambda$executeRecursively$8(NodeTestTask.java:146)
	at org.junit.platform.engine.support.hierarchical.Node.around(Node.java:137)
	at org.junit.platform.engine.support.hierarchical.NodeTestTask.lambda$executeRecursively$9(NodeTestTask.java:144)
	at org.junit.platform.engine.support.hierarchical.ThrowableCollector.execute(ThrowableCollector.java:73)
	at org.junit.platform.engine.support.hierarchical.NodeTestTask.executeRecursively(NodeTestTask.java:143)
	at org.junit.platform.engine.support.hierarchical.NodeTestTask.execute(NodeTestTask.java:100)
	at java.base/java.util.ArrayList.forEach(ArrayList.java:1511)
	at org.junit.platform.engine.support.hierarchical.SameThreadHierarchicalTestExecutorService.invokeAll(SameThreadHierarchicalTestExecutorService.java:41)
	at org.junit.platform.engine.support.hierarchical.NodeTestTask.lambda$executeRecursively$6(NodeTestTask.java:160)
	at org.junit.platform.engine.support.hierarchical.ThrowableCollector.execute(ThrowableCollector.java:73)
	at org.junit.platform.engine.support.hierarchical.NodeTestTask.lambda$executeRecursively$8(NodeTestTask.java:146)
	at org.junit.platform.engine.support.hierarchical.Node.around(Node.java:137)
	at org.junit.platform.engine.support.hierarchical.NodeTestTask.lambda$executeRecursively$9(NodeTestTask.java:144)
	at org.junit.platform.engine.support.hierarchical.ThrowableCollector.execute(ThrowableCollector.java:73)
	at org.junit.platform.engine.support.hierarchical.NodeTestTask.executeRecursively(NodeTestTask.java:143)
	at org.junit.platform.engine.support.hierarchical.NodeTestTask.execute(NodeTestTask.java:100)
	at java.base/java.util.ArrayList.forEach(ArrayList.java:1511)
	at org.junit.platform.engine.support.hierarchical.SameThreadHierarchicalTestExecutorService.invokeAll(SameThreadHierarchicalTestExecutorService.java:41)
	at org.junit.platform.engine.support.hierarchical.NodeTestTask.lambda$executeRecursively$6(NodeTestTask.java:160)
	at org.junit.platform.engine.support.hierarchical.ThrowableCollector.execute(ThrowableCollector.java:73)
	at org.junit.platform.engine.support.hierarchical.NodeTestTask.lambda$executeRecursively$8(NodeTestTask.java:146)
	at org.junit.platform.engine.support.hierarchical.Node.around(Node.java:137)
	at org.junit.platform.engine.support.hierarchical.NodeTestTask.lambda$executeRecursively$9(NodeTestTask.java:144)
	at org.junit.platform.engine.support.hierarchical.ThrowableCollector.execute(ThrowableCollector.java:73)
	at org.junit.platform.engine.support.hierarchical.NodeTestTask.executeRecursively(NodeTestTask.java:143)
	at org.junit.platform.engine.support.hierarchical.NodeTestTask.execute(NodeTestTask.java:100)
	at org.junit.platform.engine.support.hierarchical.SameThreadHierarchicalTestExecutorService.submit(SameThreadHierarchicalTestExecutorService.java:35)
	at org.junit.platform.engine.support.hierarchical.HierarchicalTestExecutor.execute(HierarchicalTestExecutor.java:57)
	at org.junit.platform.engine.support.hierarchical.HierarchicalTestEngine.execute(HierarchicalTestEngine.java:54)
	at org.junit.platform.launcher.core.EngineExecutionOrchestrator.execute(EngineExecutionOrchestrator.java:198)
	at org.junit.platform.launcher.core.EngineExecutionOrchestrator.execute(EngineExecutionOrchestrator.java:169)
	at org.junit.platform.launcher.core.EngineExecutionOrchestrator.execute(EngineExecutionOrchestrator.java:93)
	at org.junit.platform.launcher.core.EngineExecutionOrchestrator.lambda$execute$0(EngineExecutionOrchestrator.java:58)
	at org.junit.platform.launcher.core.EngineExecutionOrchestrator.withInterceptedStreams(EngineExecutionOrchestrator.java:141)
	at org.junit.platform.launcher.core.EngineExecutionOrchestrator.execute(EngineExecutionOrchestrator.java:57)
	at org.junit.platform.launcher.core.DefaultLauncher.execute(DefaultLauncher.java:103)
	at org.junit.platform.launcher.core.DefaultLauncher.execute(DefaultLauncher.java:85)
	at org.junit.platform.launcher.core.DelegatingLauncher.execute(DelegatingLauncher.java:47)
	at org.apache.maven.surefire.junitplatform.LazyLauncher.execute(LazyLauncher.java:56)
	at org.apache.maven.surefire.junitplatform.JUnitPlatformProvider.execute(JUnitPlatformProvider.java:194)
	at org.apache.maven.surefire.junitplatform.JUnitPlatformProvider.invokeAllTests(JUnitPlatformProvider.java:150)
	at org.apache.maven.surefire.junitplatform.JUnitPlatformProvider.invoke(JUnitPlatformProvider.java:124)
	at java.base/jdk.internal.reflect.NativeMethodAccessorImpl.invoke0(Native Method)
	at java.base/jdk.internal.reflect.NativeMethodAccessorImpl.invoke(NativeMethodAccessorImpl.java:77)
	at java.base/jdk.internal.reflect.DelegatingMethodAccessorImpl.invoke(DelegatingMethodAccessorImpl.java:43)
	at java.base/java.lang.reflect.Method.invoke(Method.java:569)
	at org.apache.maven.surefire.api.util.ReflectionUtils.invokeMethodWithArray2(ReflectionUtils.java:137)
	at org.apache.maven.surefire.booter.ProviderFactory$ProviderProxy.invoke(ProviderFactory.java:148)
	at org.apache.maven.surefire.booter.ProviderFactory.invokeProvider(ProviderFactory.java:88)
	at org.apache.maven.plugin.surefire.InPluginVMSurefireStarter.runSuitesInProcess(InPluginVMSurefireStarter.java:91)
	at org.apache.maven.plugin.surefire.AbstractSurefireMojo.executeProvider(AbstractSurefireMojo.java:1308)
	at org.apache.maven.plugin.surefire.AbstractSurefireMojo.executeAfterPreconditionsChecked(AbstractSurefireMojo.java:1135)
	at org.apache.maven.plugin.surefire.AbstractSurefireMojo.execute(AbstractSurefireMojo.java:969)
	at org.apache.maven.plugin.DefaultBuildPluginManager.executeMojo(DefaultBuildPluginManager.java:126)
	at org.apache.maven.lifecycle.internal.MojoExecutor.doExecute2(MojoExecutor.java:328)
	at org.apache.maven.lifecycle.internal.MojoExecutor.doExecute(MojoExecutor.java:316)
	at org.apache.maven.lifecycle.internal.MojoExecutor.execute(MojoExecutor.java:212)
	at org.apache.maven.lifecycle.internal.MojoExecutor.execute(MojoExecutor.java:174)
	at org.apache.maven.lifecycle.internal.MojoExecutor.access$000(MojoExecutor.java:75)
	at org.apache.maven.lifecycle.internal.MojoExecutor$1.run(MojoExecutor.java:162)
	at org.apache.maven.plugin.DefaultMojosExecutionStrategy.execute(DefaultMojosExecutionStrategy.java:39)
	at org.apache.maven.lifecycle.internal.MojoExecutor.execute(MojoExecutor.java:159)
	at org.apache.maven.lifecycle.internal.LifecycleModuleBuilder.buildProject(LifecycleModuleBuilder.java:105)
	at org.apache.maven.lifecycle.internal.LifecycleModuleBuilder.buildProject(LifecycleModuleBuilder.java:73)
	at org.apache.maven.lifecycle.internal.builder.singlethreaded.SingleThreadedBuilder.build(SingleThreadedBuilder.java:53)
	at org.apache.maven.lifecycle.internal.LifecycleStarter.execute(LifecycleStarter.java:118)
	at org.apache.maven.DefaultMaven.doExecute(DefaultMaven.java:261)
	at org.apache.maven.DefaultMaven.doExecute(DefaultMaven.java:173)
	at org.apache.maven.DefaultMaven.execute(DefaultMaven.java:101)
	at org.apache.maven.cli.MavenCli.execute(MavenCli.java:919)
	at org.apache.maven.cli.MavenCli.doMain(MavenCli.java:285)
	at org.apache.maven.cli.MavenCli.main(MavenCli.java:207)
	at java.base/jdk.internal.reflect.NativeMethodAccessorImpl.invoke0(Native Method)
	at java.base/jdk.internal.reflect.NativeMethodAccessorImpl.invoke(NativeMethodAccessorImpl.java:77)
	at java.base/jdk.internal.reflect.DelegatingMethodAccessorImpl.invoke(DelegatingMethodAccessorImpl.java:43)
	at java.base/java.lang.reflect.Method.invoke(Method.java:569)
	at org.codehaus.plexus.classworlds.launcher.Launcher.launchEnhanced(Launcher.java:255)
	at org.codehaus.plexus.classworlds.launcher.Launcher.launch(Launcher.java:201)
	at org.codehaus.plexus.classworlds.launcher.Launcher.mainWithExitCode(Launcher.java:361)
	at org.codehaus.plexus.classworlds.launcher.Launcher.main(Launcher.java:314)
2026-09-29 22:20:14.213 INFO  [main] o.s.t.c.s.AnnotationConfigContextLoaderUtils - Could not detect default configuration classes for test class [com.lingdong.learning.dashboard.web.ActivityTrendApiIntegrationTest]: ActivityTrendApiIntegrationTest does not declare any static, non-private, non-final, nested classes annotated with @Configuration.
2026-09-29 22:20:14.296 INFO  [main] o.s.b.t.c.SpringBootTestContextBootstrapper - Found @SpringBootConfiguration com.lingdong.learning.LingdongLearningApplication for test class com.lingdong.learning.dashboard.web.ActivityTrendApiIntegrationTest
2026-09-29 22:20:14.330 INFO  [main] c.l.l.d.w.ActivityTrendApiIntegrationTest - Starting ActivityTrendApiIntegrationTest using Java 17.0.20 with PID 264136 (started by Administrator in E:\apps\lingdong-xuexi-code\lingdong-xuexi-server)
2026-09-29 22:20:14.331 INFO  [main] c.l.l.d.w.ActivityTrendApiIntegrationTest - The following 1 profile is active: "test"
2026-09-29 22:20:15.149 INFO  [main] o.s.d.r.c.RepositoryConfigurationDelegate - Multiple Spring Data modules found, entering strict repository configuration mode
2026-09-29 22:20:15.149 INFO  [main] o.s.d.r.c.RepositoryConfigurationDelegate - Bootstrapping Spring Data Redis repositories in DEFAULT mode.
2026-09-29 22:20:15.315 INFO  [main] o.s.d.r.c.RepositoryConfigurationDelegate - Finished Spring Data repository scanning in 164 ms. Found 0 Redis repository interfaces.
2026-09-29 22:20:15.680 INFO  [main] com.zaxxer.hikari.HikariDataSource - HikariPool-6 - Starting...
2026-09-29 22:20:15.681 INFO  [main] com.zaxxer.hikari.pool.HikariPool - HikariPool-6 - Added connection conn50: url=jdbc:h2:mem:lingdong_learning user=SA
2026-09-29 22:20:15.681 INFO  [main] com.zaxxer.hikari.HikariDataSource - HikariPool-6 - Start completed.
2026-09-29 22:20:15.683 INFO  [main] org.flywaydb.core.FlywayExecutor - Database: jdbc:h2:mem:lingdong_learning (H2 2.3)
2026-09-29 22:20:15.684 WARN  [main] o.f.c.i.database.base.Database - Flyway upgrade recommended: H2 2.3.232 is newer than this version of Flyway and support has not been tested. The latest supported version of H2 is 2.2.224.
2026-09-29 22:20:15.716 INFO  [main] o.f.core.internal.command.DbValidate - Successfully validated 86 migrations (execution time 00:00.030s)
2026-09-29 22:20:15.718 INFO  [main] o.f.core.internal.command.DbMigrate - Current version of schema "public": 86
2026-09-29 22:20:15.718 INFO  [main] o.f.core.internal.command.DbMigrate - Schema "public" is up to date. No migration necessary.
2026-09-29 22:20:17.500 INFO  [main] o.s.b.t.m.w.SpringBootMockServletContext - Initializing Spring TestDispatcherServlet ''
2026-09-29 22:20:17.501 INFO  [main] o.s.t.w.s.TestDispatcherServlet - Initializing Servlet ''
2026-09-29 22:20:17.502 INFO  [main] o.s.t.w.s.TestDispatcherServlet - Completed initialization in 1 ms
2026-09-29 22:20:17.528 INFO  [main] c.l.l.d.w.ActivityTrendApiIntegrationTest - Started ActivityTrendApiIntegrationTest in 3.229 seconds (process running for 84.615)
2026-09-29 22:20:17.530 WARN  [main] o.s.c.events.SpringDocAppInitializer - SpringDoc /api/v1/openapi endpoint is enabled by default. To disable it in production, set the property 'springdoc.api-docs.enabled=false'
2026-09-29 22:20:21.199 INFO  [main] o.s.t.c.s.AnnotationConfigContextLoaderUtils - Could not detect default configuration classes for test class [com.lingdong.learning.datascope.application.OrganizationDataScopeServiceTest]: OrganizationDataScopeServiceTest does not declare any static, non-private, non-final, nested classes annotated with @Configuration.
2026-09-29 22:20:21.276 INFO  [main] o.s.b.t.c.SpringBootTestContextBootstrapper - Found @SpringBootConfiguration com.lingdong.learning.LingdongLearningApplication for test class com.lingdong.learning.datascope.application.OrganizationDataScopeServiceTest
2026-09-29 22:20:21.445 INFO  [main] o.s.t.c.s.AnnotationConfigContextLoaderUtils - Could not detect default configuration classes for test class [com.lingdong.learning.dictionary.application.DictionaryApplicationServiceTest]: DictionaryApplicationServiceTest does not declare any static, non-private, non-final, nested classes annotated with @Configuration.
2026-09-29 22:20:21.513 INFO  [main] o.s.b.t.c.SpringBootTestContextBootstrapper - Found @SpringBootConfiguration com.lingdong.learning.LingdongLearningApplication for test class com.lingdong.learning.dictionary.application.DictionaryApplicationServiceTest
2026-09-29 22:20:21.709 INFO  [main] o.s.t.c.s.AnnotationConfigContextLoaderUtils - Could not detect default configuration classes for test class [com.lingdong.learning.dictionary.web.DictionaryManagementControllerTest]: DictionaryManagementControllerTest does not declare any static, non-private, non-final, nested classes annotated with @Configuration.
2026-09-29 22:20:21.834 INFO  [main] o.s.b.t.c.SpringBootTestContextBootstrapper - Found @SpringBootConfiguration com.lingdong.learning.LingdongLearningApplication for test class com.lingdong.learning.dictionary.web.DictionaryManagementControllerTest
2026-09-29 22:20:23.233 INFO  [main] o.s.t.c.s.AnnotationConfigContextLoaderUtils - Could not detect default configuration classes for test class [com.lingdong.learning.exceptionreport.infrastructure.persistence.ExceptionReportPersistenceTest]: ExceptionReportPersistenceTest does not declare any static, non-private, non-final, nested classes annotated with @Configuration.
2026-09-29 22:20:23.341 INFO  [main] o.s.b.t.c.SpringBootTestContextBootstrapper - Found @SpringBootConfiguration com.lingdong.learning.LingdongLearningApplication for test class com.lingdong.learning.exceptionreport.infrastructure.persistence.ExceptionReportPersistenceTest
2026-09-29 22:20:25.245 WARN  [main] c.l.l.e.a.ExportJobExecutionService - 导出作业执行失败，作业标识=1874244142494646980，异常类型=IllegalStateException
2026-09-29 22:20:25.370 WARN  [main] c.l.l.e.a.ExportJobExecutionService - 导出作业执行失败，作业标识=1874244142494646980，异常类型=IllegalStateException
2026-09-29 22:20:25.395 WARN  [main] c.l.l.e.a.ExportJobExecutionService - 导出作业执行失败，作业标识=1874244142494646980，异常类型=IllegalStateException
2026-09-29 22:20:25.405 WARN  [main] c.l.l.e.a.ExportJobExecutionService - 导出作业执行失败，作业标识=1874244142494646980，异常类型=IllegalStateException
2026-09-29 22:20:25.425 WARN  [main] c.l.l.e.a.ExportJobExecutionService - 导出作业执行失败，作业标识=1874244142494646980，异常类型=IllegalStateException
2026-09-29 22:20:25.432 WARN  [main] c.l.l.e.a.ExportJobExecutionService - 导出作业执行失败，作业标识=1874244142494646980，异常类型=IllegalStateException
2026-09-29 22:20:25.480 WARN  [main] c.l.l.e.a.ExportJobExecutionService - 导出作业执行失败，作业标识=1874244142494646980，异常类型=IllegalStateException
2026-09-29 22:20:25.501 WARN  [main] c.l.l.e.a.ExportJobExecutionService - 导出作业执行失败，作业标识=1874244142494646980，异常类型=IllegalStateException
2026-09-29 22:20:25.533 WARN  [main] c.l.l.e.a.ExportJobExecutionService - 导出作业执行失败，作业标识=1874244142494646980，异常类型=IllegalStateException
2026-09-29 22:20:25.557 WARN  [main] c.l.l.e.a.ExportJobExecutionService - 导出作业执行失败，作业标识=1874244142494646980，异常类型=IllegalStateException
2026-09-29 22:20:25.577 WARN  [main] c.l.l.e.a.ExportJobExecutionService - 导出作业执行失败，作业标识=1874244142494646980，异常类型=IllegalStateException
2026-09-29 22:20:25.584 WARN  [main] c.l.l.e.a.ExportJobExecutionService - 导出作业执行失败，作业标识=1874244142494646980，异常类型=IllegalStateException
2026-09-29 22:20:25.606 WARN  [main] c.l.l.e.a.ExportJobExecutionService - 导出作业执行失败，作业标识=1874244142494646980，异常类型=IllegalStateException
2026-09-29 22:20:25.628 WARN  [main] c.l.l.e.a.ExportJobExecutionService - 导出作业执行失败，作业标识=1874244142494646980，异常类型=IllegalStateException
2026-09-29 22:20:25.646 WARN  [main] c.l.l.e.a.ExportJobExecutionService - 导出作业执行失败，作业标识=1874244142494646980，异常类型=IllegalStateException
2026-09-29 22:20:25.667 WARN  [main] c.l.l.e.a.ExportJobExecutionService - 导出作业执行失败，作业标识=1874244142494646980，异常类型=IllegalStateException
2026-09-29 22:20:25.690 WARN  [main] c.l.l.e.a.ExportJobExecutionService - 导出作业执行失败，作业标识=1874244142494646980，异常类型=IllegalStateException
2026-09-29 22:20:25.709 WARN  [main] c.l.l.e.a.ExportJobExecutionService - 导出作业执行失败，作业标识=1874244142494646980，异常类型=IllegalStateException
2026-09-29 22:20:25.729 WARN  [main] c.l.l.e.a.ExportJobExecutionService - 导出作业执行失败，作业标识=1874244142494646980，异常类型=IllegalStateException
2026-09-29 22:20:26.878 WARN  [main] org.apache.fontbox.ttf.CmapSubtable - Format 14 cmap table is not supported and will be ignored
2026-09-29 22:20:27.270 WARN  [main] org.apache.fontbox.ttf.CmapSubtable - Format 14 cmap table is not supported and will be ignored
2026-09-29 22:20:27.749 WARN  [main] org.apache.fontbox.ttf.CmapSubtable - Format 14 cmap table is not supported and will be ignored
2026-09-29 22:20:27.877 WARN  [main] org.apache.fontbox.ttf.CmapSubtable - Format 14 cmap table is not supported and will be ignored
2026-09-29 22:20:27.979 WARN  [main] org.apache.fontbox.ttf.CmapSubtable - Format 14 cmap table is not supported and will be ignored
2026-09-29 22:20:28.065 WARN  [main] org.apache.fontbox.ttf.CmapSubtable - Format 14 cmap table is not supported and will be ignored
2026-09-29 22:20:30.000 WARN  [main] org.apache.fontbox.ttf.CmapSubtable - Format 14 cmap table is not supported and will be ignored
2026-09-29 22:20:30.609 INFO  [main] o.s.t.c.s.AnnotationConfigContextLoaderUtils - Could not detect default configuration classes for test class [com.lingdong.learning.exportjob.infrastructure.persistence.ExportDatasetPersistenceTest]: ExportDatasetPersistenceTest does not declare any static, non-private, non-final, nested classes annotated with @Configuration.
2026-09-29 22:20:30.705 INFO  [main] o.s.b.t.c.SpringBootTestContextBootstrapper - Found @SpringBootConfiguration com.lingdong.learning.LingdongLearningApplication for test class com.lingdong.learning.exportjob.infrastructure.persistence.ExportDatasetPersistenceTest
2026-09-29 22:20:30.756 INFO  [main] o.s.t.c.s.AnnotationConfigContextLoaderUtils - Could not detect default configuration classes for test class [com.lingdong.learning.exportjob.infrastructure.persistence.ExportJobPersistenceTest]: ExportJobPersistenceTest does not declare any static, non-private, non-final, nested classes annotated with @Configuration.
2026-09-29 22:20:30.759 INFO  [main] o.s.b.t.c.SpringBootTestContextBootstrapper - Found @SpringBootConfiguration com.lingdong.learning.LingdongLearningApplication for test class com.lingdong.learning.exportjob.infrastructure.persistence.ExportJobPersistenceTest
2026-09-29 22:20:30.798 INFO  [main] o.s.t.c.s.AnnotationConfigContextLoaderUtils - Could not detect default configuration classes for test class [com.lingdong.learning.exportjob.infrastructure.persistence.GrowthReviewExportPayloadStoreTest]: GrowthReviewExportPayloadStoreTest does not declare any static, non-private, non-final, nested classes annotated with @Configuration.
2026-09-29 22:20:30.801 INFO  [main] o.s.b.t.c.SpringBootTestContextBootstrapper - Found @SpringBootConfiguration com.lingdong.learning.LingdongLearningApplication for test class com.lingdong.learning.exportjob.infrastructure.persistence.GrowthReviewExportPayloadStoreTest
2026-09-29 22:20:30.986 WARN  [main] org.apache.fontbox.ttf.CmapSubtable - Format 14 cmap table is not supported and will be ignored
2026-09-29 22:20:31.147 WARN  [main] org.apache.fontbox.ttf.CmapSubtable - Format 14 cmap table is not supported and will be ignored
2026-09-29 22:20:31.281 WARN  [main] org.apache.fontbox.ttf.CmapSubtable - Format 14 cmap table is not supported and will be ignored
2026-09-29 22:20:31.533 WARN  [main] org.apache.fontbox.ttf.CmapSubtable - Format 14 cmap table is not supported and will be ignored
2026-09-29 22:20:32.173 WARN  [main] org.apache.fontbox.ttf.CmapSubtable - Format 14 cmap table is not supported and will be ignored
2026-09-29 22:20:32.328 WARN  [main] org.apache.fontbox.ttf.CmapSubtable - Format 14 cmap table is not supported and will be ignored
2026-09-29 22:20:32.514 INFO  [main] o.s.t.c.s.AnnotationConfigContextLoaderUtils - Could not detect default configuration classes for test class [com.lingdong.learning.exportjob.web.ExportJobApiIntegrationTest]: ExportJobApiIntegrationTest does not declare any static, non-private, non-final, nested classes annotated with @Configuration.
2026-09-29 22:20:32.651 INFO  [main] o.s.b.t.c.SpringBootTestContextBootstrapper - Found @SpringBootConfiguration com.lingdong.learning.LingdongLearningApplication for test class com.lingdong.learning.exportjob.web.ExportJobApiIntegrationTest
2026-09-29 22:20:42.319 INFO  [main] o.s.api.AbstractOpenApiResource - Init duration for springdoc-openapi is: 3365 ms
2026-09-29 22:20:42.731 WARN  [main] c.l.l.e.a.ExportJobExecutionService - 导出作业执行失败，作业标识=2104939430287507456，异常类型=SystemOperationAccessDeniedException
2026-09-29 22:20:44.167 WARN  [main] c.l.l.e.a.ExportJobExecutionService - 导出作业执行失败，作业标识=2104939436318916608，异常类型=SystemOperationAccessDeniedException
2026-09-29 22:20:48.079 WARN  [main] c.l.l.e.a.ExportJobExecutionService - 导出作业执行失败，作业标识=2104939452718645248，异常类型=SystemOperationAccessDeniedException
2026-09-29 22:20:48.395 WARN  [main] c.l.l.e.a.ExportJobExecutionService - 导出作业执行失败，作业标识=2104939454031462400，异常类型=SystemOperationAccessDeniedException
2026-09-29 22:20:48.744 INFO  [main] o.s.mock.web.MockServletContext - Initializing Spring TestDispatcherServlet ''
2026-09-29 22:20:48.745 INFO  [main] o.s.t.w.s.TestDispatcherServlet - Initializing Servlet ''
2026-09-29 22:20:48.745 INFO  [main] o.s.t.w.s.TestDispatcherServlet - Completed initialization in 0 ms
2026-09-29 22:20:48.762 INFO  [main] o.s.mock.web.MockServletContext - Initializing Spring TestDispatcherServlet ''
2026-09-29 22:20:48.763 INFO  [main] o.s.t.w.s.TestDispatcherServlet - Initializing Servlet ''
2026-09-29 22:20:48.763 INFO  [main] o.s.t.w.s.TestDispatcherServlet - Completed initialization in 0 ms
2026-09-29 22:20:48.780 WARN  [main] o.s.w.s.m.s.DefaultHandlerExceptionResolver - Resolved [org.springframework.web.bind.MethodArgumentNotValidException: Validation failed for argument [1] in public com.lingdong.learning.exportjob.web.ExportJobResponse com.lingdong.learning.exportjob.web.GrowthReviewExportController.create(com.lingdong.learning.auth.application.AuthenticatedUser,com.lingdong.learning.exportjob.web.CreateGrowthReviewExportRequest,jakarta.servlet.http.HttpServletRequest): [Field error in object 'createGrowthReviewExportRequest' on field 'studentId': rejected value [123]; codes [Pattern.createGrowthReviewExportRequest.studentId,Pattern.studentId,Pattern.java.lang.String,Pattern]; arguments [org.springframework.context.support.DefaultMessageSourceResolvable: codes [createGrowthReviewExportRequest.studentId,studentId]; arguments []; default message [studentId],[Ljakarta.validation.constraints.Pattern$Flag;@1c8b4f98,[1-9][0-9]{18}]; default message [must match "[1-9][0-9]{18}"]] ]
2026-09-29 22:20:48.781 WARN  [main] o.s.w.s.m.s.DefaultHandlerExceptionResolver - Resolved [org.springframework.web.bind.MethodArgumentNotValidException: Validation failed for argument [1] in public com.lingdong.learning.exportjob.web.ExportJobResponse com.lingdong.learning.exportjob.web.GrowthReviewExportController.create(com.lingdong.learning.auth.application.AuthenticatedUser,com.lingdong.learning.exportjob.web.CreateGrowthReviewExportRequest,jakarta.servlet.http.HttpServletRequest): [Field error in object 'createGrowthReviewExportRequest' on field 'mode': rejected value [null]; codes [NotNull.createGrowthReviewExportRequest.mode,NotNull.mode,NotNull.com.lingdong.learning.growthpoint.infrastructure.pdf.GrowthReviewPdfRenderer$Template,NotNull]; arguments [org.springframework.context.support.DefaultMessageSourceResolvable: codes [createGrowthReviewExportRequest.mode,mode]; arguments []; default message [mode]]; default message [must not be null]] ]
2026-09-29 22:20:48.782 WARN  [main] o.s.w.s.m.s.DefaultHandlerExceptionResolver - Resolved [org.springframework.web.bind.MethodArgumentNotValidException: Validation failed for argument [1] in public com.lingdong.learning.exportjob.web.ExportJobResponse com.lingdong.learning.exportjob.web.GrowthReviewExportController.create(com.lingdong.learning.auth.application.AuthenticatedUser,com.lingdong.learning.exportjob.web.CreateGrowthReviewExportRequest,jakarta.servlet.http.HttpServletRequest): [Field error in object 'createGrowthReviewExportRequest' on field 'reason': rejected value []; codes [NotBlank.createGrowthReviewExportRequest.reason,NotBlank.reason,NotBlank.java.lang.String,NotBlank]; arguments [org.springframework.context.support.DefaultMessageSourceResolvable: codes [createGrowthReviewExportRequest.reason,reason]; arguments []; default message [reason]]; default message [must not be blank]] ]
2026-09-29 22:20:48.797 INFO  [main] o.s.mock.web.MockServletContext - Initializing Spring TestDispatcherServlet ''
2026-09-29 22:20:48.798 INFO  [main] o.s.t.w.s.TestDispatcherServlet - Initializing Servlet ''
2026-09-29 22:20:48.798 INFO  [main] o.s.t.w.s.TestDispatcherServlet - Completed initialization in 0 ms
2026-09-29 22:20:48.997 INFO  [main] o.s.t.c.s.AnnotationConfigContextLoaderUtils - Could not detect default configuration classes for test class [com.lingdong.learning.exportjob.web.OrganizationAttendanceLedgerExportApiIntegrationTest]: OrganizationAttendanceLedgerExportApiIntegrationTest does not declare any static, non-private, non-final, nested classes annotated with @Configuration.
2026-09-29 22:20:49.000 INFO  [main] o.s.b.t.c.SpringBootTestContextBootstrapper - Found @SpringBootConfiguration com.lingdong.learning.LingdongLearningApplication for test class com.lingdong.learning.exportjob.web.OrganizationAttendanceLedgerExportApiIntegrationTest
2026-09-29 22:20:51.341 WARN  [main] org.apache.fontbox.ttf.CmapSubtable - Format 14 cmap table is not supported and will be ignored
2026-09-29 22:20:52.852 WARN  [main] c.l.l.e.a.ExportJobExecutionService - 导出作业执行失败，作业标识=2104939472763224064，异常类型=SystemOperationAccessDeniedException
2026-09-29 22:20:52.927 INFO  [main] o.s.t.c.s.AnnotationConfigContextLoaderUtils - Could not detect default configuration classes for test class [com.lingdong.learning.exportjob.web.OrganizationTaskStatisticsExportApiIntegrationTest]: OrganizationTaskStatisticsExportApiIntegrationTest does not declare any static, non-private, non-final, nested classes annotated with @Configuration.
2026-09-29 22:20:52.930 INFO  [main] o.s.b.t.c.SpringBootTestContextBootstrapper - Found @SpringBootConfiguration com.lingdong.learning.LingdongLearningApplication for test class com.lingdong.learning.exportjob.web.OrganizationTaskStatisticsExportApiIntegrationTest
2026-09-29 22:20:53.247 WARN  [main] org.apache.fontbox.ttf.CmapSubtable - Format 14 cmap table is not supported and will be ignored
2026-09-29 22:20:53.841 WARN  [main] c.l.l.e.a.ExportJobExecutionService - 导出作业执行失败，作业标识=2104939476894613504，异常类型=SystemOperationAccessDeniedException
2026-09-29 22:20:54.453 INFO  [main] o.s.t.c.s.AnnotationConfigContextLoaderUtils - Could not detect default configuration classes for test class [com.lingdong.learning.exportjob.web.StudentTaskExportApiIntegrationTest]: StudentTaskExportApiIntegrationTest does not declare any static, non-private, non-final, nested classes annotated with @Configuration.
2026-09-29 22:20:54.457 INFO  [main] o.s.b.t.c.SpringBootTestContextBootstrapper - Found @SpringBootConfiguration com.lingdong.learning.LingdongLearningApplication for test class com.lingdong.learning.exportjob.web.StudentTaskExportApiIntegrationTest
2026-09-29 22:20:55.714 WARN  [main] org.apache.fontbox.ttf.CmapSubtable - Format 14 cmap table is not supported and will be ignored
2026-09-29 22:20:56.247 WARN  [main] c.l.l.e.a.ExportJobExecutionService - 导出作业执行失败，作业标识=2104939486939971584，异常类型=SystemOperationAccessDeniedException
2026-09-29 22:20:58.256 WARN  [main] c.l.l.e.a.ExportJobExecutionService - 导出作业执行失败，作业标识=2104939495387299840，异常类型=SystemOperationAccessDeniedException
2026-09-29 22:20:58.377 INFO  [main] o.s.t.c.s.AnnotationConfigContextLoaderUtils - Could not detect default configuration classes for test class [com.lingdong.learning.feature.application.FeatureAccessServiceTest]: FeatureAccessServiceTest does not declare any static, non-private, non-final, nested classes annotated with @Configuration.
2026-09-29 22:20:58.467 INFO  [main] o.s.b.t.c.SpringBootTestContextBootstrapper - Found @SpringBootConfiguration com.lingdong.learning.LingdongLearningApplication for test class com.lingdong.learning.feature.application.FeatureAccessServiceTest
2026-09-29 22:20:58.522 INFO  [main] o.s.t.c.s.AnnotationConfigContextLoaderUtils - Could not detect default configuration classes for test class [com.lingdong.learning.feature.application.FeatureToggleChangeServiceTest]: FeatureToggleChangeServiceTest does not declare any static, non-private, non-final, nested classes annotated with @Configuration.
2026-09-29 22:20:58.525 INFO  [main] o.s.b.t.c.SpringBootTestContextBootstrapper - Found @SpringBootConfiguration com.lingdong.learning.LingdongLearningApplication for test class com.lingdong.learning.feature.application.FeatureToggleChangeServiceTest
2026-09-29 22:20:59.083 INFO  [main] o.s.mock.web.MockServletContext - Initializing Spring TestDispatcherServlet ''
2026-09-29 22:20:59.084 INFO  [main] o.s.t.w.s.TestDispatcherServlet - Initializing Servlet ''
2026-09-29 22:20:59.084 INFO  [main] o.s.t.w.s.TestDispatcherServlet - Completed initialization in 0 ms
2026-09-29 22:20:59.104 INFO  [main] o.s.t.c.s.AnnotationConfigContextLoaderUtils - Could not detect default configuration classes for test class [com.lingdong.learning.feature.web.FeatureManagementControllerTest]: FeatureManagementControllerTest does not declare any static, non-private, non-final, nested classes annotated with @Configuration.
2026-09-29 22:20:59.151 INFO  [main] o.s.b.t.c.SpringBootTestContextBootstrapper - Found @SpringBootConfiguration com.lingdong.learning.LingdongLearningApplication for test class com.lingdong.learning.feature.web.FeatureManagementControllerTest
2026-09-29 22:20:59.174 INFO  [main] c.l.l.f.w.FeatureManagementControllerTest - Starting FeatureManagementControllerTest using Java 17.0.20 with PID 264136 (started by Administrator in E:\apps\lingdong-xuexi-code\lingdong-xuexi-server)
2026-09-29 22:20:59.175 INFO  [main] c.l.l.f.w.FeatureManagementControllerTest - The following 1 profile is active: "test"
2026-09-29 22:20:59.685 INFO  [main] o.s.d.r.c.RepositoryConfigurationDelegate - Multiple Spring Data modules found, entering strict repository configuration mode
2026-09-29 22:20:59.685 INFO  [main] o.s.d.r.c.RepositoryConfigurationDelegate - Bootstrapping Spring Data Redis repositories in DEFAULT mode.
2026-09-29 22:20:59.738 INFO  [main] o.s.d.r.c.RepositoryConfigurationDelegate - Finished Spring Data repository scanning in 51 ms. Found 0 Redis repository interfaces.
2026-09-29 22:20:59.885 INFO  [main] com.zaxxer.hikari.HikariDataSource - HikariPool-7 - Starting...
2026-09-29 22:20:59.887 INFO  [main] com.zaxxer.hikari.pool.HikariPool - HikariPool-7 - Added connection conn60: url=jdbc:h2:mem:feature_management_2aab07f433624c6ca5a25e1c8745c51b user=SA
2026-09-29 22:20:59.888 INFO  [main] com.zaxxer.hikari.HikariDataSource - HikariPool-7 - Start completed.
2026-09-29 22:20:59.889 INFO  [main] org.flywaydb.core.FlywayExecutor - Database: jdbc:h2:mem:feature_management_2aab07f433624c6ca5a25e1c8745c51b (H2 2.3)
2026-09-29 22:20:59.890 WARN  [main] o.f.c.i.database.base.Database - Flyway upgrade recommended: H2 2.3.232 is newer than this version of Flyway and support has not been tested. The latest supported version of H2 is 2.2.224.
2026-09-29 22:20:59.923 INFO  [main] o.f.c.i.s.JdbcTableSchemaHistory - Schema history table "public"."flyway_schema_history" does not exist yet
2026-09-29 22:20:59.924 INFO  [main] o.f.core.internal.command.DbValidate - Successfully validated 86 migrations (execution time 00:00.032s)
2026-09-29 22:20:59.925 INFO  [main] o.f.c.i.s.JdbcTableSchemaHistory - Creating Schema History table "public"."flyway_schema_history" ...
2026-09-29 22:20:59.929 INFO  [main] o.f.core.internal.command.DbMigrate - Current version of schema "public": << Empty Schema >>
2026-09-29 22:20:59.930 INFO  [main] o.f.core.internal.command.DbMigrate - Migrating schema "public" to version "1 - create system config"
2026-09-29 22:20:59.936 INFO  [main] o.f.core.internal.command.DbMigrate - Migrating schema "public" to version "2 - create iam rbac tables"
2026-09-29 22:20:59.942 INFO  [main] o.f.core.internal.command.DbMigrate - Migrating schema "public" to version "3 - create organization types"
2026-09-29 22:20:59.946 INFO  [main] o.f.core.internal.command.DbMigrate - Migrating schema "public" to version "4 - create user organization relations"
2026-09-29 22:20:59.949 INFO  [main] o.f.core.internal.command.DbMigrate - Migrating schema "public" to version "5 - create system task audit"
2026-09-29 22:20:59.953 INFO  [main] o.f.core.internal.command.DbMigrate - Migrating schema "public" to version "6 - create feature toggles"
2026-09-29 22:20:59.956 INFO  [main] o.f.core.internal.command.DbMigrate - Migrating schema "public" to version "7 - create feature toggle changes"
2026-09-29 22:20:59.959 INFO  [main] o.f.core.internal.command.DbMigrate - Migrating schema "public" to version "8 - create user permissions"
2026-09-29 22:20:59.961 INFO  [main] o.f.core.internal.command.DbMigrate - Migrating schema "public" to version "9 - create role data scopes"
2026-09-29 22:20:59.965 INFO  [main] o.f.core.internal.command.DbMigrate - Migrating schema "public" to version "10 - create dictionary tables"
2026-09-29 22:20:59.969 INFO  [main] o.f.core.internal.command.DbMigrate - Migrating schema "public" to version "11 - create cache operation log"
2026-09-29 22:20:59.977 INFO  [main] o.f.core.internal.command.DbMigrate - Migrating schema "public" to version "12 - create interface service tables"
2026-09-29 22:20:59.982 INFO  [main] o.f.core.internal.command.DbMigrate - Migrating schema "public" to version "13 - create attachment core tables"
2026-09-29 22:20:59.986 INFO  [main] o.f.core.internal.command.DbMigrate - Migrating schema "public" to version "14 - create import export template table"
2026-09-29 22:20:59.990 INFO  [main] o.f.core.internal.command.DbMigrate - Migrating schema "public" to version "15 - create auth device session"
2026-09-29 22:20:59.994 INFO  [main] o.f.core.internal.command.DbMigrate - Migrating schema "public" to version "16 - seed iam management permissions"
2026-09-29 22:20:59.999 INFO  [main] o.f.core.internal.command.DbMigrate - Migrating schema "public" to version "17 - seed organization management permissions"
2026-09-29 22:21:00.002 INFO  [main] o.f.core.internal.command.DbMigrate - Migrating schema "public" to version "18 - seed user directory permissions"
2026-09-29 22:21:00.007 INFO  [main] o.f.core.internal.command.DbMigrate - Migrating schema "public" to version "19 - create student relationship foundation"
2026-09-29 22:21:00.012 INFO  [main] o.f.core.internal.command.DbMigrate - Migrating schema "public" to version "20 - create parent binding invitation"
2026-09-29 22:21:00.018 INFO  [main] o.f.core.internal.command.DbMigrate - Migrating schema "public" to version "21 - create student code login"
2026-09-29 22:21:00.026 INFO  [main] o.f.core.internal.command.DbMigrate - Migrating schema "public" to version "22 - create learning task foundation"
2026-09-29 22:21:00.036 INFO  [main] o.f.core.internal.command.DbMigrate - Migrating schema "public" to version "23 - create task execution foundation"
2026-09-29 22:21:00.049 INFO  [main] o.f.core.internal.command.DbMigrate - Migrating schema "public" to version "24 - create growth point account and ledger"
2026-09-29 22:21:00.054 INFO  [main] o.f.core.internal.command.DbMigrate - Migrating schema "public" to version "25 - seed growth point query access"
2026-09-29 22:21:00.059 INFO  [main] o.f.core.internal.command.DbMigrate - Migrating schema "public" to version "26 - add growth point correction"
2026-09-29 22:21:00.065 INFO  [main] o.f.core.internal.command.DbMigrate - Migrating schema "public" to version "27 - add reward exchange"
2026-09-29 22:21:00.076 INFO  [main] o.f.core.internal.command.DbMigrate - Migrating schema "public" to version "28 - add growth review"
2026-09-29 22:21:00.085 INFO  [main] o.f.core.internal.command.DbMigrate - Migrating schema "public" to version "29 - add point lifecycle"
2026-09-29 22:21:00.113 INFO  [main] o.f.core.internal.command.DbMigrate - Migrating schema "public" to version "30 - add recurring task"
2026-09-29 22:21:00.125 INFO  [main] o.f.core.internal.command.DbMigrate - Migrating schema "public" to version "31 - add task checkin attachment"
2026-09-29 22:21:00.139 INFO  [main] o.f.core.internal.command.DbMigrate - Migrating schema "public" to version "32 - add task overdue defer"
2026-09-29 22:21:00.168 INFO  [main] o.f.core.internal.command.DbMigrate - Migrating schema "public" to version "33 - add previous day task copy"
2026-09-29 22:21:00.178 INFO  [main] o.f.core.internal.command.DbMigrate - Migrating schema "public" to version "34 - add learning task template"
2026-09-29 22:21:00.183 INFO  [main] o.f.core.internal.command.DbMigrate - Migrating schema "public" to version "35 - add student qr login"
2026-09-29 22:21:00.190 INFO  [main] o.f.core.internal.command.DbMigrate - Migrating schema "public" to version "36 - add parent phone auth"
2026-09-29 22:21:00.194 INFO  [main] o.f.core.internal.command.DbMigrate - Migrating schema "public" to version "37 - add parent wechat auth"
2026-09-29 22:21:00.199 INFO  [main] o.f.core.internal.command.DbMigrate - Migrating schema "public" to version "38 - add parent relationship lifecycle"
2026-09-29 22:21:00.208 INFO  [main] o.f.core.internal.command.DbMigrate - Migrating schema "public" to version "39 - add account security event"
2026-09-29 22:21:00.213 INFO  [main] o.f.core.internal.command.DbMigrate - Migrating schema "public" to version "40 - add organization miniapp auth"
2026-09-29 22:21:00.218 INFO  [main] o.f.core.internal.command.DbMigrate - Migrating schema "public" to version "41 - add student organization lifecycle"
2026-09-29 22:21:00.225 INFO  [main] o.f.core.internal.command.DbMigrate - Migrating schema "public" to version "42 - add parent account lifecycle"
2026-09-29 22:21:00.231 INFO  [main] o.f.core.internal.command.DbMigrate - Migrating schema "public" to version "43 - finalize parent account cancellation"
2026-09-29 22:21:00.240 INFO  [main] o.f.core.internal.command.DbMigrate - Migrating schema "public" to version "44 - add parent mobile manual recovery"
2026-09-29 22:21:00.245 INFO  [main] o.f.core.internal.command.DbMigrate - Migrating schema "public" to version "45 - add student account cancellation"
2026-09-29 22:21:00.252 INFO  [main] o.f.core.internal.command.DbMigrate - Migrating schema "public" to version "46 - add student wechat auth"
2026-09-29 22:21:00.262 INFO  [main] o.f.core.internal.command.DbMigrate - Migrating schema "public" to version "47 - add organization node lifecycle"
2026-09-29 22:21:00.276 INFO  [main] o.f.core.internal.command.DbMigrate - Migrating schema "public" to version "48 - add class management"
2026-09-29 22:21:00.280 INFO  [main] o.f.core.internal.command.DbMigrate - Migrating schema "public" to version "49 - add permission grant boundary"
2026-09-29 22:21:00.285 INFO  [main] o.f.core.internal.command.DbMigrate - Migrating schema "public" to version "50 - add iam change audit"
2026-09-29 22:21:00.288 INFO  [main] o.f.core.internal.command.DbMigrate - Migrating schema "public" to version "51 - add dictionary management"
2026-09-29 22:21:00.291 INFO  [main] o.f.core.internal.command.DbMigrate - Migrating schema "public" to version "52 - add cache management"
2026-09-29 22:21:00.294 INFO  [main] o.f.core.internal.command.DbMigrate - Migrating schema "public" to version "53 - add interface service management"
2026-09-29 22:21:00.297 INFO  [main] o.f.core.internal.command.DbMigrate - Migrating schema "public" to version "54 - add attachment management"
2026-09-29 22:21:00.300 INFO  [main] o.f.core.internal.command.DbMigrate - Migrating schema "public" to version "55 - add import export template management"
2026-09-29 22:21:00.307 INFO  [main] o.f.core.internal.command.DbMigrate - Migrating schema "public" to version "56 - add import validation job"
2026-09-29 22:21:00.315 INFO  [main] o.f.core.internal.command.DbMigrate - Migrating schema "public" to version "57 - add async export job"
2026-09-29 22:21:00.324 INFO  [main] o.f.core.internal.command.DbMigrate - Migrating schema "public" to version "58 - add student batch import"
2026-09-29 22:21:00.328 INFO  [main] o.f.core.internal.command.DbMigrate - Migrating schema "public" to version "59 - add teacher management"
2026-09-29 22:21:00.332 INFO  [main] o.f.core.internal.command.DbMigrate - Migrating schema "public" to version "60 - complete organization teacher tasks"
2026-09-29 22:21:00.335 INFO  [main] o.f.core.internal.command.DbMigrate - Migrating schema "public" to version "61 - add student exception report"
2026-09-29 22:21:00.341 INFO  [main] o.f.core.internal.command.DbMigrate - Migrating schema "public" to version "62 - add manual attendance"
2026-09-29 22:21:00.345 INFO  [main] o.f.core.internal.command.DbMigrate - Migrating schema "public" to version "63 - add export job payload"
2026-09-29 22:21:00.348 INFO  [main] o.f.core.internal.command.DbMigrate - Migrating schema "public" to version "64 - add growth review pdf feature"
2026-09-29 22:21:00.350 INFO  [main] o.f.core.internal.command.DbMigrate - Migrating schema "public" to version "65 - add growth review pdf job type"
2026-09-29 22:21:00.355 INFO  [main] o.f.core.internal.command.DbMigrate - Migrating schema "public" to version "66 - add growth review subscription"
2026-09-29 22:21:00.358 INFO  [main] o.f.core.internal.command.DbMigrate - Migrating schema "public" to version "67 - add growth review delivery queue"
2026-09-29 22:21:00.362 INFO  [main] o.f.core.internal.command.DbMigrate - Migrating schema "public" to version "68 - add anonymous rank preference"
2026-09-29 22:21:00.366 INFO  [main] o.f.core.internal.command.DbMigrate - Migrating schema "public" to version "69 - add miniapp anonymous rank permission"
2026-09-29 22:21:00.369 INFO  [main] o.f.core.internal.command.DbMigrate - Migrating schema "public" to version "70 - add miniapp parent weekly review permission"
2026-09-29 22:21:00.372 INFO  [main] o.f.core.internal.command.DbMigrate - Migrating schema "public" to version "71 - add miniapp parent reward permissions"
2026-09-29 22:21:00.375 INFO  [main] o.f.core.internal.command.DbMigrate - Migrating schema "public" to version "72 - add web system task read permission"
2026-09-29 22:21:00.378 INFO  [main] o.f.core.internal.command.DbMigrate - Migrating schema "public" to version "73 - add feature toggle management"
2026-09-29 22:21:00.386 INFO  [main] o.f.core.internal.command.DbMigrate - Migrating schema "public" to version "74 - add interface change execution audit"
2026-09-29 22:21:00.394 INFO  [main] o.f.core.internal.command.DbMigrate - Migrating schema "public" to version "75 - add interface change before snapshot"
2026-09-29 22:21:00.404 INFO  [main] o.f.core.internal.command.DbMigrate - Migrating schema "public" to version "76 - add dictionary ledger export"
2026-09-29 22:21:00.408 INFO  [main] o.f.core.internal.command.DbMigrate - Migrating schema "public" to version "77 - add template ledger export"
2026-09-29 22:21:00.413 INFO  [main] o.f.core.internal.command.DbMigrate - Migrating schema "public" to version "78 - add interface service ledger export"
2026-09-29 22:21:00.418 INFO  [main] o.f.core.internal.command.DbMigrate - Migrating schema "public" to version "79 - add cache operation log export"
2026-09-29 22:21:00.425 INFO  [main] o.f.core.internal.command.DbMigrate - Migrating schema "public" to version "80 - add system task ledger export"
2026-09-29 22:21:00.429 INFO  [main] o.f.core.internal.command.DbMigrate - Migrating schema "public" to version "81 - add reward exchange ledger export"
2026-09-29 22:21:00.433 INFO  [main] o.f.core.internal.command.DbMigrate - Migrating schema "public" to version "82 - add exception report ledger export"
2026-09-29 22:21:00.439 INFO  [main] o.f.core.internal.command.DbMigrate - Migrating schema "public" to version "83 - add attachment ledger export"
2026-09-29 22:21:00.443 INFO  [main] o.f.core.internal.command.DbMigrate - Migrating schema "public" to version "84 - add student task report export"
2026-09-29 22:21:00.448 INFO  [main] o.f.core.internal.command.DbMigrate - Migrating schema "public" to version "85 - add organization task statistics export"
2026-09-29 22:21:00.452 INFO  [main] o.f.core.internal.command.DbMigrate - Migrating schema "public" to version "86 - add attendance ledger export"
2026-09-29 22:21:00.456 INFO  [main] o.f.core.internal.command.DbMigrate - Successfully applied 86 migrations to schema "public", now at version v86 (execution time 00:00.207s)
2026-09-29 22:21:01.888 INFO  [main] o.s.b.t.m.w.SpringBootMockServletContext - Initializing Spring TestDispatcherServlet ''
2026-09-29 22:21:01.888 INFO  [main] o.s.t.w.s.TestDispatcherServlet - Initializing Servlet ''
2026-09-29 22:21:01.889 INFO  [main] o.s.t.w.s.TestDispatcherServlet - Completed initialization in 1 ms
2026-09-29 22:21:01.902 INFO  [main] c.l.l.f.w.FeatureManagementControllerTest - Started FeatureManagementControllerTest in 2.749 seconds (process running for 128.99)
2026-09-29 22:21:01.903 WARN  [main] o.s.c.events.SpringDocAppInitializer - SpringDoc /api/v1/openapi endpoint is enabled by default. To disable it in production, set the property 'springdoc.api-docs.enabled=false'
2026-09-29 22:21:04.198 INFO  [main] o.s.t.c.s.AnnotationConfigContextLoaderUtils - Could not detect default configuration classes for test class [com.lingdong.learning.FlywayMigrationTest]: FlywayMigrationTest does not declare any static, non-private, non-final, nested classes annotated with @Configuration.
2026-09-29 22:21:04.234 INFO  [main] o.s.b.t.c.SpringBootTestContextBootstrapper - Found @SpringBootConfiguration com.lingdong.learning.LingdongLearningApplication for test class com.lingdong.learning.FlywayMigrationTest
2026-09-29 22:21:05.451 INFO  [main] o.s.t.c.s.AnnotationConfigContextLoaderUtils - Could not detect default configuration classes for test class [com.lingdong.learning.growthpoint.application.AnonymousRankPersistenceTest]: AnonymousRankPersistenceTest does not declare any static, non-private, non-final, nested classes annotated with @Configuration.
2026-09-29 22:21:05.498 INFO  [main] o.s.b.t.c.SpringBootTestContextBootstrapper - Found @SpringBootConfiguration com.lingdong.learning.LingdongLearningApplication for test class com.lingdong.learning.growthpoint.application.AnonymousRankPersistenceTest
2026-09-29 22:21:05.550 INFO  [main] o.s.t.c.s.AnnotationConfigContextLoaderUtils - Could not detect default configuration classes for test class [com.lingdong.learning.growthpoint.application.AnonymousRankQueryTest]: AnonymousRankQueryTest does not declare any static, non-private, non-final, nested classes annotated with @Configuration.
2026-09-29 22:21:05.553 INFO  [main] o.s.b.t.c.SpringBootTestContextBootstrapper - Found @SpringBootConfiguration com.lingdong.learning.LingdongLearningApplication for test class com.lingdong.learning.growthpoint.application.AnonymousRankQueryTest
2026-09-29 22:21:05.634 INFO  [main] o.s.t.c.s.AnnotationConfigContextLoaderUtils - Could not detect default configuration classes for test class [com.lingdong.learning.growthpoint.application.GrowthPointDecayIntegrationTest]: GrowthPointDecayIntegrationTest does not declare any static, non-private, non-final, nested classes annotated with @Configuration.
2026-09-29 22:21:05.636 INFO  [main] o.s.b.t.c.SpringBootTestContextBootstrapper - Found @SpringBootConfiguration com.lingdong.learning.LingdongLearningApplication for test class com.lingdong.learning.growthpoint.application.GrowthPointDecayIntegrationTest
2026-09-29 22:21:05.876 WARN  [main] c.l.l.g.a.GrowthPointDormancyBatchService - 学生积分生命周期处理失败，已隔离并继续。studentId=11
java.lang.IllegalStateException: 模拟单学生失败
	at com.lingdong.learning.growthpoint.application.GrowthPointDormancyService.processStudent(GrowthPointDormancyService.java:37)
	at com.lingdong.learning.growthpoint.application.GrowthPointDormancyBatchService.processDueStudents(GrowthPointDormancyBatchService.java:58)
	at com.lingdong.learning.growthpoint.application.GrowthPointDormancyBatchServiceTest.continuesAfterOneStudentFailsAndAdvancesTheKeysetCursor(GrowthPointDormancyBatchServiceTest.java:36)
	at java.base/jdk.internal.reflect.NativeMethodAccessorImpl.invoke0(Native Method)
	at java.base/jdk.internal.reflect.NativeMethodAccessorImpl.invoke(NativeMethodAccessorImpl.java:77)
	at java.base/jdk.internal.reflect.DelegatingMethodAccessorImpl.invoke(DelegatingMethodAccessorImpl.java:43)
	at java.base/java.lang.reflect.Method.invoke(Method.java:569)
	at org.junit.platform.commons.util.ReflectionUtils.invokeMethod(ReflectionUtils.java:767)
	at org.junit.jupiter.engine.execution.MethodInvocation.proceed(MethodInvocation.java:60)
	at org.junit.jupiter.engine.execution.InvocationInterceptorChain$ValidatingInvocation.proceed(InvocationInterceptorChain.java:131)
	at org.junit.jupiter.engine.extension.TimeoutExtension.intercept(TimeoutExtension.java:156)
	at org.junit.jupiter.engine.extension.TimeoutExtension.interceptTestableMethod(TimeoutExtension.java:147)
	at org.junit.jupiter.engine.extension.TimeoutExtension.interceptTestMethod(TimeoutExtension.java:86)
	at org.junit.jupiter.engine.execution.InterceptingExecutableInvoker$ReflectiveInterceptorCall.lambda$ofVoidMethod$0(InterceptingExecutableInvoker.java:103)
	at org.junit.jupiter.engine.execution.InterceptingExecutableInvoker.lambda$invoke$0(InterceptingExecutableInvoker.java:93)
	at org.junit.jupiter.engine.execution.InvocationInterceptorChain$InterceptedInvocation.proceed(InvocationInterceptorChain.java:106)
	at org.junit.jupiter.engine.execution.InvocationInterceptorChain.proceed(InvocationInterceptorChain.java:64)
	at org.junit.jupiter.engine.execution.InvocationInterceptorChain.chainAndInvoke(InvocationInterceptorChain.java:45)
	at org.junit.jupiter.engine.execution.InvocationInterceptorChain.invoke(InvocationInterceptorChain.java:37)
	at org.junit.jupiter.engine.execution.InterceptingExecutableInvoker.invoke(InterceptingExecutableInvoker.java:92)
	at org.junit.jupiter.engine.execution.InterceptingExecutableInvoker.invoke(InterceptingExecutableInvoker.java:86)
	at org.junit.jupiter.engine.descriptor.TestMethodTestDescriptor.lambda$invokeTestMethod$8(TestMethodTestDescriptor.java:217)
	at org.junit.platform.engine.support.hierarchical.ThrowableCollector.execute(ThrowableCollector.java:73)
	at org.junit.jupiter.engine.descriptor.TestMethodTestDescriptor.invokeTestMethod(TestMethodTestDescriptor.java:213)
	at org.junit.jupiter.engine.descriptor.TestMethodTestDescriptor.execute(TestMethodTestDescriptor.java:138)
	at org.junit.jupiter.engine.descriptor.TestMethodTestDescriptor.execute(TestMethodTestDescriptor.java:68)
	at org.junit.platform.engine.support.hierarchical.NodeTestTask.lambda$executeRecursively$6(NodeTestTask.java:156)
	at org.junit.platform.engine.support.hierarchical.ThrowableCollector.execute(ThrowableCollector.java:73)
	at org.junit.platform.engine.support.hierarchical.NodeTestTask.lambda$executeRecursively$8(NodeTestTask.java:146)
	at org.junit.platform.engine.support.hierarchical.Node.around(Node.java:137)
	at org.junit.platform.engine.support.hierarchical.NodeTestTask.lambda$executeRecursively$9(NodeTestTask.java:144)
	at org.junit.platform.engine.support.hierarchical.ThrowableCollector.execute(ThrowableCollector.java:73)
	at org.junit.platform.engine.support.hierarchical.NodeTestTask.executeRecursively(NodeTestTask.java:143)
	at org.junit.platform.engine.support.hierarchical.NodeTestTask.execute(NodeTestTask.java:100)
	at java.base/java.util.ArrayList.forEach(ArrayList.java:1511)
	at org.junit.platform.engine.support.hierarchical.SameThreadHierarchicalTestExecutorService.invokeAll(SameThreadHierarchicalTestExecutorService.java:41)
	at org.junit.platform.engine.support.hierarchical.NodeTestTask.lambda$executeRecursively$6(NodeTestTask.java:160)
	at org.junit.platform.engine.support.hierarchical.ThrowableCollector.execute(ThrowableCollector.java:73)
	at org.junit.platform.engine.support.hierarchical.NodeTestTask.lambda$executeRecursively$8(NodeTestTask.java:146)
	at org.junit.platform.engine.support.hierarchical.Node.around(Node.java:137)
	at org.junit.platform.engine.support.hierarchical.NodeTestTask.lambda$executeRecursively$9(NodeTestTask.java:144)
	at org.junit.platform.engine.support.hierarchical.ThrowableCollector.execute(ThrowableCollector.java:73)
	at org.junit.platform.engine.support.hierarchical.NodeTestTask.executeRecursively(NodeTestTask.java:143)
	at org.junit.platform.engine.support.hierarchical.NodeTestTask.execute(NodeTestTask.java:100)
	at java.base/java.util.ArrayList.forEach(ArrayList.java:1511)
	at org.junit.platform.engine.support.hierarchical.SameThreadHierarchicalTestExecutorService.invokeAll(SameThreadHierarchicalTestExecutorService.java:41)
	at org.junit.platform.engine.support.hierarchical.NodeTestTask.lambda$executeRecursively$6(NodeTestTask.java:160)
	at org.junit.platform.engine.support.hierarchical.ThrowableCollector.execute(ThrowableCollector.java:73)
	at org.junit.platform.engine.support.hierarchical.NodeTestTask.lambda$executeRecursively$8(NodeTestTask.java:146)
	at org.junit.platform.engine.support.hierarchical.Node.around(Node.java:137)
	at org.junit.platform.engine.support.hierarchical.NodeTestTask.lambda$executeRecursively$9(NodeTestTask.java:144)
	at org.junit.platform.engine.support.hierarchical.ThrowableCollector.execute(ThrowableCollector.java:73)
	at org.junit.platform.engine.support.hierarchical.NodeTestTask.executeRecursively(NodeTestTask.java:143)
	at org.junit.platform.engine.support.hierarchical.NodeTestTask.execute(NodeTestTask.java:100)
	at org.junit.platform.engine.support.hierarchical.SameThreadHierarchicalTestExecutorService.submit(SameThreadHierarchicalTestExecutorService.java:35)
	at org.junit.platform.engine.support.hierarchical.HierarchicalTestExecutor.execute(HierarchicalTestExecutor.java:57)
	at org.junit.platform.engine.support.hierarchical.HierarchicalTestEngine.execute(HierarchicalTestEngine.java:54)
	at org.junit.platform.launcher.core.EngineExecutionOrchestrator.execute(EngineExecutionOrchestrator.java:198)
	at org.junit.platform.launcher.core.EngineExecutionOrchestrator.execute(EngineExecutionOrchestrator.java:169)
	at org.junit.platform.launcher.core.EngineExecutionOrchestrator.execute(EngineExecutionOrchestrator.java:93)
	at org.junit.platform.launcher.core.EngineExecutionOrchestrator.lambda$execute$0(EngineExecutionOrchestrator.java:58)
	at org.junit.platform.launcher.core.EngineExecutionOrchestrator.withInterceptedStreams(EngineExecutionOrchestrator.java:141)
	at org.junit.platform.launcher.core.EngineExecutionOrchestrator.execute(EngineExecutionOrchestrator.java:57)
	at org.junit.platform.launcher.core.DefaultLauncher.execute(DefaultLauncher.java:103)
	at org.junit.platform.launcher.core.DefaultLauncher.execute(DefaultLauncher.java:85)
	at org.junit.platform.launcher.core.DelegatingLauncher.execute(DelegatingLauncher.java:47)
	at org.apache.maven.surefire.junitplatform.LazyLauncher.execute(LazyLauncher.java:56)
	at org.apache.maven.surefire.junitplatform.JUnitPlatformProvider.execute(JUnitPlatformProvider.java:194)
	at org.apache.maven.surefire.junitplatform.JUnitPlatformProvider.invokeAllTests(JUnitPlatformProvider.java:150)
	at org.apache.maven.surefire.junitplatform.JUnitPlatformProvider.invoke(JUnitPlatformProvider.java:124)
	at java.base/jdk.internal.reflect.NativeMethodAccessorImpl.invoke0(Native Method)
	at java.base/jdk.internal.reflect.NativeMethodAccessorImpl.invoke(NativeMethodAccessorImpl.java:77)
	at java.base/jdk.internal.reflect.DelegatingMethodAccessorImpl.invoke(DelegatingMethodAccessorImpl.java:43)
	at java.base/java.lang.reflect.Method.invoke(Method.java:569)
	at org.apache.maven.surefire.api.util.ReflectionUtils.invokeMethodWithArray2(ReflectionUtils.java:137)
	at org.apache.maven.surefire.booter.ProviderFactory$ProviderProxy.invoke(ProviderFactory.java:148)
	at org.apache.maven.surefire.booter.ProviderFactory.invokeProvider(ProviderFactory.java:88)
	at org.apache.maven.plugin.surefire.InPluginVMSurefireStarter.runSuitesInProcess(InPluginVMSurefireStarter.java:91)
	at org.apache.maven.plugin.surefire.AbstractSurefireMojo.executeProvider(AbstractSurefireMojo.java:1308)
	at org.apache.maven.plugin.surefire.AbstractSurefireMojo.executeAfterPreconditionsChecked(AbstractSurefireMojo.java:1135)
	at org.apache.maven.plugin.surefire.AbstractSurefireMojo.execute(AbstractSurefireMojo.java:969)
	at org.apache.maven.plugin.DefaultBuildPluginManager.executeMojo(DefaultBuildPluginManager.java:126)
	at org.apache.maven.lifecycle.internal.MojoExecutor.doExecute2(MojoExecutor.java:328)
	at org.apache.maven.lifecycle.internal.MojoExecutor.doExecute(MojoExecutor.java:316)
	at org.apache.maven.lifecycle.internal.MojoExecutor.execute(MojoExecutor.java:212)
	at org.apache.maven.lifecycle.internal.MojoExecutor.execute(MojoExecutor.java:174)
	at org.apache.maven.lifecycle.internal.MojoExecutor.access$000(MojoExecutor.java:75)
	at org.apache.maven.lifecycle.internal.MojoExecutor$1.run(MojoExecutor.java:162)
	at org.apache.maven.plugin.DefaultMojosExecutionStrategy.execute(DefaultMojosExecutionStrategy.java:39)
	at org.apache.maven.lifecycle.internal.MojoExecutor.execute(MojoExecutor.java:159)
	at org.apache.maven.lifecycle.internal.LifecycleModuleBuilder.buildProject(LifecycleModuleBuilder.java:105)
	at org.apache.maven.lifecycle.internal.LifecycleModuleBuilder.buildProject(LifecycleModuleBuilder.java:73)
	at org.apache.maven.lifecycle.internal.builder.singlethreaded.SingleThreadedBuilder.build(SingleThreadedBuilder.java:53)
	at org.apache.maven.lifecycle.internal.LifecycleStarter.execute(LifecycleStarter.java:118)
	at org.apache.maven.DefaultMaven.doExecute(DefaultMaven.java:261)
	at org.apache.maven.DefaultMaven.doExecute(DefaultMaven.java:173)
	at org.apache.maven.DefaultMaven.execute(DefaultMaven.java:101)
	at org.apache.maven.cli.MavenCli.execute(MavenCli.java:919)
	at org.apache.maven.cli.MavenCli.doMain(MavenCli.java:285)
	at org.apache.maven.cli.MavenCli.main(MavenCli.java:207)
	at java.base/jdk.internal.reflect.NativeMethodAccessorImpl.invoke0(Native Method)
	at java.base/jdk.internal.reflect.NativeMethodAccessorImpl.invoke(NativeMethodAccessorImpl.java:77)
	at java.base/jdk.internal.reflect.DelegatingMethodAccessorImpl.invoke(DelegatingMethodAccessorImpl.java:43)
	at java.base/java.lang.reflect.Method.invoke(Method.java:569)
	at org.codehaus.plexus.classworlds.launcher.Launcher.launchEnhanced(Launcher.java:255)
	at org.codehaus.plexus.classworlds.launcher.Launcher.launch(Launcher.java:201)
	at org.codehaus.plexus.classworlds.launcher.Launcher.mainWithExitCode(Launcher.java:361)
	at org.codehaus.plexus.classworlds.launcher.Launcher.main(Launcher.java:314)
2026-09-29 22:21:06.549 WARN  [main] c.l.l.g.a.GrowthReviewBatchService - 成长复盘批量生成失败，已跳过当前学生并继续处理。studentId=11, periodType=DAY, periodStart=2026-08-10, periodEnd=2026-08-10
java.lang.IllegalStateException: 模拟单学生生成失败
	at com.lingdong.learning.growthpoint.application.GrowthReviewGenerationService.generate(GrowthReviewGenerationService.java:63)
	at com.lingdong.learning.growthpoint.application.GrowthReviewBatchService.process(GrowthReviewBatchService.java:104)
	at com.lingdong.learning.growthpoint.application.GrowthReviewBatchService.processDaily(GrowthReviewBatchService.java:53)
	at com.lingdong.learning.growthpoint.application.GrowthReviewBatchServiceTest.continuesWithTheNextStudentWhenOneReviewGenerationFails(GrowthReviewBatchServiceTest.java:108)
	at java.base/jdk.internal.reflect.NativeMethodAccessorImpl.invoke0(Native Method)
	at java.base/jdk.internal.reflect.NativeMethodAccessorImpl.invoke(NativeMethodAccessorImpl.java:77)
	at java.base/jdk.internal.reflect.DelegatingMethodAccessorImpl.invoke(DelegatingMethodAccessorImpl.java:43)
	at java.base/java.lang.reflect.Method.invoke(Method.java:569)
	at org.junit.platform.commons.util.ReflectionUtils.invokeMethod(ReflectionUtils.java:767)
	at org.junit.jupiter.engine.execution.MethodInvocation.proceed(MethodInvocation.java:60)
	at org.junit.jupiter.engine.execution.InvocationInterceptorChain$ValidatingInvocation.proceed(InvocationInterceptorChain.java:131)
	at org.junit.jupiter.engine.extension.TimeoutExtension.intercept(TimeoutExtension.java:156)
	at org.junit.jupiter.engine.extension.TimeoutExtension.interceptTestableMethod(TimeoutExtension.java:147)
	at org.junit.jupiter.engine.extension.TimeoutExtension.interceptTestMethod(TimeoutExtension.java:86)
	at org.junit.jupiter.engine.execution.InterceptingExecutableInvoker$ReflectiveInterceptorCall.lambda$ofVoidMethod$0(InterceptingExecutableInvoker.java:103)
	at org.junit.jupiter.engine.execution.InterceptingExecutableInvoker.lambda$invoke$0(InterceptingExecutableInvoker.java:93)
	at org.junit.jupiter.engine.execution.InvocationInterceptorChain$InterceptedInvocation.proceed(InvocationInterceptorChain.java:106)
	at org.junit.jupiter.engine.execution.InvocationInterceptorChain.proceed(InvocationInterceptorChain.java:64)
	at org.junit.jupiter.engine.execution.InvocationInterceptorChain.chainAndInvoke(InvocationInterceptorChain.java:45)
	at org.junit.jupiter.engine.execution.InvocationInterceptorChain.invoke(InvocationInterceptorChain.java:37)
	at org.junit.jupiter.engine.execution.InterceptingExecutableInvoker.invoke(InterceptingExecutableInvoker.java:92)
	at org.junit.jupiter.engine.execution.InterceptingExecutableInvoker.invoke(InterceptingExecutableInvoker.java:86)
	at org.junit.jupiter.engine.descriptor.TestMethodTestDescriptor.lambda$invokeTestMethod$8(TestMethodTestDescriptor.java:217)
	at org.junit.platform.engine.support.hierarchical.ThrowableCollector.execute(ThrowableCollector.java:73)
	at org.junit.jupiter.engine.descriptor.TestMethodTestDescriptor.invokeTestMethod(TestMethodTestDescriptor.java:213)
	at org.junit.jupiter.engine.descriptor.TestMethodTestDescriptor.execute(TestMethodTestDescriptor.java:138)
	at org.junit.jupiter.engine.descriptor.TestMethodTestDescriptor.execute(TestMethodTestDescriptor.java:68)
	at org.junit.platform.engine.support.hierarchical.NodeTestTask.lambda$executeRecursively$6(NodeTestTask.java:156)
	at org.junit.platform.engine.support.hierarchical.ThrowableCollector.execute(ThrowableCollector.java:73)
	at org.junit.platform.engine.support.hierarchical.NodeTestTask.lambda$executeRecursively$8(NodeTestTask.java:146)
	at org.junit.platform.engine.support.hierarchical.Node.around(Node.java:137)
	at org.junit.platform.engine.support.hierarchical.NodeTestTask.lambda$executeRecursively$9(NodeTestTask.java:144)
	at org.junit.platform.engine.support.hierarchical.ThrowableCollector.execute(ThrowableCollector.java:73)
	at org.junit.platform.engine.support.hierarchical.NodeTestTask.executeRecursively(NodeTestTask.java:143)
	at org.junit.platform.engine.support.hierarchical.NodeTestTask.execute(NodeTestTask.java:100)
	at java.base/java.util.ArrayList.forEach(ArrayList.java:1511)
	at org.junit.platform.engine.support.hierarchical.SameThreadHierarchicalTestExecutorService.invokeAll(SameThreadHierarchicalTestExecutorService.java:41)
	at org.junit.platform.engine.support.hierarchical.NodeTestTask.lambda$executeRecursively$6(NodeTestTask.java:160)
	at org.junit.platform.engine.support.hierarchical.ThrowableCollector.execute(ThrowableCollector.java:73)
	at org.junit.platform.engine.support.hierarchical.NodeTestTask.lambda$executeRecursively$8(NodeTestTask.java:146)
	at org.junit.platform.engine.support.hierarchical.Node.around(Node.java:137)
	at org.junit.platform.engine.support.hierarchical.NodeTestTask.lambda$executeRecursively$9(NodeTestTask.java:144)
	at org.junit.platform.engine.support.hierarchical.ThrowableCollector.execute(ThrowableCollector.java:73)
	at org.junit.platform.engine.support.hierarchical.NodeTestTask.executeRecursively(NodeTestTask.java:143)
	at org.junit.platform.engine.support.hierarchical.NodeTestTask.execute(NodeTestTask.java:100)
	at java.base/java.util.ArrayList.forEach(ArrayList.java:1511)
	at org.junit.platform.engine.support.hierarchical.SameThreadHierarchicalTestExecutorService.invokeAll(SameThreadHierarchicalTestExecutorService.java:41)
	at org.junit.platform.engine.support.hierarchical.NodeTestTask.lambda$executeRecursively$6(NodeTestTask.java:160)
	at org.junit.platform.engine.support.hierarchical.ThrowableCollector.execute(ThrowableCollector.java:73)
	at org.junit.platform.engine.support.hierarchical.NodeTestTask.lambda$executeRecursively$8(NodeTestTask.java:146)
	at org.junit.platform.engine.support.hierarchical.Node.around(Node.java:137)
	at org.junit.platform.engine.support.hierarchical.NodeTestTask.lambda$executeRecursively$9(NodeTestTask.java:144)
	at org.junit.platform.engine.support.hierarchical.ThrowableCollector.execute(ThrowableCollector.java:73)
	at org.junit.platform.engine.support.hierarchical.NodeTestTask.executeRecursively(NodeTestTask.java:143)
	at org.junit.platform.engine.support.hierarchical.NodeTestTask.execute(NodeTestTask.java:100)
	at org.junit.platform.engine.support.hierarchical.SameThreadHierarchicalTestExecutorService.submit(SameThreadHierarchicalTestExecutorService.java:35)
	at org.junit.platform.engine.support.hierarchical.HierarchicalTestExecutor.execute(HierarchicalTestExecutor.java:57)
	at org.junit.platform.engine.support.hierarchical.HierarchicalTestEngine.execute(HierarchicalTestEngine.java:54)
	at org.junit.platform.launcher.core.EngineExecutionOrchestrator.execute(EngineExecutionOrchestrator.java:198)
	at org.junit.platform.launcher.core.EngineExecutionOrchestrator.execute(EngineExecutionOrchestrator.java:169)
	at org.junit.platform.launcher.core.EngineExecutionOrchestrator.execute(EngineExecutionOrchestrator.java:93)
	at org.junit.platform.launcher.core.EngineExecutionOrchestrator.lambda$execute$0(EngineExecutionOrchestrator.java:58)
	at org.junit.platform.launcher.core.EngineExecutionOrchestrator.withInterceptedStreams(EngineExecutionOrchestrator.java:141)
	at org.junit.platform.launcher.core.EngineExecutionOrchestrator.execute(EngineExecutionOrchestrator.java:57)
	at org.junit.platform.launcher.core.DefaultLauncher.execute(DefaultLauncher.java:103)
	at org.junit.platform.launcher.core.DefaultLauncher.execute(DefaultLauncher.java:85)
	at org.junit.platform.launcher.core.DelegatingLauncher.execute(DelegatingLauncher.java:47)
	at org.apache.maven.surefire.junitplatform.LazyLauncher.execute(LazyLauncher.java:56)
	at org.apache.maven.surefire.junitplatform.JUnitPlatformProvider.execute(JUnitPlatformProvider.java:194)
	at org.apache.maven.surefire.junitplatform.JUnitPlatformProvider.invokeAllTests(JUnitPlatformProvider.java:150)
	at org.apache.maven.surefire.junitplatform.JUnitPlatformProvider.invoke(JUnitPlatformProvider.java:124)
	at java.base/jdk.internal.reflect.NativeMethodAccessorImpl.invoke0(Native Method)
	at java.base/jdk.internal.reflect.NativeMethodAccessorImpl.invoke(NativeMethodAccessorImpl.java:77)
	at java.base/jdk.internal.reflect.DelegatingMethodAccessorImpl.invoke(DelegatingMethodAccessorImpl.java:43)
	at java.base/java.lang.reflect.Method.invoke(Method.java:569)
	at org.apache.maven.surefire.api.util.ReflectionUtils.invokeMethodWithArray2(ReflectionUtils.java:137)
	at org.apache.maven.surefire.booter.ProviderFactory$ProviderProxy.invoke(ProviderFactory.java:148)
	at org.apache.maven.surefire.booter.ProviderFactory.invokeProvider(ProviderFactory.java:88)
	at org.apache.maven.plugin.surefire.InPluginVMSurefireStarter.runSuitesInProcess(InPluginVMSurefireStarter.java:91)
	at org.apache.maven.plugin.surefire.AbstractSurefireMojo.executeProvider(AbstractSurefireMojo.java:1308)
	at org.apache.maven.plugin.surefire.AbstractSurefireMojo.executeAfterPreconditionsChecked(AbstractSurefireMojo.java:1135)
	at org.apache.maven.plugin.surefire.AbstractSurefireMojo.execute(AbstractSurefireMojo.java:969)
	at org.apache.maven.plugin.DefaultBuildPluginManager.executeMojo(DefaultBuildPluginManager.java:126)
	at org.apache.maven.lifecycle.internal.MojoExecutor.doExecute2(MojoExecutor.java:328)
	at org.apache.maven.lifecycle.internal.MojoExecutor.doExecute(MojoExecutor.java:316)
	at org.apache.maven.lifecycle.internal.MojoExecutor.execute(MojoExecutor.java:212)
	at org.apache.maven.lifecycle.internal.MojoExecutor.execute(MojoExecutor.java:174)
	at org.apache.maven.lifecycle.internal.MojoExecutor.access$000(MojoExecutor.java:75)
	at org.apache.maven.lifecycle.internal.MojoExecutor$1.run(MojoExecutor.java:162)
	at org.apache.maven.plugin.DefaultMojosExecutionStrategy.execute(DefaultMojosExecutionStrategy.java:39)
	at org.apache.maven.lifecycle.internal.MojoExecutor.execute(MojoExecutor.java:159)
	at org.apache.maven.lifecycle.internal.LifecycleModuleBuilder.buildProject(LifecycleModuleBuilder.java:105)
	at org.apache.maven.lifecycle.internal.LifecycleModuleBuilder.buildProject(LifecycleModuleBuilder.java:73)
	at org.apache.maven.lifecycle.internal.builder.singlethreaded.SingleThreadedBuilder.build(SingleThreadedBuilder.java:53)
	at org.apache.maven.lifecycle.internal.LifecycleStarter.execute(LifecycleStarter.java:118)
	at org.apache.maven.DefaultMaven.doExecute(DefaultMaven.java:261)
	at org.apache.maven.DefaultMaven.doExecute(DefaultMaven.java:173)
	at org.apache.maven.DefaultMaven.execute(DefaultMaven.java:101)
	at org.apache.maven.cli.MavenCli.execute(MavenCli.java:919)
	at org.apache.maven.cli.MavenCli.doMain(MavenCli.java:285)
	at org.apache.maven.cli.MavenCli.main(MavenCli.java:207)
	at java.base/jdk.internal.reflect.NativeMethodAccessorImpl.invoke0(Native Method)
	at java.base/jdk.internal.reflect.NativeMethodAccessorImpl.invoke(NativeMethodAccessorImpl.java:77)
	at java.base/jdk.internal.reflect.DelegatingMethodAccessorImpl.invoke(DelegatingMethodAccessorImpl.java:43)
	at java.base/java.lang.reflect.Method.invoke(Method.java:569)
	at org.codehaus.plexus.classworlds.launcher.Launcher.launchEnhanced(Launcher.java:255)
	at org.codehaus.plexus.classworlds.launcher.Launcher.launch(Launcher.java:201)
	at org.codehaus.plexus.classworlds.launcher.Launcher.mainWithExitCode(Launcher.java:361)
	at org.codehaus.plexus.classworlds.launcher.Launcher.main(Launcher.java:314)
2026-09-29 22:21:06.571 INFO  [main] o.s.t.c.s.AnnotationConfigContextLoaderUtils - Could not detect default configuration classes for test class [com.lingdong.learning.growthpoint.application.GrowthReviewGenerationServiceTest]: GrowthReviewGenerationServiceTest does not declare any static, non-private, non-final, nested classes annotated with @Configuration.
2026-09-29 22:21:06.573 INFO  [main] o.s.b.t.c.SpringBootTestContextBootstrapper - Found @SpringBootConfiguration com.lingdong.learning.LingdongLearningApplication for test class com.lingdong.learning.growthpoint.application.GrowthReviewGenerationServiceTest
2026-09-29 22:21:06.652 INFO  [main] o.s.t.c.s.AnnotationConfigContextLoaderUtils - Could not detect default configuration classes for test class [com.lingdong.learning.growthpoint.application.GrowthReviewQueryServiceTest]: GrowthReviewQueryServiceTest does not declare any static, non-private, non-final, nested classes annotated with @Configuration.
2026-09-29 22:21:06.654 INFO  [main] o.s.b.t.c.SpringBootTestContextBootstrapper - Found @SpringBootConfiguration com.lingdong.learning.LingdongLearningApplication for test class com.lingdong.learning.growthpoint.application.GrowthReviewQueryServiceTest
2026-09-29 22:21:07.042 WARN  [main] c.l.l.g.a.GrowthReviewSubscriptionBatchService - 周报订阅排程失败，保留后续扫描重试。subscriptionId=1
java.lang.IllegalStateException: 模拟单条失败
	at com.lingdong.learning.growthpoint.application.GrowthReviewSubscriptionQueueService.prepare(GrowthReviewSubscriptionQueueService.java:25)
	at com.lingdong.learning.growthpoint.application.GrowthReviewSubscriptionBatchService.process(GrowthReviewSubscriptionBatchService.java:30)
	at com.lingdong.learning.growthpoint.application.GrowthReviewSubscriptionBatchTest.pagesByLastIdAndIsolatesOneFailure(GrowthReviewSubscriptionBatchTest.java:31)
	at java.base/jdk.internal.reflect.NativeMethodAccessorImpl.invoke0(Native Method)
	at java.base/jdk.internal.reflect.NativeMethodAccessorImpl.invoke(NativeMethodAccessorImpl.java:77)
	at java.base/jdk.internal.reflect.DelegatingMethodAccessorImpl.invoke(DelegatingMethodAccessorImpl.java:43)
	at java.base/java.lang.reflect.Method.invoke(Method.java:569)
	at org.junit.platform.commons.util.ReflectionUtils.invokeMethod(ReflectionUtils.java:767)
	at org.junit.jupiter.engine.execution.MethodInvocation.proceed(MethodInvocation.java:60)
	at org.junit.jupiter.engine.execution.InvocationInterceptorChain$ValidatingInvocation.proceed(InvocationInterceptorChain.java:131)
	at org.junit.jupiter.engine.extension.TimeoutExtension.intercept(TimeoutExtension.java:156)
	at org.junit.jupiter.engine.extension.TimeoutExtension.interceptTestableMethod(TimeoutExtension.java:147)
	at org.junit.jupiter.engine.extension.TimeoutExtension.interceptTestMethod(TimeoutExtension.java:86)
	at org.junit.jupiter.engine.execution.InterceptingExecutableInvoker$ReflectiveInterceptorCall.lambda$ofVoidMethod$0(InterceptingExecutableInvoker.java:103)
	at org.junit.jupiter.engine.execution.InterceptingExecutableInvoker.lambda$invoke$0(InterceptingExecutableInvoker.java:93)
	at org.junit.jupiter.engine.execution.InvocationInterceptorChain$InterceptedInvocation.proceed(InvocationInterceptorChain.java:106)
	at org.junit.jupiter.engine.execution.InvocationInterceptorChain.proceed(InvocationInterceptorChain.java:64)
	at org.junit.jupiter.engine.execution.InvocationInterceptorChain.chainAndInvoke(InvocationInterceptorChain.java:45)
	at org.junit.jupiter.engine.execution.InvocationInterceptorChain.invoke(InvocationInterceptorChain.java:37)
	at org.junit.jupiter.engine.execution.InterceptingExecutableInvoker.invoke(InterceptingExecutableInvoker.java:92)
	at org.junit.jupiter.engine.execution.InterceptingExecutableInvoker.invoke(InterceptingExecutableInvoker.java:86)
	at org.junit.jupiter.engine.descriptor.TestMethodTestDescriptor.lambda$invokeTestMethod$8(TestMethodTestDescriptor.java:217)
	at org.junit.platform.engine.support.hierarchical.ThrowableCollector.execute(ThrowableCollector.java:73)
	at org.junit.jupiter.engine.descriptor.TestMethodTestDescriptor.invokeTestMethod(TestMethodTestDescriptor.java:213)
	at org.junit.jupiter.engine.descriptor.TestMethodTestDescriptor.execute(TestMethodTestDescriptor.java:138)
	at org.junit.jupiter.engine.descriptor.TestMethodTestDescriptor.execute(TestMethodTestDescriptor.java:68)
	at org.junit.platform.engine.support.hierarchical.NodeTestTask.lambda$executeRecursively$6(NodeTestTask.java:156)
	at org.junit.platform.engine.support.hierarchical.ThrowableCollector.execute(ThrowableCollector.java:73)
	at org.junit.platform.engine.support.hierarchical.NodeTestTask.lambda$executeRecursively$8(NodeTestTask.java:146)
	at org.junit.platform.engine.support.hierarchical.Node.around(Node.java:137)
	at org.junit.platform.engine.support.hierarchical.NodeTestTask.lambda$executeRecursively$9(NodeTestTask.java:144)
	at org.junit.platform.engine.support.hierarchical.ThrowableCollector.execute(ThrowableCollector.java:73)
	at org.junit.platform.engine.support.hierarchical.NodeTestTask.executeRecursively(NodeTestTask.java:143)
	at org.junit.platform.engine.support.hierarchical.NodeTestTask.execute(NodeTestTask.java:100)
	at java.base/java.util.ArrayList.forEach(ArrayList.java:1511)
	at org.junit.platform.engine.support.hierarchical.SameThreadHierarchicalTestExecutorService.invokeAll(SameThreadHierarchicalTestExecutorService.java:41)
	at org.junit.platform.engine.support.hierarchical.NodeTestTask.lambda$executeRecursively$6(NodeTestTask.java:160)
	at org.junit.platform.engine.support.hierarchical.ThrowableCollector.execute(ThrowableCollector.java:73)
	at org.junit.platform.engine.support.hierarchical.NodeTestTask.lambda$executeRecursively$8(NodeTestTask.java:146)
	at org.junit.platform.engine.support.hierarchical.Node.around(Node.java:137)
	at org.junit.platform.engine.support.hierarchical.NodeTestTask.lambda$executeRecursively$9(NodeTestTask.java:144)
	at org.junit.platform.engine.support.hierarchical.ThrowableCollector.execute(ThrowableCollector.java:73)
	at org.junit.platform.engine.support.hierarchical.NodeTestTask.executeRecursively(NodeTestTask.java:143)
	at org.junit.platform.engine.support.hierarchical.NodeTestTask.execute(NodeTestTask.java:100)
	at java.base/java.util.ArrayList.forEach(ArrayList.java:1511)
	at org.junit.platform.engine.support.hierarchical.SameThreadHierarchicalTestExecutorService.invokeAll(SameThreadHierarchicalTestExecutorService.java:41)
	at org.junit.platform.engine.support.hierarchical.NodeTestTask.lambda$executeRecursively$6(NodeTestTask.java:160)
	at org.junit.platform.engine.support.hierarchical.ThrowableCollector.execute(ThrowableCollector.java:73)
	at org.junit.platform.engine.support.hierarchical.NodeTestTask.lambda$executeRecursively$8(NodeTestTask.java:146)
	at org.junit.platform.engine.support.hierarchical.Node.around(Node.java:137)
	at org.junit.platform.engine.support.hierarchical.NodeTestTask.lambda$executeRecursively$9(NodeTestTask.java:144)
	at org.junit.platform.engine.support.hierarchical.ThrowableCollector.execute(ThrowableCollector.java:73)
	at org.junit.platform.engine.support.hierarchical.NodeTestTask.executeRecursively(NodeTestTask.java:143)
	at org.junit.platform.engine.support.hierarchical.NodeTestTask.execute(NodeTestTask.java:100)
	at org.junit.platform.engine.support.hierarchical.SameThreadHierarchicalTestExecutorService.submit(SameThreadHierarchicalTestExecutorService.java:35)
	at org.junit.platform.engine.support.hierarchical.HierarchicalTestExecutor.execute(HierarchicalTestExecutor.java:57)
	at org.junit.platform.engine.support.hierarchical.HierarchicalTestEngine.execute(HierarchicalTestEngine.java:54)
	at org.junit.platform.launcher.core.EngineExecutionOrchestrator.execute(EngineExecutionOrchestrator.java:198)
	at org.junit.platform.launcher.core.EngineExecutionOrchestrator.execute(EngineExecutionOrchestrator.java:169)
	at org.junit.platform.launcher.core.EngineExecutionOrchestrator.execute(EngineExecutionOrchestrator.java:93)
	at org.junit.platform.launcher.core.EngineExecutionOrchestrator.lambda$execute$0(EngineExecutionOrchestrator.java:58)
	at org.junit.platform.launcher.core.EngineExecutionOrchestrator.withInterceptedStreams(EngineExecutionOrchestrator.java:141)
	at org.junit.platform.launcher.core.EngineExecutionOrchestrator.execute(EngineExecutionOrchestrator.java:57)
	at org.junit.platform.launcher.core.DefaultLauncher.execute(DefaultLauncher.java:103)
	at org.junit.platform.launcher.core.DefaultLauncher.execute(DefaultLauncher.java:85)
	at org.junit.platform.launcher.core.DelegatingLauncher.execute(DelegatingLauncher.java:47)
	at org.apache.maven.surefire.junitplatform.LazyLauncher.execute(LazyLauncher.java:56)
	at org.apache.maven.surefire.junitplatform.JUnitPlatformProvider.execute(JUnitPlatformProvider.java:194)
	at org.apache.maven.surefire.junitplatform.JUnitPlatformProvider.invokeAllTests(JUnitPlatformProvider.java:150)
	at org.apache.maven.surefire.junitplatform.JUnitPlatformProvider.invoke(JUnitPlatformProvider.java:124)
	at java.base/jdk.internal.reflect.NativeMethodAccessorImpl.invoke0(Native Method)
	at java.base/jdk.internal.reflect.NativeMethodAccessorImpl.invoke(NativeMethodAccessorImpl.java:77)
	at java.base/jdk.internal.reflect.DelegatingMethodAccessorImpl.invoke(DelegatingMethodAccessorImpl.java:43)
	at java.base/java.lang.reflect.Method.invoke(Method.java:569)
	at org.apache.maven.surefire.api.util.ReflectionUtils.invokeMethodWithArray2(ReflectionUtils.java:137)
	at org.apache.maven.surefire.booter.ProviderFactory$ProviderProxy.invoke(ProviderFactory.java:148)
	at org.apache.maven.surefire.booter.ProviderFactory.invokeProvider(ProviderFactory.java:88)
	at org.apache.maven.plugin.surefire.InPluginVMSurefireStarter.runSuitesInProcess(InPluginVMSurefireStarter.java:91)
	at org.apache.maven.plugin.surefire.AbstractSurefireMojo.executeProvider(AbstractSurefireMojo.java:1308)
	at org.apache.maven.plugin.surefire.AbstractSurefireMojo.executeAfterPreconditionsChecked(AbstractSurefireMojo.java:1135)
	at org.apache.maven.plugin.surefire.AbstractSurefireMojo.execute(AbstractSurefireMojo.java:969)
	at org.apache.maven.plugin.DefaultBuildPluginManager.executeMojo(DefaultBuildPluginManager.java:126)
	at org.apache.maven.lifecycle.internal.MojoExecutor.doExecute2(MojoExecutor.java:328)
	at org.apache.maven.lifecycle.internal.MojoExecutor.doExecute(MojoExecutor.java:316)
	at org.apache.maven.lifecycle.internal.MojoExecutor.execute(MojoExecutor.java:212)
	at org.apache.maven.lifecycle.internal.MojoExecutor.execute(MojoExecutor.java:174)
	at org.apache.maven.lifecycle.internal.MojoExecutor.access$000(MojoExecutor.java:75)
	at org.apache.maven.lifecycle.internal.MojoExecutor$1.run(MojoExecutor.java:162)
	at org.apache.maven.plugin.DefaultMojosExecutionStrategy.execute(DefaultMojosExecutionStrategy.java:39)
	at org.apache.maven.lifecycle.internal.MojoExecutor.execute(MojoExecutor.java:159)
	at org.apache.maven.lifecycle.internal.LifecycleModuleBuilder.buildProject(LifecycleModuleBuilder.java:105)
	at org.apache.maven.lifecycle.internal.LifecycleModuleBuilder.buildProject(LifecycleModuleBuilder.java:73)
	at org.apache.maven.lifecycle.internal.builder.singlethreaded.SingleThreadedBuilder.build(SingleThreadedBuilder.java:53)
	at org.apache.maven.lifecycle.internal.LifecycleStarter.execute(LifecycleStarter.java:118)
	at org.apache.maven.DefaultMaven.doExecute(DefaultMaven.java:261)
	at org.apache.maven.DefaultMaven.doExecute(DefaultMaven.java:173)
	at org.apache.maven.DefaultMaven.execute(DefaultMaven.java:101)
	at org.apache.maven.cli.MavenCli.execute(MavenCli.java:919)
	at org.apache.maven.cli.MavenCli.doMain(MavenCli.java:285)
	at org.apache.maven.cli.MavenCli.main(MavenCli.java:207)
	at java.base/jdk.internal.reflect.NativeMethodAccessorImpl.invoke0(Native Method)
	at java.base/jdk.internal.reflect.NativeMethodAccessorImpl.invoke(NativeMethodAccessorImpl.java:77)
	at java.base/jdk.internal.reflect.DelegatingMethodAccessorImpl.invoke(DelegatingMethodAccessorImpl.java:43)
	at java.base/java.lang.reflect.Method.invoke(Method.java:569)
	at org.codehaus.plexus.classworlds.launcher.Launcher.launchEnhanced(Launcher.java:255)
	at org.codehaus.plexus.classworlds.launcher.Launcher.launch(Launcher.java:201)
	at org.codehaus.plexus.classworlds.launcher.Launcher.mainWithExitCode(Launcher.java:361)
	at org.codehaus.plexus.classworlds.launcher.Launcher.main(Launcher.java:314)
2026-09-29 22:21:07.060 INFO  [main] o.s.t.c.s.AnnotationConfigContextLoaderUtils - Could not detect default configuration classes for test class [com.lingdong.learning.growthpoint.application.GrowthReviewSubscriptionTest]: GrowthReviewSubscriptionTest does not declare any static, non-private, non-final, nested classes annotated with @Configuration.
2026-09-29 22:21:07.061 INFO  [main] o.s.b.t.c.SpringBootTestContextBootstrapper - Found @SpringBootConfiguration com.lingdong.learning.LingdongLearningApplication for test class com.lingdong.learning.growthpoint.application.GrowthReviewSubscriptionTest
2026-09-29 22:21:07.409 INFO  [main] o.s.t.c.s.AnnotationConfigContextLoaderUtils - Could not detect default configuration classes for test class [com.lingdong.learning.growthpoint.application.MiniappParentWeeklyReviewQueryTest]: MiniappParentWeeklyReviewQueryTest does not declare any static, non-private, non-final, nested classes annotated with @Configuration.
2026-09-29 22:21:07.410 INFO  [main] o.s.b.t.c.SpringBootTestContextBootstrapper - Found @SpringBootConfiguration com.lingdong.learning.LingdongLearningApplication for test class com.lingdong.learning.growthpoint.application.MiniappParentWeeklyReviewQueryTest
2026-09-29 22:21:07.486 INFO  [main] o.s.t.c.s.AnnotationConfigContextLoaderUtils - Could not detect default configuration classes for test class [com.lingdong.learning.growthpoint.application.MiniappWeeklyPermissionMigrationTest]: MiniappWeeklyPermissionMigrationTest does not declare any static, non-private, non-final, nested classes annotated with @Configuration.
2026-09-29 22:21:07.489 INFO  [main] o.s.b.t.c.SpringBootTestContextBootstrapper - Found @SpringBootConfiguration com.lingdong.learning.LingdongLearningApplication for test class com.lingdong.learning.growthpoint.application.MiniappWeeklyPermissionMigrationTest
2026-09-29 22:21:07.541 WARN  [main] org.apache.fontbox.ttf.CmapSubtable - Format 14 cmap table is not supported and will be ignored
2026-09-29 22:21:07.587 WARN  [main] org.apache.fontbox.ttf.CmapSubtable - Format 14 cmap table is not supported and will be ignored
2026-09-29 22:21:08.064 WARN  [main] org.apache.fontbox.ttf.CmapSubtable - Format 14 cmap table is not supported and will be ignored
2026-09-29 22:21:08.130 WARN  [main] org.apache.fontbox.ttf.CmapSubtable - Format 14 cmap table is not supported and will be ignored
2026-09-29 22:21:08.185 WARN  [main] org.apache.fontbox.ttf.CmapSubtable - Format 14 cmap table is not supported and will be ignored
2026-09-29 22:21:08.417 INFO  [main] o.s.mock.web.MockServletContext - Initializing Spring TestDispatcherServlet ''
2026-09-29 22:21:08.419 INFO  [main] o.s.t.w.s.TestDispatcherServlet - Initializing Servlet ''
2026-09-29 22:21:08.419 INFO  [main] o.s.t.w.s.TestDispatcherServlet - Completed initialization in 0 ms
2026-09-29 22:21:08.436 INFO  [main] o.s.mock.web.MockServletContext - Initializing Spring TestDispatcherServlet ''
2026-09-29 22:21:08.437 INFO  [main] o.s.t.w.s.TestDispatcherServlet - Initializing Servlet ''
2026-09-29 22:21:08.438 INFO  [main] o.s.t.w.s.TestDispatcherServlet - Completed initialization in 1 ms
2026-09-29 22:21:08.449 INFO  [main] o.s.mock.web.MockServletContext - Initializing Spring TestDispatcherServlet ''
2026-09-29 22:21:08.450 INFO  [main] o.s.t.w.s.TestDispatcherServlet - Initializing Servlet ''
2026-09-29 22:21:08.450 INFO  [main] o.s.t.w.s.TestDispatcherServlet - Completed initialization in 0 ms
2026-09-29 22:21:08.496 INFO  [main] o.s.mock.web.MockServletContext - Initializing Spring TestDispatcherServlet ''
2026-09-29 22:21:08.497 INFO  [main] o.s.t.w.s.TestDispatcherServlet - Initializing Servlet ''
2026-09-29 22:21:08.498 INFO  [main] o.s.t.w.s.TestDispatcherServlet - Completed initialization in 1 ms
2026-09-29 22:21:08.503 WARN  [main] o.s.w.s.m.s.DefaultHandlerExceptionResolver - Resolved [org.springframework.web.bind.MethodArgumentNotValidException: Validation failed for argument [3] in public com.lingdong.learning.growthpoint.application.AnonymousRankQueryService$Preference com.lingdong.learning.growthpoint.web.AnonymousRankController.set(com.lingdong.learning.auth.application.AuthenticatedUser,java.lang.Long,java.lang.Long,com.lingdong.learning.growthpoint.web.AnonymousRankController$Request) with 2 errors: [Field error in object 'request' on field 'version': rejected value [null]; codes [NotNull.request.version,NotNull.version,NotNull.java.lang.Long,NotNull]; arguments [org.springframework.context.support.DefaultMessageSourceResolvable: codes [request.version,version]; arguments []; default message [version]]; default message [must not be null]] [Field error in object 'request' on field 'enabled': rejected value [null]; codes [NotNull.request.enabled,NotNull.enabled,NotNull.java.lang.Boolean,NotNull]; arguments [org.springframework.context.support.DefaultMessageSourceResolvable: codes [request.enabled,enabled]; arguments []; default message [enabled]]; default message [must not be null]] ]
2026-09-29 22:21:08.504 WARN  [main] o.s.w.s.m.s.DefaultHandlerExceptionResolver - Resolved [org.springframework.web.bind.MethodArgumentNotValidException: Validation failed for argument [3] in public com.lingdong.learning.growthpoint.application.AnonymousRankQueryService$Preference com.lingdong.learning.growthpoint.web.AnonymousRankController.set(com.lingdong.learning.auth.application.AuthenticatedUser,java.lang.Long,java.lang.Long,com.lingdong.learning.growthpoint.web.AnonymousRankController$Request): [Field error in object 'request' on field 'version': rejected value [null]; codes [NotNull.request.version,NotNull.version,NotNull.java.lang.Long,NotNull]; arguments [org.springframework.context.support.DefaultMessageSourceResolvable: codes [request.version,version]; arguments []; default message [version]]; default message [must not be null]] ]
2026-09-29 22:21:08.506 WARN  [main] o.s.w.s.m.s.DefaultHandlerExceptionResolver - Resolved [org.springframework.web.bind.MethodArgumentNotValidException: Validation failed for argument [3] in public com.lingdong.learning.growthpoint.application.AnonymousRankQueryService$Preference com.lingdong.learning.growthpoint.web.AnonymousRankController.set(com.lingdong.learning.auth.application.AuthenticatedUser,java.lang.Long,java.lang.Long,com.lingdong.learning.growthpoint.web.AnonymousRankController$Request): [Field error in object 'request' on field 'version': rejected value [-1]; codes [Min.request.version,Min.version,Min.java.lang.Long,Min]; arguments [org.springframework.context.support.DefaultMessageSourceResolvable: codes [request.version,version]; arguments []; default message [version],0]; default message [must be greater than or equal to 0]] ]
2026-09-29 22:21:08.514 INFO  [main] o.s.mock.web.MockServletContext - Initializing Spring TestDispatcherServlet ''
2026-09-29 22:21:08.516 INFO  [main] o.s.t.w.s.TestDispatcherServlet - Initializing Servlet ''
2026-09-29 22:21:08.516 INFO  [main] o.s.t.w.s.TestDispatcherServlet - Completed initialization in 0 ms
2026-09-29 22:21:08.529 INFO  [main] o.s.mock.web.MockServletContext - Initializing Spring TestDispatcherServlet ''
2026-09-29 22:21:08.531 INFO  [main] o.s.t.w.s.TestDispatcherServlet - Initializing Servlet ''
2026-09-29 22:21:08.531 INFO  [main] o.s.t.w.s.TestDispatcherServlet - Completed initialization in 0 ms
2026-09-29 22:21:08.691 INFO  [main] o.s.mock.web.MockServletContext - Initializing Spring TestDispatcherServlet ''
2026-09-29 22:21:08.692 INFO  [main] o.s.t.w.s.TestDispatcherServlet - Initializing Servlet ''
2026-09-29 22:21:08.692 INFO  [main] o.s.t.w.s.TestDispatcherServlet - Completed initialization in 0 ms
2026-09-29 22:21:08.700 INFO  [main] o.s.mock.web.MockServletContext - Initializing Spring TestDispatcherServlet ''
2026-09-29 22:21:08.700 INFO  [main] o.s.t.w.s.TestDispatcherServlet - Initializing Servlet ''
2026-09-29 22:21:08.701 INFO  [main] o.s.t.w.s.TestDispatcherServlet - Completed initialization in 1 ms
2026-09-29 22:21:08.711 INFO  [main] o.s.mock.web.MockServletContext - Initializing Spring TestDispatcherServlet ''
2026-09-29 22:21:08.711 INFO  [main] o.s.t.w.s.TestDispatcherServlet - Initializing Servlet ''
2026-09-29 22:21:08.712 INFO  [main] o.s.t.w.s.TestDispatcherServlet - Completed initialization in 0 ms
2026-09-29 22:21:08.729 INFO  [main] o.s.mock.web.MockServletContext - Initializing Spring TestDispatcherServlet ''
2026-09-29 22:21:08.729 INFO  [main] o.s.t.w.s.TestDispatcherServlet - Initializing Servlet ''
2026-09-29 22:21:08.730 INFO  [main] o.s.t.w.s.TestDispatcherServlet - Completed initialization in 0 ms
2026-09-29 22:21:08.736 INFO  [main] o.s.mock.web.MockServletContext - Initializing Spring TestDispatcherServlet ''
2026-09-29 22:21:08.737 INFO  [main] o.s.t.w.s.TestDispatcherServlet - Initializing Servlet ''
2026-09-29 22:21:08.738 INFO  [main] o.s.t.w.s.TestDispatcherServlet - Completed initialization in 1 ms
2026-09-29 22:21:08.902 INFO  [main] o.s.mock.web.MockServletContext - Initializing Spring TestDispatcherServlet ''
2026-09-29 22:21:08.904 INFO  [main] o.s.t.w.s.TestDispatcherServlet - Initializing Servlet ''
2026-09-29 22:21:08.904 INFO  [main] o.s.t.w.s.TestDispatcherServlet - Completed initialization in 0 ms
2026-09-29 22:21:08.916 INFO  [main] o.s.mock.web.MockServletContext - Initializing Spring TestDispatcherServlet ''
2026-09-29 22:21:08.917 INFO  [main] o.s.t.w.s.TestDispatcherServlet - Initializing Servlet ''
2026-09-29 22:21:08.917 INFO  [main] o.s.t.w.s.TestDispatcherServlet - Completed initialization in 0 ms
2026-09-29 22:21:08.942 INFO  [main] o.s.t.c.s.AnnotationConfigContextLoaderUtils - Could not detect default configuration classes for test class [com.lingdong.learning.growthpoint.web.RewardExchangeControllerTest]: RewardExchangeControllerTest does not declare any static, non-private, non-final, nested classes annotated with @Configuration.
2026-09-29 22:21:09.178 INFO  [main] o.s.b.t.c.SpringBootTestContextBootstrapper - Found @SpringBootConfiguration com.lingdong.learning.LingdongLearningApplication for test class com.lingdong.learning.growthpoint.web.RewardExchangeControllerTest
2026-09-29 22:21:09.263 INFO  [main] c.l.l.g.w.RewardExchangeControllerTest - Starting RewardExchangeControllerTest using Java 17.0.20 with PID 264136 (started by Administrator in E:\apps\lingdong-xuexi-code\lingdong-xuexi-server)
2026-09-29 22:21:09.263 INFO  [main] c.l.l.g.w.RewardExchangeControllerTest - The following 1 profile is active: "test"
2026-09-29 22:21:10.185 INFO  [main] o.s.d.r.c.RepositoryConfigurationDelegate - Multiple Spring Data modules found, entering strict repository configuration mode
2026-09-29 22:21:10.185 INFO  [main] o.s.d.r.c.RepositoryConfigurationDelegate - Bootstrapping Spring Data Redis repositories in DEFAULT mode.
2026-09-29 22:21:10.298 INFO  [main] o.s.d.r.c.RepositoryConfigurationDelegate - Finished Spring Data repository scanning in 106 ms. Found 0 Redis repository interfaces.
2026-09-29 22:21:10.519 INFO  [main] com.zaxxer.hikari.HikariDataSource - HikariPool-8 - Starting...
2026-09-29 22:21:10.524 INFO  [main] com.zaxxer.hikari.pool.HikariPool - HikariPool-8 - Added connection conn70: url=jdbc:h2:mem:reward_exchange_9843761b93254a348893f5ac60c3e471 user=SA
2026-09-29 22:21:10.524 INFO  [main] com.zaxxer.hikari.HikariDataSource - HikariPool-8 - Start completed.
2026-09-29 22:21:10.528 INFO  [main] org.flywaydb.core.FlywayExecutor - Database: jdbc:h2:mem:reward_exchange_9843761b93254a348893f5ac60c3e471 (H2 2.3)
2026-09-29 22:21:10.528 WARN  [main] o.f.c.i.database.base.Database - Flyway upgrade recommended: H2 2.3.232 is newer than this version of Flyway and support has not been tested. The latest supported version of H2 is 2.2.224.
2026-09-29 22:21:10.560 INFO  [main] o.f.c.i.s.JdbcTableSchemaHistory - Schema history table "public"."flyway_schema_history" does not exist yet
2026-09-29 22:21:10.561 INFO  [main] o.f.core.internal.command.DbValidate - Successfully validated 86 migrations (execution time 00:00.031s)
2026-09-29 22:21:10.562 INFO  [main] o.f.c.i.s.JdbcTableSchemaHistory - Creating Schema History table "public"."flyway_schema_history" ...
2026-09-29 22:21:10.566 INFO  [main] o.f.core.internal.command.DbMigrate - Current version of schema "public": << Empty Schema >>
2026-09-29 22:21:10.568 INFO  [main] o.f.core.internal.command.DbMigrate - Migrating schema "public" to version "1 - create system config"
2026-09-29 22:21:10.574 INFO  [main] o.f.core.internal.command.DbMigrate - Migrating schema "public" to version "2 - create iam rbac tables"
2026-09-29 22:21:10.581 INFO  [main] o.f.core.internal.command.DbMigrate - Migrating schema "public" to version "3 - create organization types"
2026-09-29 22:21:10.586 INFO  [main] o.f.core.internal.command.DbMigrate - Migrating schema "public" to version "4 - create user organization relations"
2026-09-29 22:21:10.591 INFO  [main] o.f.core.internal.command.DbMigrate - Migrating schema "public" to version "5 - create system task audit"
2026-09-29 22:21:10.595 INFO  [main] o.f.core.internal.command.DbMigrate - Migrating schema "public" to version "6 - create feature toggles"
2026-09-29 22:21:10.598 INFO  [main] o.f.core.internal.command.DbMigrate - Migrating schema "public" to version "7 - create feature toggle changes"
2026-09-29 22:21:10.600 INFO  [main] o.f.core.internal.command.DbMigrate - Migrating schema "public" to version "8 - create user permissions"
2026-09-29 22:21:10.603 INFO  [main] o.f.core.internal.command.DbMigrate - Migrating schema "public" to version "9 - create role data scopes"
2026-09-29 22:21:10.613 INFO  [main] o.f.core.internal.command.DbMigrate - Migrating schema "public" to version "10 - create dictionary tables"
2026-09-29 22:21:10.617 INFO  [main] o.f.core.internal.command.DbMigrate - Migrating schema "public" to version "11 - create cache operation log"
2026-09-29 22:21:10.627 INFO  [main] o.f.core.internal.command.DbMigrate - Migrating schema "public" to version "12 - create interface service tables"
2026-09-29 22:21:10.635 INFO  [main] o.f.core.internal.command.DbMigrate - Migrating schema "public" to version "13 - create attachment core tables"
2026-09-29 22:21:10.646 INFO  [main] o.f.core.internal.command.DbMigrate - Migrating schema "public" to version "14 - create import export template table"
2026-09-29 22:21:10.649 INFO  [main] o.f.core.internal.command.DbMigrate - Migrating schema "public" to version "15 - create auth device session"
2026-09-29 22:21:10.656 INFO  [main] o.f.core.internal.command.DbMigrate - Migrating schema "public" to version "16 - seed iam management permissions"
2026-09-29 22:21:10.661 INFO  [main] o.f.core.internal.command.DbMigrate - Migrating schema "public" to version "17 - seed organization management permissions"
2026-09-29 22:21:10.664 INFO  [main] o.f.core.internal.command.DbMigrate - Migrating schema "public" to version "18 - seed user directory permissions"
2026-09-29 22:21:10.670 INFO  [main] o.f.core.internal.command.DbMigrate - Migrating schema "public" to version "19 - create student relationship foundation"
2026-09-29 22:21:10.681 INFO  [main] o.f.core.internal.command.DbMigrate - Migrating schema "public" to version "20 - create parent binding invitation"
2026-09-29 22:21:10.688 INFO  [main] o.f.core.internal.command.DbMigrate - Migrating schema "public" to version "21 - create student code login"
2026-09-29 22:21:10.697 INFO  [main] o.f.core.internal.command.DbMigrate - Migrating schema "public" to version "22 - create learning task foundation"
2026-09-29 22:21:10.724 INFO  [main] o.f.core.internal.command.DbMigrate - Migrating schema "public" to version "23 - create task execution foundation"
2026-09-29 22:21:10.743 INFO  [main] o.f.core.internal.command.DbMigrate - Migrating schema "public" to version "24 - create growth point account and ledger"
2026-09-29 22:21:10.756 INFO  [main] o.f.core.internal.command.DbMigrate - Migrating schema "public" to version "25 - seed growth point query access"
2026-09-29 22:21:10.762 INFO  [main] o.f.core.internal.command.DbMigrate - Migrating schema "public" to version "26 - add growth point correction"
2026-09-29 22:21:10.768 INFO  [main] o.f.core.internal.command.DbMigrate - Migrating schema "public" to version "27 - add reward exchange"
2026-09-29 22:21:10.794 INFO  [main] o.f.core.internal.command.DbMigrate - Migrating schema "public" to version "28 - add growth review"
2026-09-29 22:21:10.811 INFO  [main] o.f.core.internal.command.DbMigrate - Migrating schema "public" to version "29 - add point lifecycle"
2026-09-29 22:21:10.879 INFO  [main] o.f.core.internal.command.DbMigrate - Migrating schema "public" to version "30 - add recurring task"
2026-09-29 22:21:10.898 INFO  [main] o.f.core.internal.command.DbMigrate - Migrating schema "public" to version "31 - add task checkin attachment"
2026-09-29 22:21:10.925 INFO  [main] o.f.core.internal.command.DbMigrate - Migrating schema "public" to version "32 - add task overdue defer"
2026-09-29 22:21:10.983 INFO  [main] o.f.core.internal.command.DbMigrate - Migrating schema "public" to version "33 - add previous day task copy"
2026-09-29 22:21:11.001 INFO  [main] o.f.core.internal.command.DbMigrate - Migrating schema "public" to version "34 - add learning task template"
2026-09-29 22:21:11.018 INFO  [main] o.f.core.internal.command.DbMigrate - Migrating schema "public" to version "35 - add student qr login"
2026-09-29 22:21:11.030 INFO  [main] o.f.core.internal.command.DbMigrate - Migrating schema "public" to version "36 - add parent phone auth"
2026-09-29 22:21:11.036 INFO  [main] o.f.core.internal.command.DbMigrate - Migrating schema "public" to version "37 - add parent wechat auth"
2026-09-29 22:21:11.045 INFO  [main] o.f.core.internal.command.DbMigrate - Migrating schema "public" to version "38 - add parent relationship lifecycle"
2026-09-29 22:21:11.052 INFO  [main] o.f.core.internal.command.DbMigrate - Migrating schema "public" to version "39 - add account security event"
2026-09-29 22:21:11.060 INFO  [main] o.f.core.internal.command.DbMigrate - Migrating schema "public" to version "40 - add organization miniapp auth"
2026-09-29 22:21:11.063 INFO  [main] o.f.core.internal.command.DbMigrate - Migrating schema "public" to version "41 - add student organization lifecycle"
2026-09-29 22:21:11.068 INFO  [main] o.f.core.internal.command.DbMigrate - Migrating schema "public" to version "42 - add parent account lifecycle"
2026-09-29 22:21:11.081 INFO  [main] o.f.core.internal.command.DbMigrate - Migrating schema "public" to version "43 - finalize parent account cancellation"
2026-09-29 22:21:11.097 INFO  [main] o.f.core.internal.command.DbMigrate - Migrating schema "public" to version "44 - add parent mobile manual recovery"
2026-09-29 22:21:11.107 INFO  [main] o.f.core.internal.command.DbMigrate - Migrating schema "public" to version "45 - add student account cancellation"
2026-09-29 22:21:11.113 INFO  [main] o.f.core.internal.command.DbMigrate - Migrating schema "public" to version "46 - add student wechat auth"
2026-09-29 22:21:11.124 INFO  [main] o.f.core.internal.command.DbMigrate - Migrating schema "public" to version "47 - add organization node lifecycle"
2026-09-29 22:21:11.143 INFO  [main] o.f.core.internal.command.DbMigrate - Migrating schema "public" to version "48 - add class management"
2026-09-29 22:21:11.147 INFO  [main] o.f.core.internal.command.DbMigrate - Migrating schema "public" to version "49 - add permission grant boundary"
2026-09-29 22:21:11.153 INFO  [main] o.f.core.internal.command.DbMigrate - Migrating schema "public" to version "50 - add iam change audit"
2026-09-29 22:21:11.159 INFO  [main] o.f.core.internal.command.DbMigrate - Migrating schema "public" to version "51 - add dictionary management"
2026-09-29 22:21:11.162 INFO  [main] o.f.core.internal.command.DbMigrate - Migrating schema "public" to version "52 - add cache management"
2026-09-29 22:21:11.166 INFO  [main] o.f.core.internal.command.DbMigrate - Migrating schema "public" to version "53 - add interface service management"
2026-09-29 22:21:11.170 INFO  [main] o.f.core.internal.command.DbMigrate - Migrating schema "public" to version "54 - add attachment management"
2026-09-29 22:21:11.179 INFO  [main] o.f.core.internal.command.DbMigrate - Migrating schema "public" to version "55 - add import export template management"
2026-09-29 22:21:11.186 INFO  [main] o.f.core.internal.command.DbMigrate - Migrating schema "public" to version "56 - add import validation job"
2026-09-29 22:21:11.199 INFO  [main] o.f.core.internal.command.DbMigrate - Migrating schema "public" to version "57 - add async export job"
2026-09-29 22:21:11.212 INFO  [main] o.f.core.internal.command.DbMigrate - Migrating schema "public" to version "58 - add student batch import"
2026-09-29 22:21:11.221 INFO  [main] o.f.core.internal.command.DbMigrate - Migrating schema "public" to version "59 - add teacher management"
2026-09-29 22:21:11.228 INFO  [main] o.f.core.internal.command.DbMigrate - Migrating schema "public" to version "60 - complete organization teacher tasks"
2026-09-29 22:21:11.233 INFO  [main] o.f.core.internal.command.DbMigrate - Migrating schema "public" to version "61 - add student exception report"
2026-09-29 22:21:11.241 INFO  [main] o.f.core.internal.command.DbMigrate - Migrating schema "public" to version "62 - add manual attendance"
2026-09-29 22:21:11.246 INFO  [main] o.f.core.internal.command.DbMigrate - Migrating schema "public" to version "63 - add export job payload"
2026-09-29 22:21:11.249 INFO  [main] o.f.core.internal.command.DbMigrate - Migrating schema "public" to version "64 - add growth review pdf feature"
2026-09-29 22:21:11.251 INFO  [main] o.f.core.internal.command.DbMigrate - Migrating schema "public" to version "65 - add growth review pdf job type"
2026-09-29 22:21:11.257 INFO  [main] o.f.core.internal.command.DbMigrate - Migrating schema "public" to version "66 - add growth review subscription"
2026-09-29 22:21:11.260 INFO  [main] o.f.core.internal.command.DbMigrate - Migrating schema "public" to version "67 - add growth review delivery queue"
2026-09-29 22:21:11.265 INFO  [main] o.f.core.internal.command.DbMigrate - Migrating schema "public" to version "68 - add anonymous rank preference"
2026-09-29 22:21:11.268 INFO  [main] o.f.core.internal.command.DbMigrate - Migrating schema "public" to version "69 - add miniapp anonymous rank permission"
2026-09-29 22:21:11.271 INFO  [main] o.f.core.internal.command.DbMigrate - Migrating schema "public" to version "70 - add miniapp parent weekly review permission"
2026-09-29 22:21:11.277 INFO  [main] o.f.core.internal.command.DbMigrate - Migrating schema "public" to version "71 - add miniapp parent reward permissions"
2026-09-29 22:21:11.281 INFO  [main] o.f.core.internal.command.DbMigrate - Migrating schema "public" to version "72 - add web system task read permission"
2026-09-29 22:21:11.285 INFO  [main] o.f.core.internal.command.DbMigrate - Migrating schema "public" to version "73 - add feature toggle management"
2026-09-29 22:21:11.297 INFO  [main] o.f.core.internal.command.DbMigrate - Migrating schema "public" to version "74 - add interface change execution audit"
2026-09-29 22:21:11.303 INFO  [main] o.f.core.internal.command.DbMigrate - Migrating schema "public" to version "75 - add interface change before snapshot"
2026-09-29 22:21:11.315 INFO  [main] o.f.core.internal.command.DbMigrate - Migrating schema "public" to version "76 - add dictionary ledger export"
2026-09-29 22:21:11.319 INFO  [main] o.f.core.internal.command.DbMigrate - Migrating schema "public" to version "77 - add template ledger export"
2026-09-29 22:21:11.326 INFO  [main] o.f.core.internal.command.DbMigrate - Migrating schema "public" to version "78 - add interface service ledger export"
2026-09-29 22:21:11.329 INFO  [main] o.f.core.internal.command.DbMigrate - Migrating schema "public" to version "79 - add cache operation log export"
2026-09-29 22:21:11.333 INFO  [main] o.f.core.internal.command.DbMigrate - Migrating schema "public" to version "80 - add system task ledger export"
2026-09-29 22:21:11.337 INFO  [main] o.f.core.internal.command.DbMigrate - Migrating schema "public" to version "81 - add reward exchange ledger export"
2026-09-29 22:21:11.344 INFO  [main] o.f.core.internal.command.DbMigrate - Migrating schema "public" to version "82 - add exception report ledger export"
2026-09-29 22:21:11.348 INFO  [main] o.f.core.internal.command.DbMigrate - Migrating schema "public" to version "83 - add attachment ledger export"
2026-09-29 22:21:11.352 INFO  [main] o.f.core.internal.command.DbMigrate - Migrating schema "public" to version "84 - add student task report export"
2026-09-29 22:21:11.357 INFO  [main] o.f.core.internal.command.DbMigrate - Migrating schema "public" to version "85 - add organization task statistics export"
2026-09-29 22:21:11.361 INFO  [main] o.f.core.internal.command.DbMigrate - Migrating schema "public" to version "86 - add attendance ledger export"
2026-09-29 22:21:11.363 INFO  [main] o.f.core.internal.command.DbMigrate - Successfully applied 86 migrations to schema "public", now at version v86 (execution time 00:00.396s)
2026-09-29 22:21:12.692 INFO  [main] o.s.b.t.m.w.SpringBootMockServletContext - Initializing Spring TestDispatcherServlet ''
2026-09-29 22:21:12.692 INFO  [main] o.s.t.w.s.TestDispatcherServlet - Initializing Servlet ''
2026-09-29 22:21:12.693 INFO  [main] o.s.t.w.s.TestDispatcherServlet - Completed initialization in 1 ms
2026-09-29 22:21:12.708 INFO  [main] c.l.l.g.w.RewardExchangeControllerTest - Started RewardExchangeControllerTest in 3.494 seconds (process running for 139.795)
2026-09-29 22:21:12.710 WARN  [main] o.s.c.events.SpringDocAppInitializer - SpringDoc /api/v1/openapi endpoint is enabled by default. To disable it in production, set the property 'springdoc.api-docs.enabled=false'
2026-09-29 22:21:20.972 INFO  [main] com.zaxxer.hikari.HikariDataSource - HikariPool-8 - Shutdown initiated...
2026-09-29 22:21:20.977 INFO  [main] com.zaxxer.hikari.HikariDataSource - HikariPool-8 - Shutdown completed.
2026-09-29 22:21:21.018 INFO  [main] c.l.l.g.w.RewardExchangeControllerTest - Starting RewardExchangeControllerTest using Java 17.0.20 with PID 264136 (started by Administrator in E:\apps\lingdong-xuexi-code\lingdong-xuexi-server)
2026-09-29 22:21:21.018 INFO  [main] c.l.l.g.w.RewardExchangeControllerTest - The following 1 profile is active: "test"
2026-09-29 22:21:21.643 INFO  [main] o.s.d.r.c.RepositoryConfigurationDelegate - Multiple Spring Data modules found, entering strict repository configuration mode
2026-09-29 22:21:21.644 INFO  [main] o.s.d.r.c.RepositoryConfigurationDelegate - Bootstrapping Spring Data Redis repositories in DEFAULT mode.
2026-09-29 22:21:21.745 INFO  [main] o.s.d.r.c.RepositoryConfigurationDelegate - Finished Spring Data repository scanning in 99 ms. Found 0 Redis repository interfaces.
2026-09-29 22:21:22.055 INFO  [main] com.zaxxer.hikari.HikariDataSource - HikariPool-9 - Starting...
2026-09-29 22:21:22.058 INFO  [main] com.zaxxer.hikari.pool.HikariPool - HikariPool-9 - Added connection conn80: url=jdbc:h2:mem:reward_exchange_9843761b93254a348893f5ac60c3e471 user=SA
2026-09-29 22:21:22.058 INFO  [main] com.zaxxer.hikari.HikariDataSource - HikariPool-9 - Start completed.
2026-09-29 22:21:22.060 INFO  [main] org.flywaydb.core.FlywayExecutor - Database: jdbc:h2:mem:reward_exchange_9843761b93254a348893f5ac60c3e471 (H2 2.3)
2026-09-29 22:21:22.060 WARN  [main] o.f.c.i.database.base.Database - Flyway upgrade recommended: H2 2.3.232 is newer than this version of Flyway and support has not been tested. The latest supported version of H2 is 2.2.224.
2026-09-29 22:21:22.089 INFO  [main] o.f.c.i.s.JdbcTableSchemaHistory - Schema history table "public"."flyway_schema_history" does not exist yet
2026-09-29 22:21:22.090 INFO  [main] o.f.core.internal.command.DbValidate - Successfully validated 86 migrations (execution time 00:00.028s)
2026-09-29 22:21:22.091 INFO  [main] o.f.c.i.s.JdbcTableSchemaHistory - Creating Schema History table "public"."flyway_schema_history" ...
2026-09-29 22:21:22.094 INFO  [main] o.f.core.internal.command.DbMigrate - Current version of schema "public": << Empty Schema >>
2026-09-29 22:21:22.095 INFO  [main] o.f.core.internal.command.DbMigrate - Migrating schema "public" to version "1 - create system config"
2026-09-29 22:21:22.099 INFO  [main] o.f.core.internal.command.DbMigrate - Migrating schema "public" to version "2 - create iam rbac tables"
2026-09-29 22:21:22.109 INFO  [main] o.f.core.internal.command.DbMigrate - Migrating schema "public" to version "3 - create organization types"
2026-09-29 22:21:22.114 INFO  [main] o.f.core.internal.command.DbMigrate - Migrating schema "public" to version "4 - create user organization relations"
2026-09-29 22:21:22.117 INFO  [main] o.f.core.internal.command.DbMigrate - Migrating schema "public" to version "5 - create system task audit"
2026-09-29 22:21:22.122 INFO  [main] o.f.core.internal.command.DbMigrate - Migrating schema "public" to version "6 - create feature toggles"
2026-09-29 22:21:22.125 INFO  [main] o.f.core.internal.command.DbMigrate - Migrating schema "public" to version "7 - create feature toggle changes"
2026-09-29 22:21:22.128 INFO  [main] o.f.core.internal.command.DbMigrate - Migrating schema "public" to version "8 - create user permissions"
2026-09-29 22:21:22.131 INFO  [main] o.f.core.internal.command.DbMigrate - Migrating schema "public" to version "9 - create role data scopes"
2026-09-29 22:21:22.134 INFO  [main] o.f.core.internal.command.DbMigrate - Migrating schema "public" to version "10 - create dictionary tables"
2026-09-29 22:21:22.142 INFO  [main] o.f.core.internal.command.DbMigrate - Migrating schema "public" to version "11 - create cache operation log"
2026-09-29 22:21:22.149 INFO  [main] o.f.core.internal.command.DbMigrate - Migrating schema "public" to version "12 - create interface service tables"
2026-09-29 22:21:22.158 INFO  [main] o.f.core.internal.command.DbMigrate - Migrating schema "public" to version "13 - create attachment core tables"
2026-09-29 22:21:22.164 INFO  [main] o.f.core.internal.command.DbMigrate - Migrating schema "public" to version "14 - create import export template table"
2026-09-29 22:21:22.168 INFO  [main] o.f.core.internal.command.DbMigrate - Migrating schema "public" to version "15 - create auth device session"
2026-09-29 22:21:22.177 INFO  [main] o.f.core.internal.command.DbMigrate - Migrating schema "public" to version "16 - seed iam management permissions"
2026-09-29 22:21:22.182 INFO  [main] o.f.core.internal.command.DbMigrate - Migrating schema "public" to version "17 - seed organization management permissions"
2026-09-29 22:21:22.185 INFO  [main] o.f.core.internal.command.DbMigrate - Migrating schema "public" to version "18 - seed user directory permissions"
2026-09-29 22:21:22.191 INFO  [main] o.f.core.internal.command.DbMigrate - Migrating schema "public" to version "19 - create student relationship foundation"
2026-09-29 22:21:22.196 INFO  [main] o.f.core.internal.command.DbMigrate - Migrating schema "public" to version "20 - create parent binding invitation"
2026-09-29 22:21:22.201 INFO  [main] o.f.core.internal.command.DbMigrate - Migrating schema "public" to version "21 - create student code login"
2026-09-29 22:21:22.212 INFO  [main] o.f.core.internal.command.DbMigrate - Migrating schema "public" to version "22 - create learning task foundation"
2026-09-29 22:21:22.223 INFO  [main] o.f.core.internal.command.DbMigrate - Migrating schema "public" to version "23 - create task execution foundation"
2026-09-29 22:21:22.258 INFO  [main] o.f.core.internal.command.DbMigrate - Migrating schema "public" to version "24 - create growth point account and ledger"
2026-09-29 22:21:22.264 INFO  [main] o.f.core.internal.command.DbMigrate - Migrating schema "public" to version "25 - seed growth point query access"
2026-09-29 22:21:22.267 INFO  [main] o.f.core.internal.command.DbMigrate - Migrating schema "public" to version "26 - add growth point correction"
2026-09-29 22:21:22.278 INFO  [main] o.f.core.internal.command.DbMigrate - Migrating schema "public" to version "27 - add reward exchange"
2026-09-29 22:21:22.301 INFO  [main] o.f.core.internal.command.DbMigrate - Migrating schema "public" to version "28 - add growth review"
2026-09-29 22:21:22.326 INFO  [main] o.f.core.internal.command.DbMigrate - Migrating schema "public" to version "29 - add point lifecycle"
2026-09-29 22:21:22.394 INFO  [main] o.f.core.internal.command.DbMigrate - Migrating schema "public" to version "30 - add recurring task"
2026-09-29 22:21:22.411 INFO  [main] o.f.core.internal.command.DbMigrate - Migrating schema "public" to version "31 - add task checkin attachment"
2026-09-29 22:21:22.425 INFO  [main] o.f.core.internal.command.DbMigrate - Migrating schema "public" to version "32 - add task overdue defer"
2026-09-29 22:21:22.464 INFO  [main] o.f.core.internal.command.DbMigrate - Migrating schema "public" to version "33 - add previous day task copy"
2026-09-29 22:21:22.490 INFO  [main] o.f.core.internal.command.DbMigrate - Migrating schema "public" to version "34 - add learning task template"
2026-09-29 22:21:22.500 INFO  [main] o.f.core.internal.command.DbMigrate - Migrating schema "public" to version "35 - add student qr login"
2026-09-29 22:21:22.512 INFO  [main] o.f.core.internal.command.DbMigrate - Migrating schema "public" to version "36 - add parent phone auth"
2026-09-29 22:21:22.517 INFO  [main] o.f.core.internal.command.DbMigrate - Migrating schema "public" to version "37 - add parent wechat auth"
2026-09-29 22:21:22.529 INFO  [main] o.f.core.internal.command.DbMigrate - Migrating schema "public" to version "38 - add parent relationship lifecycle"
2026-09-29 22:21:22.543 INFO  [main] o.f.core.internal.command.DbMigrate - Migrating schema "public" to version "39 - add account security event"
2026-09-29 22:21:22.549 INFO  [main] o.f.core.internal.command.DbMigrate - Migrating schema "public" to version "40 - add organization miniapp auth"
2026-09-29 22:21:22.563 INFO  [main] o.f.core.internal.command.DbMigrate - Migrating schema "public" to version "41 - add student organization lifecycle"
2026-09-29 22:21:22.575 INFO  [main] o.f.core.internal.command.DbMigrate - Migrating schema "public" to version "42 - add parent account lifecycle"
2026-09-29 22:21:22.582 INFO  [main] o.f.core.internal.command.DbMigrate - Migrating schema "public" to version "43 - finalize parent account cancellation"
2026-09-29 22:21:22.596 INFO  [main] o.f.core.internal.command.DbMigrate - Migrating schema "public" to version "44 - add parent mobile manual recovery"
2026-09-29 22:21:22.611 INFO  [main] o.f.core.internal.command.DbMigrate - Migrating schema "public" to version "45 - add student account cancellation"
2026-09-29 22:21:22.618 INFO  [main] o.f.core.internal.command.DbMigrate - Migrating schema "public" to version "46 - add student wechat auth"
2026-09-29 22:21:22.646 INFO  [main] o.f.core.internal.command.DbMigrate - Migrating schema "public" to version "47 - add organization node lifecycle"
2026-09-29 22:21:22.666 INFO  [main] o.f.core.internal.command.DbMigrate - Migrating schema "public" to version "48 - add class management"
2026-09-29 22:21:22.676 INFO  [main] o.f.core.internal.command.DbMigrate - Migrating schema "public" to version "49 - add permission grant boundary"
2026-09-29 22:21:22.693 INFO  [main] o.f.core.internal.command.DbMigrate - Migrating schema "public" to version "50 - add iam change audit"
2026-09-29 22:21:22.699 INFO  [main] o.f.core.internal.command.DbMigrate - Migrating schema "public" to version "51 - add dictionary management"
2026-09-29 22:21:22.702 INFO  [main] o.f.core.internal.command.DbMigrate - Migrating schema "public" to version "52 - add cache management"
2026-09-29 22:21:22.713 INFO  [main] o.f.core.internal.command.DbMigrate - Migrating schema "public" to version "53 - add interface service management"
2026-09-29 22:21:22.718 INFO  [main] o.f.core.internal.command.DbMigrate - Migrating schema "public" to version "54 - add attachment management"
2026-09-29 22:21:22.729 INFO  [main] o.f.core.internal.command.DbMigrate - Migrating schema "public" to version "55 - add import export template management"
2026-09-29 22:21:22.741 INFO  [main] o.f.core.internal.command.DbMigrate - Migrating schema "public" to version "56 - add import validation job"
2026-09-29 22:21:22.758 INFO  [main] o.f.core.internal.command.DbMigrate - Migrating schema "public" to version "57 - add async export job"
2026-09-29 22:21:22.772 INFO  [main] o.f.core.internal.command.DbMigrate - Migrating schema "public" to version "58 - add student batch import"
2026-09-29 22:21:22.782 INFO  [main] o.f.core.internal.command.DbMigrate - Migrating schema "public" to version "59 - add teacher management"
2026-09-29 22:21:22.791 INFO  [main] o.f.core.internal.command.DbMigrate - Migrating schema "public" to version "60 - complete organization teacher tasks"
2026-09-29 22:21:22.798 INFO  [main] o.f.core.internal.command.DbMigrate - Migrating schema "public" to version "61 - add student exception report"
2026-09-29 22:21:22.814 INFO  [main] o.f.core.internal.command.DbMigrate - Migrating schema "public" to version "62 - add manual attendance"
2026-09-29 22:21:22.823 INFO  [main] o.f.core.internal.command.DbMigrate - Migrating schema "public" to version "63 - add export job payload"
2026-09-29 22:21:22.827 INFO  [main] o.f.core.internal.command.DbMigrate - Migrating schema "public" to version "64 - add growth review pdf feature"
2026-09-29 22:21:22.830 INFO  [main] o.f.core.internal.command.DbMigrate - Migrating schema "public" to version "65 - add growth review pdf job type"
2026-09-29 22:21:22.833 INFO  [main] o.f.core.internal.command.DbMigrate - Migrating schema "public" to version "66 - add growth review subscription"
2026-09-29 22:21:22.840 INFO  [main] o.f.core.internal.command.DbMigrate - Migrating schema "public" to version "67 - add growth review delivery queue"
2026-09-29 22:21:22.846 INFO  [main] o.f.core.internal.command.DbMigrate - Migrating schema "public" to version "68 - add anonymous rank preference"
2026-09-29 22:21:22.849 INFO  [main] o.f.core.internal.command.DbMigrate - Migrating schema "public" to version "69 - add miniapp anonymous rank permission"
2026-09-29 22:21:22.851 INFO  [main] o.f.core.internal.command.DbMigrate - Migrating schema "public" to version "70 - add miniapp parent weekly review permission"
2026-09-29 22:21:22.856 INFO  [main] o.f.core.internal.command.DbMigrate - Migrating schema "public" to version "71 - add miniapp parent reward permissions"
2026-09-29 22:21:22.860 INFO  [main] o.f.core.internal.command.DbMigrate - Migrating schema "public" to version "72 - add web system task read permission"
2026-09-29 22:21:22.864 INFO  [main] o.f.core.internal.command.DbMigrate - Migrating schema "public" to version "73 - add feature toggle management"
2026-09-29 22:21:22.876 INFO  [main] o.f.core.internal.command.DbMigrate - Migrating schema "public" to version "74 - add interface change execution audit"
2026-09-29 22:21:22.882 INFO  [main] o.f.core.internal.command.DbMigrate - Migrating schema "public" to version "75 - add interface change before snapshot"
2026-09-29 22:21:22.892 INFO  [main] o.f.core.internal.command.DbMigrate - Migrating schema "public" to version "76 - add dictionary ledger export"
2026-09-29 22:21:22.897 INFO  [main] o.f.core.internal.command.DbMigrate - Migrating schema "public" to version "77 - add template ledger export"
2026-09-29 22:21:22.900 INFO  [main] o.f.core.internal.command.DbMigrate - Migrating schema "public" to version "78 - add interface service ledger export"
2026-09-29 22:21:22.904 INFO  [main] o.f.core.internal.command.DbMigrate - Migrating schema "public" to version "79 - add cache operation log export"
2026-09-29 22:21:22.910 INFO  [main] o.f.core.internal.command.DbMigrate - Migrating schema "public" to version "80 - add system task ledger export"
2026-09-29 22:21:22.914 INFO  [main] o.f.core.internal.command.DbMigrate - Migrating schema "public" to version "81 - add reward exchange ledger export"
2026-09-29 22:21:22.918 INFO  [main] o.f.core.internal.command.DbMigrate - Migrating schema "public" to version "82 - add exception report ledger export"
2026-09-29 22:21:22.926 INFO  [main] o.f.core.internal.command.DbMigrate - Migrating schema "public" to version "83 - add attachment ledger export"
2026-09-29 22:21:22.929 INFO  [main] o.f.core.internal.command.DbMigrate - Migrating schema "public" to version "84 - add student task report export"
2026-09-29 22:21:22.934 INFO  [main] o.f.core.internal.command.DbMigrate - Migrating schema "public" to version "85 - add organization task statistics export"
2026-09-29 22:21:22.942 INFO  [main] o.f.core.internal.command.DbMigrate - Migrating schema "public" to version "86 - add attendance ledger export"
2026-09-29 22:21:22.945 INFO  [main] o.f.core.internal.command.DbMigrate - Successfully applied 86 migrations to schema "public", now at version v86 (execution time 00:00.345s)
2026-09-29 22:21:24.200 INFO  [main] o.s.b.t.m.w.SpringBootMockServletContext - Initializing Spring TestDispatcherServlet ''
2026-09-29 22:21:24.201 INFO  [main] o.s.t.w.s.TestDispatcherServlet - Initializing Servlet ''
2026-09-29 22:21:24.202 INFO  [main] o.s.t.w.s.TestDispatcherServlet - Completed initialization in 1 ms
2026-09-29 22:21:24.219 INFO  [main] c.l.l.g.w.RewardExchangeControllerTest - Started RewardExchangeControllerTest in 3.24 seconds (process running for 151.306)
2026-09-29 22:21:24.220 WARN  [main] o.s.c.events.SpringDocAppInitializer - SpringDoc /api/v1/openapi endpoint is enabled by default. To disable it in production, set the property 'springdoc.api-docs.enabled=false'
2026-09-29 22:21:25.099 INFO  [main] o.s.t.c.s.AnnotationConfigContextLoaderUtils - Could not detect default configuration classes for test class [com.lingdong.learning.HealthControllerTest]: HealthControllerTest does not declare any static, non-private, non-final, nested classes annotated with @Configuration.
2026-09-29 22:21:25.101 INFO  [main] o.s.b.t.c.SpringBootTestContextBootstrapper - Found @SpringBootConfiguration com.lingdong.learning.LingdongLearningApplication for test class com.lingdong.learning.HealthControllerTest
2026-09-29 22:21:25.134 INFO  [main] o.s.t.c.s.AnnotationConfigContextLoaderUtils - Could not detect default configuration classes for test class [com.lingdong.learning.iam.application.RoleApplicationServiceTest]: RoleApplicationServiceTest does not declare any static, non-private, non-final, nested classes annotated with @Configuration.
2026-09-29 22:21:25.202 INFO  [main] o.s.b.t.c.SpringBootTestContextBootstrapper - Found @SpringBootConfiguration com.lingdong.learning.LingdongLearningApplication for test class com.lingdong.learning.iam.application.RoleApplicationServiceTest
2026-09-29 22:21:25.244 INFO  [main] o.s.t.c.s.AnnotationConfigContextLoaderUtils - Could not detect default configuration classes for test class [com.lingdong.learning.iam.audit.application.IamChangeAuditPersistenceTest]: IamChangeAuditPersistenceTest does not declare any static, non-private, non-final, nested classes annotated with @Configuration.
2026-09-29 22:21:25.303 INFO  [main] o.s.b.t.c.SpringBootTestContextBootstrapper - Found @SpringBootConfiguration com.lingdong.learning.LingdongLearningApplication for test class com.lingdong.learning.iam.audit.application.IamChangeAuditPersistenceTest
2026-09-29 22:21:25.358 INFO  [main] o.s.t.c.s.AnnotationConfigContextLoaderUtils - Could not detect default configuration classes for test class [com.lingdong.learning.iam.web.IamManagementControllerTest]: IamManagementControllerTest does not declare any static, non-private, non-final, nested classes annotated with @Configuration.
2026-09-29 22:21:25.414 INFO  [main] o.s.b.t.c.SpringBootTestContextBootstrapper - Found @SpringBootConfiguration com.lingdong.learning.LingdongLearningApplication for test class com.lingdong.learning.iam.web.IamManagementControllerTest
2026-09-29 22:21:29.174 INFO  [main] o.s.t.c.s.AnnotationConfigContextLoaderUtils - Could not detect default configuration classes for test class [com.lingdong.learning.iam.web.RoleMatrixAccessIntegrationTest]: RoleMatrixAccessIntegrationTest does not declare any static, non-private, non-final, nested classes annotated with @Configuration.
2026-09-29 22:21:29.176 INFO  [main] o.s.b.t.c.SpringBootTestContextBootstrapper - Found @SpringBootConfiguration com.lingdong.learning.LingdongLearningApplication for test class com.lingdong.learning.iam.web.RoleMatrixAccessIntegrationTest
2026-09-29 22:21:32.568 WARN  [main] c.l.l.i.a.ImportJobBatchService - 导入校验作业处理失败，作业标识=1，异常类型=IllegalStateException
2026-09-29 22:21:33.308 INFO  [main] o.s.t.c.s.AnnotationConfigContextLoaderUtils - Could not detect default configuration classes for test class [com.lingdong.learning.importjob.web.ImportJobApiIntegrationTest]: ImportJobApiIntegrationTest does not declare any static, non-private, non-final, nested classes annotated with @Configuration.
2026-09-29 22:21:33.365 INFO  [main] o.s.b.t.c.SpringBootTestContextBootstrapper - Found @SpringBootConfiguration com.lingdong.learning.LingdongLearningApplication for test class com.lingdong.learning.importjob.web.ImportJobApiIntegrationTest
2026-09-29 22:21:33.391 INFO  [main] c.l.l.i.w.ImportJobApiIntegrationTest - Starting ImportJobApiIntegrationTest using Java 17.0.20 with PID 264136 (started by Administrator in E:\apps\lingdong-xuexi-code\lingdong-xuexi-server)
2026-09-29 22:21:33.391 INFO  [main] c.l.l.i.w.ImportJobApiIntegrationTest - The following 1 profile is active: "test"
2026-09-29 22:21:34.001 INFO  [main] o.s.d.r.c.RepositoryConfigurationDelegate - Multiple Spring Data modules found, entering strict repository configuration mode
2026-09-29 22:21:34.001 INFO  [main] o.s.d.r.c.RepositoryConfigurationDelegate - Bootstrapping Spring Data Redis repositories in DEFAULT mode.
2026-09-29 22:21:34.072 INFO  [main] o.s.d.r.c.RepositoryConfigurationDelegate - Finished Spring Data repository scanning in 69 ms. Found 0 Redis repository interfaces.
2026-09-29 22:21:34.248 INFO  [main] com.zaxxer.hikari.HikariDataSource - HikariPool-10 - Starting...
2026-09-29 22:21:34.248 INFO  [main] com.zaxxer.hikari.pool.HikariPool - HikariPool-10 - Added connection conn90: url=jdbc:h2:mem:lingdong_learning user=SA
2026-09-29 22:21:34.248 INFO  [main] com.zaxxer.hikari.HikariDataSource - HikariPool-10 - Start completed.
2026-09-29 22:21:34.250 INFO  [main] org.flywaydb.core.FlywayExecutor - Database: jdbc:h2:mem:lingdong_learning (H2 2.3)
2026-09-29 22:21:34.250 WARN  [main] o.f.c.i.database.base.Database - Flyway upgrade recommended: H2 2.3.232 is newer than this version of Flyway and support has not been tested. The latest supported version of H2 is 2.2.224.
2026-09-29 22:21:34.277 INFO  [main] o.f.core.internal.command.DbValidate - Successfully validated 86 migrations (execution time 00:00.025s)
2026-09-29 22:21:34.279 INFO  [main] o.f.core.internal.command.DbMigrate - Current version of schema "public": 86
2026-09-29 22:21:34.279 INFO  [main] o.f.core.internal.command.DbMigrate - Schema "public" is up to date. No migration necessary.
2026-09-29 22:21:35.690 INFO  [main] o.s.b.t.m.w.SpringBootMockServletContext - Initializing Spring TestDispatcherServlet ''
2026-09-29 22:21:35.691 INFO  [main] o.s.t.w.s.TestDispatcherServlet - Initializing Servlet ''
2026-09-29 22:21:35.692 INFO  [main] o.s.t.w.s.TestDispatcherServlet - Completed initialization in 1 ms
2026-09-29 22:21:35.710 INFO  [main] c.l.l.i.w.ImportJobApiIntegrationTest - Started ImportJobApiIntegrationTest in 2.343 seconds (process running for 162.796)
2026-09-29 22:21:35.711 WARN  [main] o.s.c.events.SpringDocAppInitializer - SpringDoc /api/v1/openapi endpoint is enabled by default. To disable it in production, set the property 'springdoc.api-docs.enabled=false'
2026-09-29 22:21:38.201 INFO  [main] o.s.api.AbstractOpenApiResource - Init duration for springdoc-openapi is: 2189 ms
2026-09-29 22:21:38.710 INFO  [main] o.s.t.c.s.AnnotationConfigContextLoaderUtils - Could not detect default configuration classes for test class [com.lingdong.learning.interfaceconfig.application.InterfaceServiceApplicationServiceTest]: InterfaceServiceApplicationServiceTest does not declare any static, non-private, non-final, nested classes annotated with @Configuration.
2026-09-29 22:21:38.797 INFO  [main] o.s.b.t.c.SpringBootTestContextBootstrapper - Found @SpringBootConfiguration com.lingdong.learning.LingdongLearningApplication for test class com.lingdong.learning.interfaceconfig.application.InterfaceServiceApplicationServiceTest
2026-09-29 22:21:38.975 INFO  [main] o.s.t.c.s.AnnotationConfigContextLoaderUtils - Could not detect default configuration classes for test class [com.lingdong.learning.interfaceconfig.web.InterfaceServiceManagementControllerTest]: InterfaceServiceManagementControllerTest does not declare any static, non-private, non-final, nested classes annotated with @Configuration.
2026-09-29 22:21:39.083 INFO  [main] o.s.b.t.c.SpringBootTestContextBootstrapper - Found @SpringBootConfiguration com.lingdong.learning.LingdongLearningApplication for test class com.lingdong.learning.interfaceconfig.web.InterfaceServiceManagementControllerTest
2026-09-29 22:21:40.678 INFO  [main] o.s.t.c.s.AnnotationConfigContextLoaderUtils - Could not detect default configuration classes for test class [com.lingdong.learning.learningtask.application.LearningTaskAuditorBoundaryTest]: LearningTaskAuditorBoundaryTest does not declare any static, non-private, non-final, nested classes annotated with @Configuration.
2026-09-29 22:21:40.749 INFO  [main] o.s.b.t.c.SpringBootTestContextBootstrapper - Found @SpringBootConfiguration com.lingdong.learning.LingdongLearningApplication for test class com.lingdong.learning.learningtask.application.LearningTaskAuditorBoundaryTest
2026-09-29 22:21:40.908 WARN  [main] c.l.l.l.a.LearningTaskBatchPublishService - 批量发布中的任务发布失败，taskId=12
com.lingdong.learning.common.web.ResourceNotFoundException: 机密任务属于其他家长
	at com.lingdong.learning.learningtask.application.LearningTaskPublishTransactionService.publish(LearningTaskPublishTransactionService.java:19)
	at com.lingdong.learning.learningtask.application.LearningTaskBatchPublishService.publish(LearningTaskBatchPublishService.java:42)
	at com.lingdong.learning.learningtask.application.LearningTaskBatchPublishServiceTest.continuesAfterFailureAndReturnsNeutralFailureReason(LearningTaskBatchPublishServiceTest.java:50)
	at java.base/jdk.internal.reflect.NativeMethodAccessorImpl.invoke0(Native Method)
	at java.base/jdk.internal.reflect.NativeMethodAccessorImpl.invoke(NativeMethodAccessorImpl.java:77)
	at java.base/jdk.internal.reflect.DelegatingMethodAccessorImpl.invoke(DelegatingMethodAccessorImpl.java:43)
	at java.base/java.lang.reflect.Method.invoke(Method.java:569)
	at org.junit.platform.commons.util.ReflectionUtils.invokeMethod(ReflectionUtils.java:767)
	at org.junit.jupiter.engine.execution.MethodInvocation.proceed(MethodInvocation.java:60)
	at org.junit.jupiter.engine.execution.InvocationInterceptorChain$ValidatingInvocation.proceed(InvocationInterceptorChain.java:131)
	at org.junit.jupiter.engine.extension.TimeoutExtension.intercept(TimeoutExtension.java:156)
	at org.junit.jupiter.engine.extension.TimeoutExtension.interceptTestableMethod(TimeoutExtension.java:147)
	at org.junit.jupiter.engine.extension.TimeoutExtension.interceptTestMethod(TimeoutExtension.java:86)
	at org.junit.jupiter.engine.execution.InterceptingExecutableInvoker$ReflectiveInterceptorCall.lambda$ofVoidMethod$0(InterceptingExecutableInvoker.java:103)
	at org.junit.jupiter.engine.execution.InterceptingExecutableInvoker.lambda$invoke$0(InterceptingExecutableInvoker.java:93)
	at org.junit.jupiter.engine.execution.InvocationInterceptorChain$InterceptedInvocation.proceed(InvocationInterceptorChain.java:106)
	at org.junit.jupiter.engine.execution.InvocationInterceptorChain.proceed(InvocationInterceptorChain.java:64)
	at org.junit.jupiter.engine.execution.InvocationInterceptorChain.chainAndInvoke(InvocationInterceptorChain.java:45)
	at org.junit.jupiter.engine.execution.InvocationInterceptorChain.invoke(InvocationInterceptorChain.java:37)
	at org.junit.jupiter.engine.execution.InterceptingExecutableInvoker.invoke(InterceptingExecutableInvoker.java:92)
	at org.junit.jupiter.engine.execution.InterceptingExecutableInvoker.invoke(InterceptingExecutableInvoker.java:86)
	at org.junit.jupiter.engine.descriptor.TestMethodTestDescriptor.lambda$invokeTestMethod$8(TestMethodTestDescriptor.java:217)
	at org.junit.platform.engine.support.hierarchical.ThrowableCollector.execute(ThrowableCollector.java:73)
	at org.junit.jupiter.engine.descriptor.TestMethodTestDescriptor.invokeTestMethod(TestMethodTestDescriptor.java:213)
	at org.junit.jupiter.engine.descriptor.TestMethodTestDescriptor.execute(TestMethodTestDescriptor.java:138)
	at org.junit.jupiter.engine.descriptor.TestMethodTestDescriptor.execute(TestMethodTestDescriptor.java:68)
	at org.junit.platform.engine.support.hierarchical.NodeTestTask.lambda$executeRecursively$6(NodeTestTask.java:156)
	at org.junit.platform.engine.support.hierarchical.ThrowableCollector.execute(ThrowableCollector.java:73)
	at org.junit.platform.engine.support.hierarchical.NodeTestTask.lambda$executeRecursively$8(NodeTestTask.java:146)
	at org.junit.platform.engine.support.hierarchical.Node.around(Node.java:137)
	at org.junit.platform.engine.support.hierarchical.NodeTestTask.lambda$executeRecursively$9(NodeTestTask.java:144)
	at org.junit.platform.engine.support.hierarchical.ThrowableCollector.execute(ThrowableCollector.java:73)
	at org.junit.platform.engine.support.hierarchical.NodeTestTask.executeRecursively(NodeTestTask.java:143)
	at org.junit.platform.engine.support.hierarchical.NodeTestTask.execute(NodeTestTask.java:100)
	at java.base/java.util.ArrayList.forEach(ArrayList.java:1511)
	at org.junit.platform.engine.support.hierarchical.SameThreadHierarchicalTestExecutorService.invokeAll(SameThreadHierarchicalTestExecutorService.java:41)
	at org.junit.platform.engine.support.hierarchical.NodeTestTask.lambda$executeRecursively$6(NodeTestTask.java:160)
	at org.junit.platform.engine.support.hierarchical.ThrowableCollector.execute(ThrowableCollector.java:73)
	at org.junit.platform.engine.support.hierarchical.NodeTestTask.lambda$executeRecursively$8(NodeTestTask.java:146)
	at org.junit.platform.engine.support.hierarchical.Node.around(Node.java:137)
	at org.junit.platform.engine.support.hierarchical.NodeTestTask.lambda$executeRecursively$9(NodeTestTask.java:144)
	at org.junit.platform.engine.support.hierarchical.ThrowableCollector.execute(ThrowableCollector.java:73)
	at org.junit.platform.engine.support.hierarchical.NodeTestTask.executeRecursively(NodeTestTask.java:143)
	at org.junit.platform.engine.support.hierarchical.NodeTestTask.execute(NodeTestTask.java:100)
	at java.base/java.util.ArrayList.forEach(ArrayList.java:1511)
	at org.junit.platform.engine.support.hierarchical.SameThreadHierarchicalTestExecutorService.invokeAll(SameThreadHierarchicalTestExecutorService.java:41)
	at org.junit.platform.engine.support.hierarchical.NodeTestTask.lambda$executeRecursively$6(NodeTestTask.java:160)
	at org.junit.platform.engine.support.hierarchical.ThrowableCollector.execute(ThrowableCollector.java:73)
	at org.junit.platform.engine.support.hierarchical.NodeTestTask.lambda$executeRecursively$8(NodeTestTask.java:146)
	at org.junit.platform.engine.support.hierarchical.Node.around(Node.java:137)
	at org.junit.platform.engine.support.hierarchical.NodeTestTask.lambda$executeRecursively$9(NodeTestTask.java:144)
	at org.junit.platform.engine.support.hierarchical.ThrowableCollector.execute(ThrowableCollector.java:73)
	at org.junit.platform.engine.support.hierarchical.NodeTestTask.executeRecursively(NodeTestTask.java:143)
	at org.junit.platform.engine.support.hierarchical.NodeTestTask.execute(NodeTestTask.java:100)
	at org.junit.platform.engine.support.hierarchical.SameThreadHierarchicalTestExecutorService.submit(SameThreadHierarchicalTestExecutorService.java:35)
	at org.junit.platform.engine.support.hierarchical.HierarchicalTestExecutor.execute(HierarchicalTestExecutor.java:57)
	at org.junit.platform.engine.support.hierarchical.HierarchicalTestEngine.execute(HierarchicalTestEngine.java:54)
	at org.junit.platform.launcher.core.EngineExecutionOrchestrator.execute(EngineExecutionOrchestrator.java:198)
	at org.junit.platform.launcher.core.EngineExecutionOrchestrator.execute(EngineExecutionOrchestrator.java:169)
	at org.junit.platform.launcher.core.EngineExecutionOrchestrator.execute(EngineExecutionOrchestrator.java:93)
	at org.junit.platform.launcher.core.EngineExecutionOrchestrator.lambda$execute$0(EngineExecutionOrchestrator.java:58)
	at org.junit.platform.launcher.core.EngineExecutionOrchestrator.withInterceptedStreams(EngineExecutionOrchestrator.java:141)
	at org.junit.platform.launcher.core.EngineExecutionOrchestrator.execute(EngineExecutionOrchestrator.java:57)
	at org.junit.platform.launcher.core.DefaultLauncher.execute(DefaultLauncher.java:103)
	at org.junit.platform.launcher.core.DefaultLauncher.execute(DefaultLauncher.java:85)
	at org.junit.platform.launcher.core.DelegatingLauncher.execute(DelegatingLauncher.java:47)
	at org.apache.maven.surefire.junitplatform.LazyLauncher.execute(LazyLauncher.java:56)
	at org.apache.maven.surefire.junitplatform.JUnitPlatformProvider.execute(JUnitPlatformProvider.java:194)
	at org.apache.maven.surefire.junitplatform.JUnitPlatformProvider.invokeAllTests(JUnitPlatformProvider.java:150)
	at org.apache.maven.surefire.junitplatform.JUnitPlatformProvider.invoke(JUnitPlatformProvider.java:124)
	at java.base/jdk.internal.reflect.NativeMethodAccessorImpl.invoke0(Native Method)
	at java.base/jdk.internal.reflect.NativeMethodAccessorImpl.invoke(NativeMethodAccessorImpl.java:77)
	at java.base/jdk.internal.reflect.DelegatingMethodAccessorImpl.invoke(DelegatingMethodAccessorImpl.java:43)
	at java.base/java.lang.reflect.Method.invoke(Method.java:569)
	at org.apache.maven.surefire.api.util.ReflectionUtils.invokeMethodWithArray2(ReflectionUtils.java:137)
	at org.apache.maven.surefire.booter.ProviderFactory$ProviderProxy.invoke(ProviderFactory.java:148)
	at org.apache.maven.surefire.booter.ProviderFactory.invokeProvider(ProviderFactory.java:88)
	at org.apache.maven.plugin.surefire.InPluginVMSurefireStarter.runSuitesInProcess(InPluginVMSurefireStarter.java:91)
	at org.apache.maven.plugin.surefire.AbstractSurefireMojo.executeProvider(AbstractSurefireMojo.java:1308)
	at org.apache.maven.plugin.surefire.AbstractSurefireMojo.executeAfterPreconditionsChecked(AbstractSurefireMojo.java:1135)
	at org.apache.maven.plugin.surefire.AbstractSurefireMojo.execute(AbstractSurefireMojo.java:969)
	at org.apache.maven.plugin.DefaultBuildPluginManager.executeMojo(DefaultBuildPluginManager.java:126)
	at org.apache.maven.lifecycle.internal.MojoExecutor.doExecute2(MojoExecutor.java:328)
	at org.apache.maven.lifecycle.internal.MojoExecutor.doExecute(MojoExecutor.java:316)
	at org.apache.maven.lifecycle.internal.MojoExecutor.execute(MojoExecutor.java:212)
	at org.apache.maven.lifecycle.internal.MojoExecutor.execute(MojoExecutor.java:174)
	at org.apache.maven.lifecycle.internal.MojoExecutor.access$000(MojoExecutor.java:75)
	at org.apache.maven.lifecycle.internal.MojoExecutor$1.run(MojoExecutor.java:162)
	at org.apache.maven.plugin.DefaultMojosExecutionStrategy.execute(DefaultMojosExecutionStrategy.java:39)
	at org.apache.maven.lifecycle.internal.MojoExecutor.execute(MojoExecutor.java:159)
	at org.apache.maven.lifecycle.internal.LifecycleModuleBuilder.buildProject(LifecycleModuleBuilder.java:105)
	at org.apache.maven.lifecycle.internal.LifecycleModuleBuilder.buildProject(LifecycleModuleBuilder.java:73)
	at org.apache.maven.lifecycle.internal.builder.singlethreaded.SingleThreadedBuilder.build(SingleThreadedBuilder.java:53)
	at org.apache.maven.lifecycle.internal.LifecycleStarter.execute(LifecycleStarter.java:118)
	at org.apache.maven.DefaultMaven.doExecute(DefaultMaven.java:261)
	at org.apache.maven.DefaultMaven.doExecute(DefaultMaven.java:173)
	at org.apache.maven.DefaultMaven.execute(DefaultMaven.java:101)
	at org.apache.maven.cli.MavenCli.execute(MavenCli.java:919)
	at org.apache.maven.cli.MavenCli.doMain(MavenCli.java:285)
	at org.apache.maven.cli.MavenCli.main(MavenCli.java:207)
	at java.base/jdk.internal.reflect.NativeMethodAccessorImpl.invoke0(Native Method)
	at java.base/jdk.internal.reflect.NativeMethodAccessorImpl.invoke(NativeMethodAccessorImpl.java:77)
	at java.base/jdk.internal.reflect.DelegatingMethodAccessorImpl.invoke(DelegatingMethodAccessorImpl.java:43)
	at java.base/java.lang.reflect.Method.invoke(Method.java:569)
	at org.codehaus.plexus.classworlds.launcher.Launcher.launchEnhanced(Launcher.java:255)
	at org.codehaus.plexus.classworlds.launcher.Launcher.launch(Launcher.java:201)
	at org.codehaus.plexus.classworlds.launcher.Launcher.mainWithExitCode(Launcher.java:361)
	at org.codehaus.plexus.classworlds.launcher.Launcher.main(Launcher.java:314)
2026-09-29 22:21:41.375 INFO  [main] o.s.t.c.s.AnnotationConfigContextLoaderUtils - Could not detect default configuration classes for test class [com.lingdong.learning.learningtask.application.LearningTaskTemplatePersistenceTest]: LearningTaskTemplatePersistenceTest does not declare any static, non-private, non-final, nested classes annotated with @Configuration.
2026-09-29 22:21:41.376 INFO  [main] o.s.b.t.c.SpringBootTestContextBootstrapper - Found @SpringBootConfiguration com.lingdong.learning.LingdongLearningApplication for test class com.lingdong.learning.learningtask.application.LearningTaskTemplatePersistenceTest
2026-09-29 22:21:42.060 INFO  [main] o.s.t.c.s.AnnotationConfigContextLoaderUtils - Could not detect default configuration classes for test class [com.lingdong.learning.learningtask.application.PreviousDayTaskCopyPersistenceTest]: PreviousDayTaskCopyPersistenceTest does not declare any static, non-private, non-final, nested classes annotated with @Configuration.
2026-09-29 22:21:42.062 INFO  [main] o.s.b.t.c.SpringBootTestContextBootstrapper - Found @SpringBootConfiguration com.lingdong.learning.LingdongLearningApplication for test class com.lingdong.learning.learningtask.application.PreviousDayTaskCopyPersistenceTest
2026-09-29 22:21:42.108 INFO  [main] com.zaxxer.hikari.HikariDataSource - HikariPool-1 - Shutdown initiated...
2026-09-29 22:21:42.110 INFO  [main] com.zaxxer.hikari.HikariDataSource - HikariPool-1 - Shutdown completed.
2026-09-29 22:21:42.558 WARN  [main] c.l.l.l.a.RecurringTaskGenerationBatchService - 固定任务计划生成失败，已隔离并继续。recurrenceId=11
java.lang.IllegalStateException: 模拟计划失败
	at com.lingdong.learning.learningtask.application.RecurringTaskGenerationTransactionService.generate(RecurringTaskGenerationTransactionService.java:20)
	at com.lingdong.learning.learningtask.application.RecurringTaskGenerationBatchService.processDuePlans(RecurringTaskGenerationBatchService.java:58)
	at com.lingdong.learning.learningtask.application.RecurringTaskGenerationBatchServiceTest.continuesAfterOnePlanFailsAndAdvancesTheKeysetCursor(RecurringTaskGenerationBatchServiceTest.java:39)
	at java.base/jdk.internal.reflect.NativeMethodAccessorImpl.invoke0(Native Method)
	at java.base/jdk.internal.reflect.NativeMethodAccessorImpl.invoke(NativeMethodAccessorImpl.java:77)
	at java.base/jdk.internal.reflect.DelegatingMethodAccessorImpl.invoke(DelegatingMethodAccessorImpl.java:43)
	at java.base/java.lang.reflect.Method.invoke(Method.java:569)
	at org.junit.platform.commons.util.ReflectionUtils.invokeMethod(ReflectionUtils.java:767)
	at org.junit.jupiter.engine.execution.MethodInvocation.proceed(MethodInvocation.java:60)
	at org.junit.jupiter.engine.execution.InvocationInterceptorChain$ValidatingInvocation.proceed(InvocationInterceptorChain.java:131)
	at org.junit.jupiter.engine.extension.TimeoutExtension.intercept(TimeoutExtension.java:156)
	at org.junit.jupiter.engine.extension.TimeoutExtension.interceptTestableMethod(TimeoutExtension.java:147)
	at org.junit.jupiter.engine.extension.TimeoutExtension.interceptTestMethod(TimeoutExtension.java:86)
	at org.junit.jupiter.engine.execution.InterceptingExecutableInvoker$ReflectiveInterceptorCall.lambda$ofVoidMethod$0(InterceptingExecutableInvoker.java:103)
	at org.junit.jupiter.engine.execution.InterceptingExecutableInvoker.lambda$invoke$0(InterceptingExecutableInvoker.java:93)
	at org.junit.jupiter.engine.execution.InvocationInterceptorChain$InterceptedInvocation.proceed(InvocationInterceptorChain.java:106)
	at org.junit.jupiter.engine.execution.InvocationInterceptorChain.proceed(InvocationInterceptorChain.java:64)
	at org.junit.jupiter.engine.execution.InvocationInterceptorChain.chainAndInvoke(InvocationInterceptorChain.java:45)
	at org.junit.jupiter.engine.execution.InvocationInterceptorChain.invoke(InvocationInterceptorChain.java:37)
	at org.junit.jupiter.engine.execution.InterceptingExecutableInvoker.invoke(InterceptingExecutableInvoker.java:92)
	at org.junit.jupiter.engine.execution.InterceptingExecutableInvoker.invoke(InterceptingExecutableInvoker.java:86)
	at org.junit.jupiter.engine.descriptor.TestMethodTestDescriptor.lambda$invokeTestMethod$8(TestMethodTestDescriptor.java:217)
	at org.junit.platform.engine.support.hierarchical.ThrowableCollector.execute(ThrowableCollector.java:73)
	at org.junit.jupiter.engine.descriptor.TestMethodTestDescriptor.invokeTestMethod(TestMethodTestDescriptor.java:213)
	at org.junit.jupiter.engine.descriptor.TestMethodTestDescriptor.execute(TestMethodTestDescriptor.java:138)
	at org.junit.jupiter.engine.descriptor.TestMethodTestDescriptor.execute(TestMethodTestDescriptor.java:68)
	at org.junit.platform.engine.support.hierarchical.NodeTestTask.lambda$executeRecursively$6(NodeTestTask.java:156)
	at org.junit.platform.engine.support.hierarchical.ThrowableCollector.execute(ThrowableCollector.java:73)
	at org.junit.platform.engine.support.hierarchical.NodeTestTask.lambda$executeRecursively$8(NodeTestTask.java:146)
	at org.junit.platform.engine.support.hierarchical.Node.around(Node.java:137)
	at org.junit.platform.engine.support.hierarchical.NodeTestTask.lambda$executeRecursively$9(NodeTestTask.java:144)
	at org.junit.platform.engine.support.hierarchical.ThrowableCollector.execute(ThrowableCollector.java:73)
	at org.junit.platform.engine.support.hierarchical.NodeTestTask.executeRecursively(NodeTestTask.java:143)
	at org.junit.platform.engine.support.hierarchical.NodeTestTask.execute(NodeTestTask.java:100)
	at java.base/java.util.ArrayList.forEach(ArrayList.java:1511)
	at org.junit.platform.engine.support.hierarchical.SameThreadHierarchicalTestExecutorService.invokeAll(SameThreadHierarchicalTestExecutorService.java:41)
	at org.junit.platform.engine.support.hierarchical.NodeTestTask.lambda$executeRecursively$6(NodeTestTask.java:160)
	at org.junit.platform.engine.support.hierarchical.ThrowableCollector.execute(ThrowableCollector.java:73)
	at org.junit.platform.engine.support.hierarchical.NodeTestTask.lambda$executeRecursively$8(NodeTestTask.java:146)
	at org.junit.platform.engine.support.hierarchical.Node.around(Node.java:137)
	at org.junit.platform.engine.support.hierarchical.NodeTestTask.lambda$executeRecursively$9(NodeTestTask.java:144)
	at org.junit.platform.engine.support.hierarchical.ThrowableCollector.execute(ThrowableCollector.java:73)
	at org.junit.platform.engine.support.hierarchical.NodeTestTask.executeRecursively(NodeTestTask.java:143)
	at org.junit.platform.engine.support.hierarchical.NodeTestTask.execute(NodeTestTask.java:100)
	at java.base/java.util.ArrayList.forEach(ArrayList.java:1511)
	at org.junit.platform.engine.support.hierarchical.SameThreadHierarchicalTestExecutorService.invokeAll(SameThreadHierarchicalTestExecutorService.java:41)
	at org.junit.platform.engine.support.hierarchical.NodeTestTask.lambda$executeRecursively$6(NodeTestTask.java:160)
	at org.junit.platform.engine.support.hierarchical.ThrowableCollector.execute(ThrowableCollector.java:73)
	at org.junit.platform.engine.support.hierarchical.NodeTestTask.lambda$executeRecursively$8(NodeTestTask.java:146)
	at org.junit.platform.engine.support.hierarchical.Node.around(Node.java:137)
	at org.junit.platform.engine.support.hierarchical.NodeTestTask.lambda$executeRecursively$9(NodeTestTask.java:144)
	at org.junit.platform.engine.support.hierarchical.ThrowableCollector.execute(ThrowableCollector.java:73)
	at org.junit.platform.engine.support.hierarchical.NodeTestTask.executeRecursively(NodeTestTask.java:143)
	at org.junit.platform.engine.support.hierarchical.NodeTestTask.execute(NodeTestTask.java:100)
	at org.junit.platform.engine.support.hierarchical.SameThreadHierarchicalTestExecutorService.submit(SameThreadHierarchicalTestExecutorService.java:35)
	at org.junit.platform.engine.support.hierarchical.HierarchicalTestExecutor.execute(HierarchicalTestExecutor.java:57)
	at org.junit.platform.engine.support.hierarchical.HierarchicalTestEngine.execute(HierarchicalTestEngine.java:54)
	at org.junit.platform.launcher.core.EngineExecutionOrchestrator.execute(EngineExecutionOrchestrator.java:198)
	at org.junit.platform.launcher.core.EngineExecutionOrchestrator.execute(EngineExecutionOrchestrator.java:169)
	at org.junit.platform.launcher.core.EngineExecutionOrchestrator.execute(EngineExecutionOrchestrator.java:93)
	at org.junit.platform.launcher.core.EngineExecutionOrchestrator.lambda$execute$0(EngineExecutionOrchestrator.java:58)
	at org.junit.platform.launcher.core.EngineExecutionOrchestrator.withInterceptedStreams(EngineExecutionOrchestrator.java:141)
	at org.junit.platform.launcher.core.EngineExecutionOrchestrator.execute(EngineExecutionOrchestrator.java:57)
	at org.junit.platform.launcher.core.DefaultLauncher.execute(DefaultLauncher.java:103)
	at org.junit.platform.launcher.core.DefaultLauncher.execute(DefaultLauncher.java:85)
	at org.junit.platform.launcher.core.DelegatingLauncher.execute(DelegatingLauncher.java:47)
	at org.apache.maven.surefire.junitplatform.LazyLauncher.execute(LazyLauncher.java:56)
	at org.apache.maven.surefire.junitplatform.JUnitPlatformProvider.execute(JUnitPlatformProvider.java:194)
	at org.apache.maven.surefire.junitplatform.JUnitPlatformProvider.invokeAllTests(JUnitPlatformProvider.java:150)
	at org.apache.maven.surefire.junitplatform.JUnitPlatformProvider.invoke(JUnitPlatformProvider.java:124)
	at java.base/jdk.internal.reflect.NativeMethodAccessorImpl.invoke0(Native Method)
	at java.base/jdk.internal.reflect.NativeMethodAccessorImpl.invoke(NativeMethodAccessorImpl.java:77)
	at java.base/jdk.internal.reflect.DelegatingMethodAccessorImpl.invoke(DelegatingMethodAccessorImpl.java:43)
	at java.base/java.lang.reflect.Method.invoke(Method.java:569)
	at org.apache.maven.surefire.api.util.ReflectionUtils.invokeMethodWithArray2(ReflectionUtils.java:137)
	at org.apache.maven.surefire.booter.ProviderFactory$ProviderProxy.invoke(ProviderFactory.java:148)
	at org.apache.maven.surefire.booter.ProviderFactory.invokeProvider(ProviderFactory.java:88)
	at org.apache.maven.plugin.surefire.InPluginVMSurefireStarter.runSuitesInProcess(InPluginVMSurefireStarter.java:91)
	at org.apache.maven.plugin.surefire.AbstractSurefireMojo.executeProvider(AbstractSurefireMojo.java:1308)
	at org.apache.maven.plugin.surefire.AbstractSurefireMojo.executeAfterPreconditionsChecked(AbstractSurefireMojo.java:1135)
	at org.apache.maven.plugin.surefire.AbstractSurefireMojo.execute(AbstractSurefireMojo.java:969)
	at org.apache.maven.plugin.DefaultBuildPluginManager.executeMojo(DefaultBuildPluginManager.java:126)
	at org.apache.maven.lifecycle.internal.MojoExecutor.doExecute2(MojoExecutor.java:328)
	at org.apache.maven.lifecycle.internal.MojoExecutor.doExecute(MojoExecutor.java:316)
	at org.apache.maven.lifecycle.internal.MojoExecutor.execute(MojoExecutor.java:212)
	at org.apache.maven.lifecycle.internal.MojoExecutor.execute(MojoExecutor.java:174)
	at org.apache.maven.lifecycle.internal.MojoExecutor.access$000(MojoExecutor.java:75)
	at org.apache.maven.lifecycle.internal.MojoExecutor$1.run(MojoExecutor.java:162)
	at org.apache.maven.plugin.DefaultMojosExecutionStrategy.execute(DefaultMojosExecutionStrategy.java:39)
	at org.apache.maven.lifecycle.internal.MojoExecutor.execute(MojoExecutor.java:159)
	at org.apache.maven.lifecycle.internal.LifecycleModuleBuilder.buildProject(LifecycleModuleBuilder.java:105)
	at org.apache.maven.lifecycle.internal.LifecycleModuleBuilder.buildProject(LifecycleModuleBuilder.java:73)
	at org.apache.maven.lifecycle.internal.builder.singlethreaded.SingleThreadedBuilder.build(SingleThreadedBuilder.java:53)
	at org.apache.maven.lifecycle.internal.LifecycleStarter.execute(LifecycleStarter.java:118)
	at org.apache.maven.DefaultMaven.doExecute(DefaultMaven.java:261)
	at org.apache.maven.DefaultMaven.doExecute(DefaultMaven.java:173)
	at org.apache.maven.DefaultMaven.execute(DefaultMaven.java:101)
	at org.apache.maven.cli.MavenCli.execute(MavenCli.java:919)
	at org.apache.maven.cli.MavenCli.doMain(MavenCli.java:285)
	at org.apache.maven.cli.MavenCli.main(MavenCli.java:207)
	at java.base/jdk.internal.reflect.NativeMethodAccessorImpl.invoke0(Native Method)
	at java.base/jdk.internal.reflect.NativeMethodAccessorImpl.invoke(NativeMethodAccessorImpl.java:77)
	at java.base/jdk.internal.reflect.DelegatingMethodAccessorImpl.invoke(DelegatingMethodAccessorImpl.java:43)
	at java.base/java.lang.reflect.Method.invoke(Method.java:569)
	at org.codehaus.plexus.classworlds.launcher.Launcher.launchEnhanced(Launcher.java:255)
	at org.codehaus.plexus.classworlds.launcher.Launcher.launch(Launcher.java:201)
	at org.codehaus.plexus.classworlds.launcher.Launcher.mainWithExitCode(Launcher.java:361)
	at org.codehaus.plexus.classworlds.launcher.Launcher.main(Launcher.java:314)
2026-09-29 22:21:43.012 WARN  [main] c.l.l.l.a.TaskAutoDeferBatchService - 任务自动顺延失败，已隔离并继续。assignmentId=11
java.lang.IllegalStateException: 模拟单条失败
	at com.lingdong.learning.learningtask.application.TaskDeferTransactionService.deferAutomatically(TaskDeferTransactionService.java:20)
	at com.lingdong.learning.learningtask.application.TaskAutoDeferBatchService.processYesterdayAssignments(TaskAutoDeferBatchService.java:59)
	at com.lingdong.learning.learningtask.application.TaskAutoDeferBatchServiceTest.processesYesterdayCandidatesWithIndependentFailureIsolation(TaskAutoDeferBatchServiceTest.java:43)
	at java.base/jdk.internal.reflect.NativeMethodAccessorImpl.invoke0(Native Method)
	at java.base/jdk.internal.reflect.NativeMethodAccessorImpl.invoke(NativeMethodAccessorImpl.java:77)
	at java.base/jdk.internal.reflect.DelegatingMethodAccessorImpl.invoke(DelegatingMethodAccessorImpl.java:43)
	at java.base/java.lang.reflect.Method.invoke(Method.java:569)
	at org.junit.platform.commons.util.ReflectionUtils.invokeMethod(ReflectionUtils.java:767)
	at org.junit.jupiter.engine.execution.MethodInvocation.proceed(MethodInvocation.java:60)
	at org.junit.jupiter.engine.execution.InvocationInterceptorChain$ValidatingInvocation.proceed(InvocationInterceptorChain.java:131)
	at org.junit.jupiter.engine.extension.TimeoutExtension.intercept(TimeoutExtension.java:156)
	at org.junit.jupiter.engine.extension.TimeoutExtension.interceptTestableMethod(TimeoutExtension.java:147)
	at org.junit.jupiter.engine.extension.TimeoutExtension.interceptTestMethod(TimeoutExtension.java:86)
	at org.junit.jupiter.engine.execution.InterceptingExecutableInvoker$ReflectiveInterceptorCall.lambda$ofVoidMethod$0(InterceptingExecutableInvoker.java:103)
	at org.junit.jupiter.engine.execution.InterceptingExecutableInvoker.lambda$invoke$0(InterceptingExecutableInvoker.java:93)
	at org.junit.jupiter.engine.execution.InvocationInterceptorChain$InterceptedInvocation.proceed(InvocationInterceptorChain.java:106)
	at org.junit.jupiter.engine.execution.InvocationInterceptorChain.proceed(InvocationInterceptorChain.java:64)
	at org.junit.jupiter.engine.execution.InvocationInterceptorChain.chainAndInvoke(InvocationInterceptorChain.java:45)
	at org.junit.jupiter.engine.execution.InvocationInterceptorChain.invoke(InvocationInterceptorChain.java:37)
	at org.junit.jupiter.engine.execution.InterceptingExecutableInvoker.invoke(InterceptingExecutableInvoker.java:92)
	at org.junit.jupiter.engine.execution.InterceptingExecutableInvoker.invoke(InterceptingExecutableInvoker.java:86)
	at org.junit.jupiter.engine.descriptor.TestMethodTestDescriptor.lambda$invokeTestMethod$8(TestMethodTestDescriptor.java:217)
	at org.junit.platform.engine.support.hierarchical.ThrowableCollector.execute(ThrowableCollector.java:73)
	at org.junit.jupiter.engine.descriptor.TestMethodTestDescriptor.invokeTestMethod(TestMethodTestDescriptor.java:213)
	at org.junit.jupiter.engine.descriptor.TestMethodTestDescriptor.execute(TestMethodTestDescriptor.java:138)
	at org.junit.jupiter.engine.descriptor.TestMethodTestDescriptor.execute(TestMethodTestDescriptor.java:68)
	at org.junit.platform.engine.support.hierarchical.NodeTestTask.lambda$executeRecursively$6(NodeTestTask.java:156)
	at org.junit.platform.engine.support.hierarchical.ThrowableCollector.execute(ThrowableCollector.java:73)
	at org.junit.platform.engine.support.hierarchical.NodeTestTask.lambda$executeRecursively$8(NodeTestTask.java:146)
	at org.junit.platform.engine.support.hierarchical.Node.around(Node.java:137)
	at org.junit.platform.engine.support.hierarchical.NodeTestTask.lambda$executeRecursively$9(NodeTestTask.java:144)
	at org.junit.platform.engine.support.hierarchical.ThrowableCollector.execute(ThrowableCollector.java:73)
	at org.junit.platform.engine.support.hierarchical.NodeTestTask.executeRecursively(NodeTestTask.java:143)
	at org.junit.platform.engine.support.hierarchical.NodeTestTask.execute(NodeTestTask.java:100)
	at java.base/java.util.ArrayList.forEach(ArrayList.java:1511)
	at org.junit.platform.engine.support.hierarchical.SameThreadHierarchicalTestExecutorService.invokeAll(SameThreadHierarchicalTestExecutorService.java:41)
	at org.junit.platform.engine.support.hierarchical.NodeTestTask.lambda$executeRecursively$6(NodeTestTask.java:160)
	at org.junit.platform.engine.support.hierarchical.ThrowableCollector.execute(ThrowableCollector.java:73)
	at org.junit.platform.engine.support.hierarchical.NodeTestTask.lambda$executeRecursively$8(NodeTestTask.java:146)
	at org.junit.platform.engine.support.hierarchical.Node.around(Node.java:137)
	at org.junit.platform.engine.support.hierarchical.NodeTestTask.lambda$executeRecursively$9(NodeTestTask.java:144)
	at org.junit.platform.engine.support.hierarchical.ThrowableCollector.execute(ThrowableCollector.java:73)
	at org.junit.platform.engine.support.hierarchical.NodeTestTask.executeRecursively(NodeTestTask.java:143)
	at org.junit.platform.engine.support.hierarchical.NodeTestTask.execute(NodeTestTask.java:100)
	at java.base/java.util.ArrayList.forEach(ArrayList.java:1511)
	at org.junit.platform.engine.support.hierarchical.SameThreadHierarchicalTestExecutorService.invokeAll(SameThreadHierarchicalTestExecutorService.java:41)
	at org.junit.platform.engine.support.hierarchical.NodeTestTask.lambda$executeRecursively$6(NodeTestTask.java:160)
	at org.junit.platform.engine.support.hierarchical.ThrowableCollector.execute(ThrowableCollector.java:73)
	at org.junit.platform.engine.support.hierarchical.NodeTestTask.lambda$executeRecursively$8(NodeTestTask.java:146)
	at org.junit.platform.engine.support.hierarchical.Node.around(Node.java:137)
	at org.junit.platform.engine.support.hierarchical.NodeTestTask.lambda$executeRecursively$9(NodeTestTask.java:144)
	at org.junit.platform.engine.support.hierarchical.ThrowableCollector.execute(ThrowableCollector.java:73)
	at org.junit.platform.engine.support.hierarchical.NodeTestTask.executeRecursively(NodeTestTask.java:143)
	at org.junit.platform.engine.support.hierarchical.NodeTestTask.execute(NodeTestTask.java:100)
	at org.junit.platform.engine.support.hierarchical.SameThreadHierarchicalTestExecutorService.submit(SameThreadHierarchicalTestExecutorService.java:35)
	at org.junit.platform.engine.support.hierarchical.HierarchicalTestExecutor.execute(HierarchicalTestExecutor.java:57)
	at org.junit.platform.engine.support.hierarchical.HierarchicalTestEngine.execute(HierarchicalTestEngine.java:54)
	at org.junit.platform.launcher.core.EngineExecutionOrchestrator.execute(EngineExecutionOrchestrator.java:198)
	at org.junit.platform.launcher.core.EngineExecutionOrchestrator.execute(EngineExecutionOrchestrator.java:169)
	at org.junit.platform.launcher.core.EngineExecutionOrchestrator.execute(EngineExecutionOrchestrator.java:93)
	at org.junit.platform.launcher.core.EngineExecutionOrchestrator.lambda$execute$0(EngineExecutionOrchestrator.java:58)
	at org.junit.platform.launcher.core.EngineExecutionOrchestrator.withInterceptedStreams(EngineExecutionOrchestrator.java:141)
	at org.junit.platform.launcher.core.EngineExecutionOrchestrator.execute(EngineExecutionOrchestrator.java:57)
	at org.junit.platform.launcher.core.DefaultLauncher.execute(DefaultLauncher.java:103)
	at org.junit.platform.launcher.core.DefaultLauncher.execute(DefaultLauncher.java:85)
	at org.junit.platform.launcher.core.DelegatingLauncher.execute(DelegatingLauncher.java:47)
	at org.apache.maven.surefire.junitplatform.LazyLauncher.execute(LazyLauncher.java:56)
	at org.apache.maven.surefire.junitplatform.JUnitPlatformProvider.execute(JUnitPlatformProvider.java:194)
	at org.apache.maven.surefire.junitplatform.JUnitPlatformProvider.invokeAllTests(JUnitPlatformProvider.java:150)
	at org.apache.maven.surefire.junitplatform.JUnitPlatformProvider.invoke(JUnitPlatformProvider.java:124)
	at java.base/jdk.internal.reflect.NativeMethodAccessorImpl.invoke0(Native Method)
	at java.base/jdk.internal.reflect.NativeMethodAccessorImpl.invoke(NativeMethodAccessorImpl.java:77)
	at java.base/jdk.internal.reflect.DelegatingMethodAccessorImpl.invoke(DelegatingMethodAccessorImpl.java:43)
	at java.base/java.lang.reflect.Method.invoke(Method.java:569)
	at org.apache.maven.surefire.api.util.ReflectionUtils.invokeMethodWithArray2(ReflectionUtils.java:137)
	at org.apache.maven.surefire.booter.ProviderFactory$ProviderProxy.invoke(ProviderFactory.java:148)
	at org.apache.maven.surefire.booter.ProviderFactory.invokeProvider(ProviderFactory.java:88)
	at org.apache.maven.plugin.surefire.InPluginVMSurefireStarter.runSuitesInProcess(InPluginVMSurefireStarter.java:91)
	at org.apache.maven.plugin.surefire.AbstractSurefireMojo.executeProvider(AbstractSurefireMojo.java:1308)
	at org.apache.maven.plugin.surefire.AbstractSurefireMojo.executeAfterPreconditionsChecked(AbstractSurefireMojo.java:1135)
	at org.apache.maven.plugin.surefire.AbstractSurefireMojo.execute(AbstractSurefireMojo.java:969)
	at org.apache.maven.plugin.DefaultBuildPluginManager.executeMojo(DefaultBuildPluginManager.java:126)
	at org.apache.maven.lifecycle.internal.MojoExecutor.doExecute2(MojoExecutor.java:328)
	at org.apache.maven.lifecycle.internal.MojoExecutor.doExecute(MojoExecutor.java:316)
	at org.apache.maven.lifecycle.internal.MojoExecutor.execute(MojoExecutor.java:212)
	at org.apache.maven.lifecycle.internal.MojoExecutor.execute(MojoExecutor.java:174)
	at org.apache.maven.lifecycle.internal.MojoExecutor.access$000(MojoExecutor.java:75)
	at org.apache.maven.lifecycle.internal.MojoExecutor$1.run(MojoExecutor.java:162)
	at org.apache.maven.plugin.DefaultMojosExecutionStrategy.execute(DefaultMojosExecutionStrategy.java:39)
	at org.apache.maven.lifecycle.internal.MojoExecutor.execute(MojoExecutor.java:159)
	at org.apache.maven.lifecycle.internal.LifecycleModuleBuilder.buildProject(LifecycleModuleBuilder.java:105)
	at org.apache.maven.lifecycle.internal.LifecycleModuleBuilder.buildProject(LifecycleModuleBuilder.java:73)
	at org.apache.maven.lifecycle.internal.builder.singlethreaded.SingleThreadedBuilder.build(SingleThreadedBuilder.java:53)
	at org.apache.maven.lifecycle.internal.LifecycleStarter.execute(LifecycleStarter.java:118)
	at org.apache.maven.DefaultMaven.doExecute(DefaultMaven.java:261)
	at org.apache.maven.DefaultMaven.doExecute(DefaultMaven.java:173)
	at org.apache.maven.DefaultMaven.execute(DefaultMaven.java:101)
	at org.apache.maven.cli.MavenCli.execute(MavenCli.java:919)
	at org.apache.maven.cli.MavenCli.doMain(MavenCli.java:285)
	at org.apache.maven.cli.MavenCli.main(MavenCli.java:207)
	at java.base/jdk.internal.reflect.NativeMethodAccessorImpl.invoke0(Native Method)
	at java.base/jdk.internal.reflect.NativeMethodAccessorImpl.invoke(NativeMethodAccessorImpl.java:77)
	at java.base/jdk.internal.reflect.DelegatingMethodAccessorImpl.invoke(DelegatingMethodAccessorImpl.java:43)
	at java.base/java.lang.reflect.Method.invoke(Method.java:569)
	at org.codehaus.plexus.classworlds.launcher.Launcher.launchEnhanced(Launcher.java:255)
	at org.codehaus.plexus.classworlds.launcher.Launcher.launch(Launcher.java:201)
	at org.codehaus.plexus.classworlds.launcher.Launcher.mainWithExitCode(Launcher.java:361)
	at org.codehaus.plexus.classworlds.launcher.Launcher.main(Launcher.java:314)
2026-09-29 22:21:43.360 WARN  [main] c.l.l.l.a.TaskOverdueBatchService - 任务转待优化失败，已隔离并继续。assignmentId=11
java.lang.IllegalStateException: 模拟单条失败
	at com.lingdong.learning.learningtask.application.TaskOverdueTransactionService.markNeedsImprovement(TaskOverdueTransactionService.java:20)
	at com.lingdong.learning.learningtask.application.TaskOverdueBatchService.processOverdueAssignments(TaskOverdueBatchService.java:58)
	at com.lingdong.learning.learningtask.application.TaskOverdueBatchServiceTest.isolatesFailuresAndAdvancesTheAssignmentCursor(TaskOverdueBatchServiceTest.java:38)
	at java.base/jdk.internal.reflect.NativeMethodAccessorImpl.invoke0(Native Method)
	at java.base/jdk.internal.reflect.NativeMethodAccessorImpl.invoke(NativeMethodAccessorImpl.java:77)
	at java.base/jdk.internal.reflect.DelegatingMethodAccessorImpl.invoke(DelegatingMethodAccessorImpl.java:43)
	at java.base/java.lang.reflect.Method.invoke(Method.java:569)
	at org.junit.platform.commons.util.ReflectionUtils.invokeMethod(ReflectionUtils.java:767)
	at org.junit.jupiter.engine.execution.MethodInvocation.proceed(MethodInvocation.java:60)
	at org.junit.jupiter.engine.execution.InvocationInterceptorChain$ValidatingInvocation.proceed(InvocationInterceptorChain.java:131)
	at org.junit.jupiter.engine.extension.TimeoutExtension.intercept(TimeoutExtension.java:156)
	at org.junit.jupiter.engine.extension.TimeoutExtension.interceptTestableMethod(TimeoutExtension.java:147)
	at org.junit.jupiter.engine.extension.TimeoutExtension.interceptTestMethod(TimeoutExtension.java:86)
	at org.junit.jupiter.engine.execution.InterceptingExecutableInvoker$ReflectiveInterceptorCall.lambda$ofVoidMethod$0(InterceptingExecutableInvoker.java:103)
	at org.junit.jupiter.engine.execution.InterceptingExecutableInvoker.lambda$invoke$0(InterceptingExecutableInvoker.java:93)
	at org.junit.jupiter.engine.execution.InvocationInterceptorChain$InterceptedInvocation.proceed(InvocationInterceptorChain.java:106)
	at org.junit.jupiter.engine.execution.InvocationInterceptorChain.proceed(InvocationInterceptorChain.java:64)
	at org.junit.jupiter.engine.execution.InvocationInterceptorChain.chainAndInvoke(InvocationInterceptorChain.java:45)
	at org.junit.jupiter.engine.execution.InvocationInterceptorChain.invoke(InvocationInterceptorChain.java:37)
	at org.junit.jupiter.engine.execution.InterceptingExecutableInvoker.invoke(InterceptingExecutableInvoker.java:92)
	at org.junit.jupiter.engine.execution.InterceptingExecutableInvoker.invoke(InterceptingExecutableInvoker.java:86)
	at org.junit.jupiter.engine.descriptor.TestMethodTestDescriptor.lambda$invokeTestMethod$8(TestMethodTestDescriptor.java:217)
	at org.junit.platform.engine.support.hierarchical.ThrowableCollector.execute(ThrowableCollector.java:73)
	at org.junit.jupiter.engine.descriptor.TestMethodTestDescriptor.invokeTestMethod(TestMethodTestDescriptor.java:213)
	at org.junit.jupiter.engine.descriptor.TestMethodTestDescriptor.execute(TestMethodTestDescriptor.java:138)
	at org.junit.jupiter.engine.descriptor.TestMethodTestDescriptor.execute(TestMethodTestDescriptor.java:68)
	at org.junit.platform.engine.support.hierarchical.NodeTestTask.lambda$executeRecursively$6(NodeTestTask.java:156)
	at org.junit.platform.engine.support.hierarchical.ThrowableCollector.execute(ThrowableCollector.java:73)
	at org.junit.platform.engine.support.hierarchical.NodeTestTask.lambda$executeRecursively$8(NodeTestTask.java:146)
	at org.junit.platform.engine.support.hierarchical.Node.around(Node.java:137)
	at org.junit.platform.engine.support.hierarchical.NodeTestTask.lambda$executeRecursively$9(NodeTestTask.java:144)
	at org.junit.platform.engine.support.hierarchical.ThrowableCollector.execute(ThrowableCollector.java:73)
	at org.junit.platform.engine.support.hierarchical.NodeTestTask.executeRecursively(NodeTestTask.java:143)
	at org.junit.platform.engine.support.hierarchical.NodeTestTask.execute(NodeTestTask.java:100)
	at java.base/java.util.ArrayList.forEach(ArrayList.java:1511)
	at org.junit.platform.engine.support.hierarchical.SameThreadHierarchicalTestExecutorService.invokeAll(SameThreadHierarchicalTestExecutorService.java:41)
	at org.junit.platform.engine.support.hierarchical.NodeTestTask.lambda$executeRecursively$6(NodeTestTask.java:160)
	at org.junit.platform.engine.support.hierarchical.ThrowableCollector.execute(ThrowableCollector.java:73)
	at org.junit.platform.engine.support.hierarchical.NodeTestTask.lambda$executeRecursively$8(NodeTestTask.java:146)
	at org.junit.platform.engine.support.hierarchical.Node.around(Node.java:137)
	at org.junit.platform.engine.support.hierarchical.NodeTestTask.lambda$executeRecursively$9(NodeTestTask.java:144)
	at org.junit.platform.engine.support.hierarchical.ThrowableCollector.execute(ThrowableCollector.java:73)
	at org.junit.platform.engine.support.hierarchical.NodeTestTask.executeRecursively(NodeTestTask.java:143)
	at org.junit.platform.engine.support.hierarchical.NodeTestTask.execute(NodeTestTask.java:100)
	at java.base/java.util.ArrayList.forEach(ArrayList.java:1511)
	at org.junit.platform.engine.support.hierarchical.SameThreadHierarchicalTestExecutorService.invokeAll(SameThreadHierarchicalTestExecutorService.java:41)
	at org.junit.platform.engine.support.hierarchical.NodeTestTask.lambda$executeRecursively$6(NodeTestTask.java:160)
	at org.junit.platform.engine.support.hierarchical.ThrowableCollector.execute(ThrowableCollector.java:73)
	at org.junit.platform.engine.support.hierarchical.NodeTestTask.lambda$executeRecursively$8(NodeTestTask.java:146)
	at org.junit.platform.engine.support.hierarchical.Node.around(Node.java:137)
	at org.junit.platform.engine.support.hierarchical.NodeTestTask.lambda$executeRecursively$9(NodeTestTask.java:144)
	at org.junit.platform.engine.support.hierarchical.ThrowableCollector.execute(ThrowableCollector.java:73)
	at org.junit.platform.engine.support.hierarchical.NodeTestTask.executeRecursively(NodeTestTask.java:143)
	at org.junit.platform.engine.support.hierarchical.NodeTestTask.execute(NodeTestTask.java:100)
	at org.junit.platform.engine.support.hierarchical.SameThreadHierarchicalTestExecutorService.submit(SameThreadHierarchicalTestExecutorService.java:35)
	at org.junit.platform.engine.support.hierarchical.HierarchicalTestExecutor.execute(HierarchicalTestExecutor.java:57)
	at org.junit.platform.engine.support.hierarchical.HierarchicalTestEngine.execute(HierarchicalTestEngine.java:54)
	at org.junit.platform.launcher.core.EngineExecutionOrchestrator.execute(EngineExecutionOrchestrator.java:198)
	at org.junit.platform.launcher.core.EngineExecutionOrchestrator.execute(EngineExecutionOrchestrator.java:169)
	at org.junit.platform.launcher.core.EngineExecutionOrchestrator.execute(EngineExecutionOrchestrator.java:93)
	at org.junit.platform.launcher.core.EngineExecutionOrchestrator.lambda$execute$0(EngineExecutionOrchestrator.java:58)
	at org.junit.platform.launcher.core.EngineExecutionOrchestrator.withInterceptedStreams(EngineExecutionOrchestrator.java:141)
	at org.junit.platform.launcher.core.EngineExecutionOrchestrator.execute(EngineExecutionOrchestrator.java:57)
	at org.junit.platform.launcher.core.DefaultLauncher.execute(DefaultLauncher.java:103)
	at org.junit.platform.launcher.core.DefaultLauncher.execute(DefaultLauncher.java:85)
	at org.junit.platform.launcher.core.DelegatingLauncher.execute(DelegatingLauncher.java:47)
	at org.apache.maven.surefire.junitplatform.LazyLauncher.execute(LazyLauncher.java:56)
	at org.apache.maven.surefire.junitplatform.JUnitPlatformProvider.execute(JUnitPlatformProvider.java:194)
	at org.apache.maven.surefire.junitplatform.JUnitPlatformProvider.invokeAllTests(JUnitPlatformProvider.java:150)
	at org.apache.maven.surefire.junitplatform.JUnitPlatformProvider.invoke(JUnitPlatformProvider.java:124)
	at java.base/jdk.internal.reflect.NativeMethodAccessorImpl.invoke0(Native Method)
	at java.base/jdk.internal.reflect.NativeMethodAccessorImpl.invoke(NativeMethodAccessorImpl.java:77)
	at java.base/jdk.internal.reflect.DelegatingMethodAccessorImpl.invoke(DelegatingMethodAccessorImpl.java:43)
	at java.base/java.lang.reflect.Method.invoke(Method.java:569)
	at org.apache.maven.surefire.api.util.ReflectionUtils.invokeMethodWithArray2(ReflectionUtils.java:137)
	at org.apache.maven.surefire.booter.ProviderFactory$ProviderProxy.invoke(ProviderFactory.java:148)
	at org.apache.maven.surefire.booter.ProviderFactory.invokeProvider(ProviderFactory.java:88)
	at org.apache.maven.plugin.surefire.InPluginVMSurefireStarter.runSuitesInProcess(InPluginVMSurefireStarter.java:91)
	at org.apache.maven.plugin.surefire.AbstractSurefireMojo.executeProvider(AbstractSurefireMojo.java:1308)
	at org.apache.maven.plugin.surefire.AbstractSurefireMojo.executeAfterPreconditionsChecked(AbstractSurefireMojo.java:1135)
	at org.apache.maven.plugin.surefire.AbstractSurefireMojo.execute(AbstractSurefireMojo.java:969)
	at org.apache.maven.plugin.DefaultBuildPluginManager.executeMojo(DefaultBuildPluginManager.java:126)
	at org.apache.maven.lifecycle.internal.MojoExecutor.doExecute2(MojoExecutor.java:328)
	at org.apache.maven.lifecycle.internal.MojoExecutor.doExecute(MojoExecutor.java:316)
	at org.apache.maven.lifecycle.internal.MojoExecutor.execute(MojoExecutor.java:212)
	at org.apache.maven.lifecycle.internal.MojoExecutor.execute(MojoExecutor.java:174)
	at org.apache.maven.lifecycle.internal.MojoExecutor.access$000(MojoExecutor.java:75)
	at org.apache.maven.lifecycle.internal.MojoExecutor$1.run(MojoExecutor.java:162)
	at org.apache.maven.plugin.DefaultMojosExecutionStrategy.execute(DefaultMojosExecutionStrategy.java:39)
	at org.apache.maven.lifecycle.internal.MojoExecutor.execute(MojoExecutor.java:159)
	at org.apache.maven.lifecycle.internal.LifecycleModuleBuilder.buildProject(LifecycleModuleBuilder.java:105)
	at org.apache.maven.lifecycle.internal.LifecycleModuleBuilder.buildProject(LifecycleModuleBuilder.java:73)
	at org.apache.maven.lifecycle.internal.builder.singlethreaded.SingleThreadedBuilder.build(SingleThreadedBuilder.java:53)
	at org.apache.maven.lifecycle.internal.LifecycleStarter.execute(LifecycleStarter.java:118)
	at org.apache.maven.DefaultMaven.doExecute(DefaultMaven.java:261)
	at org.apache.maven.DefaultMaven.doExecute(DefaultMaven.java:173)
	at org.apache.maven.DefaultMaven.execute(DefaultMaven.java:101)
	at org.apache.maven.cli.MavenCli.execute(MavenCli.java:919)
	at org.apache.maven.cli.MavenCli.doMain(MavenCli.java:285)
	at org.apache.maven.cli.MavenCli.main(MavenCli.java:207)
	at java.base/jdk.internal.reflect.NativeMethodAccessorImpl.invoke0(Native Method)
	at java.base/jdk.internal.reflect.NativeMethodAccessorImpl.invoke(NativeMethodAccessorImpl.java:77)
	at java.base/jdk.internal.reflect.DelegatingMethodAccessorImpl.invoke(DelegatingMethodAccessorImpl.java:43)
	at java.base/java.lang.reflect.Method.invoke(Method.java:569)
	at org.codehaus.plexus.classworlds.launcher.Launcher.launchEnhanced(Launcher.java:255)
	at org.codehaus.plexus.classworlds.launcher.Launcher.launch(Launcher.java:201)
	at org.codehaus.plexus.classworlds.launcher.Launcher.mainWithExitCode(Launcher.java:361)
	at org.codehaus.plexus.classworlds.launcher.Launcher.main(Launcher.java:314)
2026-09-29 22:21:43.678 INFO  [main] o.s.t.c.s.AnnotationConfigContextLoaderUtils - Could not detect default configuration classes for test class [com.lingdong.learning.learningtask.application.TaskReviewAuditorBoundaryTest]: TaskReviewAuditorBoundaryTest does not declare any static, non-private, non-final, nested classes annotated with @Configuration.
2026-09-29 22:21:43.681 INFO  [main] o.s.b.t.c.SpringBootTestContextBootstrapper - Found @SpringBootConfiguration com.lingdong.learning.LingdongLearningApplication for test class com.lingdong.learning.learningtask.application.TaskReviewAuditorBoundaryTest
2026-09-29 22:21:43.725 INFO  [main] c.l.l.l.a.TaskReviewAuditorBoundaryTest - Starting TaskReviewAuditorBoundaryTest using Java 17.0.20 with PID 264136 (started by Administrator in E:\apps\lingdong-xuexi-code\lingdong-xuexi-server)
2026-09-29 22:21:43.726 INFO  [main] c.l.l.l.a.TaskReviewAuditorBoundaryTest - The following 1 profile is active: "test"
2026-09-29 22:21:44.367 INFO  [main] o.s.d.r.c.RepositoryConfigurationDelegate - Multiple Spring Data modules found, entering strict repository configuration mode
2026-09-29 22:21:44.367 INFO  [main] o.s.d.r.c.RepositoryConfigurationDelegate - Bootstrapping Spring Data Redis repositories in DEFAULT mode.
2026-09-29 22:21:44.442 INFO  [main] o.s.d.r.c.RepositoryConfigurationDelegate - Finished Spring Data repository scanning in 73 ms. Found 0 Redis repository interfaces.
2026-09-29 22:21:44.644 INFO  [main] com.zaxxer.hikari.HikariDataSource - HikariPool-11 - Starting...
2026-09-29 22:21:44.645 INFO  [main] com.zaxxer.hikari.pool.HikariPool - HikariPool-11 - Added connection conn100: url=jdbc:h2:mem:lingdong_learning user=SA
2026-09-29 22:21:44.645 INFO  [main] com.zaxxer.hikari.HikariDataSource - HikariPool-11 - Start completed.
2026-09-29 22:21:44.646 INFO  [main] org.flywaydb.core.FlywayExecutor - Database: jdbc:h2:mem:lingdong_learning (H2 2.3)
2026-09-29 22:21:44.647 WARN  [main] o.f.c.i.database.base.Database - Flyway upgrade recommended: H2 2.3.232 is newer than this version of Flyway and support has not been tested. The latest supported version of H2 is 2.2.224.
2026-09-29 22:21:44.677 INFO  [main] o.f.core.internal.command.DbValidate - Successfully validated 86 migrations (execution time 00:00.028s)
2026-09-29 22:21:44.679 INFO  [main] o.f.core.internal.command.DbMigrate - Current version of schema "public": 86
2026-09-29 22:21:44.679 INFO  [main] o.f.core.internal.command.DbMigrate - Schema "public" is up to date. No migration necessary.
2026-09-29 22:21:46.043 INFO  [main] c.l.l.l.a.TaskReviewAuditorBoundaryTest - Started TaskReviewAuditorBoundaryTest in 2.36 seconds (process running for 173.129)
2026-09-29 22:21:46.044 WARN  [main] o.s.c.events.SpringDocAppInitializer - SpringDoc /api/v1/openapi endpoint is enabled by default. To disable it in production, set the property 'springdoc.api-docs.enabled=false'
2026-09-29 22:21:46.424 INFO  [main] o.s.t.c.s.AnnotationConfigContextLoaderUtils - Could not detect default configuration classes for test class [com.lingdong.learning.learningtask.web.LearningTaskControllerTest]: LearningTaskControllerTest does not declare any static, non-private, non-final, nested classes annotated with @Configuration.
2026-09-29 22:21:46.491 INFO  [main] o.s.b.t.c.SpringBootTestContextBootstrapper - Found @SpringBootConfiguration com.lingdong.learning.LingdongLearningApplication for test class com.lingdong.learning.learningtask.web.LearningTaskControllerTest
2026-09-29 22:21:58.592 INFO  [main] o.s.t.c.s.AnnotationConfigContextLoaderUtils - Could not detect default configuration classes for test class [com.lingdong.learning.learningtask.web.LearningTaskOptionControllerTest]: LearningTaskOptionControllerTest does not declare any static, non-private, non-final, nested classes annotated with @Configuration.
2026-09-29 22:21:58.594 INFO  [main] o.s.b.t.c.SpringBootTestContextBootstrapper - Found @SpringBootConfiguration com.lingdong.learning.LingdongLearningApplication for test class com.lingdong.learning.learningtask.web.LearningTaskOptionControllerTest
2026-09-29 22:21:59.421 INFO  [main] o.s.t.c.s.AnnotationConfigContextLoaderUtils - Could not detect default configuration classes for test class [com.lingdong.learning.learningtask.web.TeacherClassControllerTest]: TeacherClassControllerTest does not declare any static, non-private, non-final, nested classes annotated with @Configuration.
2026-09-29 22:21:59.425 INFO  [main] o.s.b.t.c.SpringBootTestContextBootstrapper - Found @SpringBootConfiguration com.lingdong.learning.LingdongLearningApplication for test class com.lingdong.learning.learningtask.web.TeacherClassControllerTest
2026-09-29 22:22:00.013 INFO  [main] o.s.t.c.s.AnnotationConfigContextLoaderUtils - Could not detect default configuration classes for test class [com.lingdong.learning.organization.application.ClassManagementApplicationServiceTest]: ClassManagementApplicationServiceTest does not declare any static, non-private, non-final, nested classes annotated with @Configuration.
2026-09-29 22:22:00.086 INFO  [main] o.s.b.t.c.SpringBootTestContextBootstrapper - Found @SpringBootConfiguration com.lingdong.learning.LingdongLearningApplication for test class com.lingdong.learning.organization.application.ClassManagementApplicationServiceTest
2026-09-29 22:22:00.215 INFO  [main] o.s.t.c.s.AnnotationConfigContextLoaderUtils - Could not detect default configuration classes for test class [com.lingdong.learning.organization.application.OrganizationApplicationServiceTest]: OrganizationApplicationServiceTest does not declare any static, non-private, non-final, nested classes annotated with @Configuration.
2026-09-29 22:22:00.217 INFO  [main] o.s.b.t.c.SpringBootTestContextBootstrapper - Found @SpringBootConfiguration com.lingdong.learning.LingdongLearningApplication for test class com.lingdong.learning.organization.application.OrganizationApplicationServiceTest
2026-09-29 22:22:00.327 INFO  [main] o.s.t.c.s.AnnotationConfigContextLoaderUtils - Could not detect default configuration classes for test class [com.lingdong.learning.organization.application.OrganizationChangeApplicationServiceTest]: OrganizationChangeApplicationServiceTest does not declare any static, non-private, non-final, nested classes annotated with @Configuration.
2026-09-29 22:22:00.329 INFO  [main] o.s.b.t.c.SpringBootTestContextBootstrapper - Found @SpringBootConfiguration com.lingdong.learning.LingdongLearningApplication for test class com.lingdong.learning.organization.application.OrganizationChangeApplicationServiceTest
2026-09-29 22:22:00.548 INFO  [main] o.s.t.c.s.AnnotationConfigContextLoaderUtils - Could not detect default configuration classes for test class [com.lingdong.learning.organization.application.OrganizationChangePersistenceTest]: OrganizationChangePersistenceTest does not declare any static, non-private, non-final, nested classes annotated with @Configuration.
2026-09-29 22:22:00.550 INFO  [main] o.s.b.t.c.SpringBootTestContextBootstrapper - Found @SpringBootConfiguration com.lingdong.learning.LingdongLearningApplication for test class com.lingdong.learning.organization.application.OrganizationChangePersistenceTest
2026-09-29 22:22:00.581 INFO  [main] o.s.t.c.s.AnnotationConfigContextLoaderUtils - Could not detect default configuration classes for test class [com.lingdong.learning.organization.web.ClassManagementControllerTest]: ClassManagementControllerTest does not declare any static, non-private, non-final, nested classes annotated with @Configuration.
2026-09-29 22:22:00.642 INFO  [main] o.s.b.t.c.SpringBootTestContextBootstrapper - Found @SpringBootConfiguration com.lingdong.learning.LingdongLearningApplication for test class com.lingdong.learning.organization.web.ClassManagementControllerTest
2026-09-29 22:22:02.242 INFO  [main] o.s.t.c.s.AnnotationConfigContextLoaderUtils - Could not detect default configuration classes for test class [com.lingdong.learning.organization.web.OrganizationChangeControllerTest]: OrganizationChangeControllerTest does not declare any static, non-private, non-final, nested classes annotated with @Configuration.
2026-09-29 22:22:02.245 INFO  [main] o.s.b.t.c.SpringBootTestContextBootstrapper - Found @SpringBootConfiguration com.lingdong.learning.LingdongLearningApplication for test class com.lingdong.learning.organization.web.OrganizationChangeControllerTest
2026-09-29 22:22:02.865 INFO  [main] o.s.t.c.s.AnnotationConfigContextLoaderUtils - Could not detect default configuration classes for test class [com.lingdong.learning.organization.web.OrganizationManagementControllerTest]: OrganizationManagementControllerTest does not declare any static, non-private, non-final, nested classes annotated with @Configuration.
2026-09-29 22:22:02.867 INFO  [main] o.s.b.t.c.SpringBootTestContextBootstrapper - Found @SpringBootConfiguration com.lingdong.learning.LingdongLearningApplication for test class com.lingdong.learning.organization.web.OrganizationManagementControllerTest
2026-09-29 22:22:03.514 INFO  [main] o.s.t.c.s.AnnotationConfigContextLoaderUtils - Could not detect default configuration classes for test class [com.lingdong.learning.organization.web.OrganizationWorkbenchControllerTest]: OrganizationWorkbenchControllerTest does not declare any static, non-private, non-final, nested classes annotated with @Configuration.
2026-09-29 22:22:03.516 INFO  [main] o.s.b.t.c.SpringBootTestContextBootstrapper - Found @SpringBootConfiguration com.lingdong.learning.LingdongLearningApplication for test class com.lingdong.learning.organization.web.OrganizationWorkbenchControllerTest
2026-09-29 22:22:04.479 INFO  [main] o.s.t.c.s.AnnotationConfigContextLoaderUtils - Could not detect default configuration classes for test class [com.lingdong.learning.permission.application.PermissionDecisionServiceTest]: PermissionDecisionServiceTest does not declare any static, non-private, non-final, nested classes annotated with @Configuration.
2026-09-29 22:22:04.535 INFO  [main] o.s.b.t.c.SpringBootTestContextBootstrapper - Found @SpringBootConfiguration com.lingdong.learning.LingdongLearningApplication for test class com.lingdong.learning.permission.application.PermissionDecisionServiceTest
2026-09-29 22:22:04.680 WARN  [main] o.s.c.a.AnnotationConfigApplicationContext - Exception encountered during context initialization - cancelling refresh attempt: org.springframework.beans.factory.BeanCreationException: Error creating bean with name 'lingdong.auth.student-code-com.lingdong.learning.auth.infrastructure.config.StudentLoginCodeProperties': 学生登录码密钥至少32字节：v1
2026-09-29 22:22:05.115 INFO  [main] o.s.t.c.s.AnnotationConfigContextLoaderUtils - Could not detect default configuration classes for test class [com.lingdong.learning.student.application.ParentRelationshipPersistenceTest]: ParentRelationshipPersistenceTest does not declare any static, non-private, non-final, nested classes annotated with @Configuration.
2026-09-29 22:22:05.176 INFO  [main] o.s.b.t.c.SpringBootTestContextBootstrapper - Found @SpringBootConfiguration com.lingdong.learning.LingdongLearningApplication for test class com.lingdong.learning.student.application.ParentRelationshipPersistenceTest
2026-09-29 22:22:05.215 INFO  [main] o.s.t.c.s.AnnotationConfigContextLoaderUtils - Could not detect default configuration classes for test class [com.lingdong.learning.student.application.ParentRelationshipTaskTransferPersistenceTest]: ParentRelationshipTaskTransferPersistenceTest does not declare any static, non-private, non-final, nested classes annotated with @Configuration.
2026-09-29 22:22:05.217 INFO  [main] o.s.b.t.c.SpringBootTestContextBootstrapper - Found @SpringBootConfiguration com.lingdong.learning.LingdongLearningApplication for test class com.lingdong.learning.student.application.ParentRelationshipTaskTransferPersistenceTest
2026-09-29 22:22:05.257 INFO  [main] o.s.t.c.s.AnnotationConfigContextLoaderUtils - Could not detect default configuration classes for test class [com.lingdong.learning.student.application.StudentAccountAllocatorTest]: StudentAccountAllocatorTest does not declare any static, non-private, non-final, nested classes annotated with @Configuration.
2026-09-29 22:22:05.259 INFO  [main] o.s.b.t.c.SpringBootTestContextBootstrapper - Found @SpringBootConfiguration com.lingdong.learning.LingdongLearningApplication for test class com.lingdong.learning.student.application.StudentAccountAllocatorTest
2026-09-29 22:22:05.295 INFO  [main] o.s.t.c.s.AnnotationConfigContextLoaderUtils - Could not detect default configuration classes for test class [com.lingdong.learning.student.application.StudentAccountCancellationPersistenceTest]: StudentAccountCancellationPersistenceTest does not declare any static, non-private, non-final, nested classes annotated with @Configuration.
2026-09-29 22:22:05.296 INFO  [main] o.s.b.t.c.SpringBootTestContextBootstrapper - Found @SpringBootConfiguration com.lingdong.learning.LingdongLearningApplication for test class com.lingdong.learning.student.application.StudentAccountCancellationPersistenceTest
2026-09-29 22:22:05.831 INFO  [main] o.s.t.c.s.AnnotationConfigContextLoaderUtils - Could not detect default configuration classes for test class [com.lingdong.learning.student.application.StudentIdentityProvisioningServiceTest]: StudentIdentityProvisioningServiceTest does not declare any static, non-private, non-final, nested classes annotated with @Configuration.
2026-09-29 22:22:05.833 INFO  [main] o.s.b.t.c.SpringBootTestContextBootstrapper - Found @SpringBootConfiguration com.lingdong.learning.LingdongLearningApplication for test class com.lingdong.learning.student.application.StudentIdentityProvisioningServiceTest
2026-09-29 22:22:05.859 INFO  [main] o.s.t.c.s.AnnotationConfigContextLoaderUtils - Could not detect default configuration classes for test class [com.lingdong.learning.student.web.ParentBindingInvitationControllerTest]: ParentBindingInvitationControllerTest does not declare any static, non-private, non-final, nested classes annotated with @Configuration.
2026-09-29 22:22:05.924 INFO  [main] o.s.b.t.c.SpringBootTestContextBootstrapper - Found @SpringBootConfiguration com.lingdong.learning.LingdongLearningApplication for test class com.lingdong.learning.student.web.ParentBindingInvitationControllerTest
2026-09-29 22:22:07.552 INFO  [main] o.s.t.c.s.AnnotationConfigContextLoaderUtils - Could not detect default configuration classes for test class [com.lingdong.learning.student.web.ParentRelationshipSecurityTest]: ParentRelationshipSecurityTest does not declare any static, non-private, non-final, nested classes annotated with @Configuration.
2026-09-29 22:22:07.557 INFO  [main] o.s.b.t.c.SpringBootTestContextBootstrapper - Found @SpringBootConfiguration com.lingdong.learning.LingdongLearningApplication for test class com.lingdong.learning.student.web.ParentRelationshipSecurityTest
2026-09-29 22:22:07.701 INFO  [main] o.s.t.c.s.AnnotationConfigContextLoaderUtils - Could not detect default configuration classes for test class [com.lingdong.learning.student.web.StudentCredentialManagementControllerTest]: StudentCredentialManagementControllerTest does not declare any static, non-private, non-final, nested classes annotated with @Configuration.
2026-09-29 22:22:07.706 INFO  [main] o.s.b.t.c.SpringBootTestContextBootstrapper - Found @SpringBootConfiguration com.lingdong.learning.LingdongLearningApplication for test class com.lingdong.learning.student.web.StudentCredentialManagementControllerTest
2026-09-29 22:22:08.296 INFO  [main] o.s.t.c.s.AnnotationConfigContextLoaderUtils - Could not detect default configuration classes for test class [com.lingdong.learning.student.web.StudentManagementControllerTest]: StudentManagementControllerTest does not declare any static, non-private, non-final, nested classes annotated with @Configuration.
2026-09-29 22:22:08.299 INFO  [main] o.s.b.t.c.SpringBootTestContextBootstrapper - Found @SpringBootConfiguration com.lingdong.learning.LingdongLearningApplication for test class com.lingdong.learning.student.web.StudentManagementControllerTest
2026-09-29 22:22:11.801 INFO  [main] o.s.t.c.s.AnnotationConfigContextLoaderUtils - Could not detect default configuration classes for test class [com.lingdong.learning.studentimport.infrastructure.persistence.StudentImportPersistenceTest]: StudentImportPersistenceTest does not declare any static, non-private, non-final, nested classes annotated with @Configuration.
2026-09-29 22:22:11.890 INFO  [main] o.s.b.t.c.SpringBootTestContextBootstrapper - Found @SpringBootConfiguration com.lingdong.learning.LingdongLearningApplication for test class com.lingdong.learning.studentimport.infrastructure.persistence.StudentImportPersistenceTest
2026-09-29 22:22:11.931 INFO  [main] o.s.t.c.s.AnnotationConfigContextLoaderUtils - Could not detect default configuration classes for test class [com.lingdong.learning.studentimport.web.StudentImportApiIntegrationTest]: StudentImportApiIntegrationTest does not declare any static, non-private, non-final, nested classes annotated with @Configuration.
2026-09-29 22:22:12.029 INFO  [main] o.s.b.t.c.SpringBootTestContextBootstrapper - Found @SpringBootConfiguration com.lingdong.learning.LingdongLearningApplication for test class com.lingdong.learning.studentimport.web.StudentImportApiIntegrationTest
2026-09-29 22:22:14.681 WARN  [main] c.l.l.t.a.TeacherBatchApplicationService - 教师批量操作单项失败，operation=BIND_CLASS, teacherUserId=12, exceptionType=ResourceNotFoundException
2026-09-29 22:22:14.701 INFO  [main] o.s.t.c.s.AnnotationConfigContextLoaderUtils - Could not detect default configuration classes for test class [com.lingdong.learning.teacher.application.TeacherManagementApplicationServiceTest]: TeacherManagementApplicationServiceTest does not declare any static, non-private, non-final, nested classes annotated with @Configuration.
2026-09-29 22:22:14.763 INFO  [main] o.s.b.t.c.SpringBootTestContextBootstrapper - Found @SpringBootConfiguration com.lingdong.learning.LingdongLearningApplication for test class com.lingdong.learning.teacher.application.TeacherManagementApplicationServiceTest
2026-09-29 22:22:16.065 INFO  [main] o.s.t.c.s.AnnotationConfigContextLoaderUtils - Could not detect default configuration classes for test class [com.lingdong.learning.templateconfig.application.ImportExportTemplateApplicationServiceTest]: ImportExportTemplateApplicationServiceTest does not declare any static, non-private, non-final, nested classes annotated with @Configuration.
2026-09-29 22:22:16.127 INFO  [main] o.s.b.t.c.SpringBootTestContextBootstrapper - Found @SpringBootConfiguration com.lingdong.learning.LingdongLearningApplication for test class com.lingdong.learning.templateconfig.application.ImportExportTemplateApplicationServiceTest
2026-09-29 22:22:16.495 INFO  [main] o.s.t.c.s.AnnotationConfigContextLoaderUtils - Could not detect default configuration classes for test class [com.lingdong.learning.templateconfig.web.ImportExportTemplateManagementControllerTest]: ImportExportTemplateManagementControllerTest does not declare any static, non-private, non-final, nested classes annotated with @Configuration.
2026-09-29 22:22:16.551 INFO  [main] o.s.b.t.c.SpringBootTestContextBootstrapper - Found @SpringBootConfiguration com.lingdong.learning.LingdongLearningApplication for test class com.lingdong.learning.templateconfig.web.ImportExportTemplateManagementControllerTest
2026-09-29 22:22:17.650 INFO  [main] o.s.t.c.s.AnnotationConfigContextLoaderUtils - Could not detect default configuration classes for test class [com.lingdong.learning.user.application.UserAccessApplicationServiceTest]: UserAccessApplicationServiceTest does not declare any static, non-private, non-final, nested classes annotated with @Configuration.
2026-09-29 22:22:17.707 INFO  [main] o.s.b.t.c.SpringBootTestContextBootstrapper - Found @SpringBootConfiguration com.lingdong.learning.LingdongLearningApplication for test class com.lingdong.learning.user.application.UserAccessApplicationServiceTest
2026-09-29 22:22:17.763 INFO  [main] o.s.t.c.s.AnnotationConfigContextLoaderUtils - Could not detect default configuration classes for test class [com.lingdong.learning.user.infrastructure.persistence.UserMobileChangePersistenceTest]: UserMobileChangePersistenceTest does not declare any static, non-private, non-final, nested classes annotated with @Configuration.
2026-09-29 22:22:17.815 INFO  [main] o.s.b.t.c.SpringBootTestContextBootstrapper - Found @SpringBootConfiguration com.lingdong.learning.LingdongLearningApplication for test class com.lingdong.learning.user.infrastructure.persistence.UserMobileChangePersistenceTest
2026-09-29 22:22:24.030 INFO  [SpringApplicationShutdownHook] com.zaxxer.hikari.HikariDataSource - HikariPool-2 - Shutdown initiated...
2026-09-29 22:22:24.031 INFO  [SpringApplicationShutdownHook] com.zaxxer.hikari.HikariDataSource - HikariPool-2 - Shutdown completed.
2026-09-29 22:22:24.046 INFO  [SpringApplicationShutdownHook] com.zaxxer.hikari.HikariDataSource - HikariPool-3 - Shutdown initiated...
2026-09-29 22:22:24.047 INFO  [SpringApplicationShutdownHook] com.zaxxer.hikari.HikariDataSource - HikariPool-3 - Shutdown completed.
2026-09-29 22:22:24.063 INFO  [SpringApplicationShutdownHook] com.zaxxer.hikari.HikariDataSource - HikariPool-4 - Shutdown initiated...
2026-09-29 22:22:24.064 INFO  [SpringApplicationShutdownHook] com.zaxxer.hikari.HikariDataSource - HikariPool-4 - Shutdown completed.
2026-09-29 22:22:24.085 INFO  [SpringApplicationShutdownHook] com.zaxxer.hikari.HikariDataSource - HikariPool-5 - Shutdown initiated...
2026-09-29 22:22:24.089 INFO  [SpringApplicationShutdownHook] com.zaxxer.hikari.HikariDataSource - HikariPool-5 - Shutdown completed.
2026-09-29 22:22:24.110 INFO  [SpringApplicationShutdownHook] com.zaxxer.hikari.HikariDataSource - HikariPool-6 - Shutdown initiated...
2026-09-29 22:22:24.112 INFO  [SpringApplicationShutdownHook] com.zaxxer.hikari.HikariDataSource - HikariPool-6 - Shutdown completed.
2026-09-29 22:22:24.123 INFO  [SpringApplicationShutdownHook] com.zaxxer.hikari.HikariDataSource - HikariPool-7 - Shutdown initiated...
2026-09-29 22:22:24.124 INFO  [SpringApplicationShutdownHook] com.zaxxer.hikari.HikariDataSource - HikariPool-7 - Shutdown completed.
2026-09-29 22:22:24.136 INFO  [SpringApplicationShutdownHook] com.zaxxer.hikari.HikariDataSource - HikariPool-9 - Shutdown initiated...
2026-09-29 22:22:24.141 INFO  [SpringApplicationShutdownHook] com.zaxxer.hikari.HikariDataSource - HikariPool-9 - Shutdown completed.
2026-09-29 22:22:24.152 INFO  [SpringApplicationShutdownHook] com.zaxxer.hikari.HikariDataSource - HikariPool-10 - Shutdown initiated...
2026-09-29 22:22:24.154 INFO  [SpringApplicationShutdownHook] com.zaxxer.hikari.HikariDataSource - HikariPool-10 - Shutdown completed.
2026-09-29 22:22:24.170 INFO  [SpringApplicationShutdownHook] com.zaxxer.hikari.HikariDataSource - HikariPool-11 - Shutdown initiated...
2026-09-29 22:22:24.174 INFO  [SpringApplicationShutdownHook] com.zaxxer.hikari.HikariDataSource - HikariPool-11 - Shutdown completed.
2026-09-29 22:22:33.013 INFO  [main] c.l.learning.FlywayMigrationTest - Starting FlywayMigrationTest using Java 17.0.20 with PID 269388 (started by Administrator in E:\apps\lingdong-xuexi-code\lingdong-xuexi-server)
2026-09-29 22:22:33.015 INFO  [main] c.l.learning.FlywayMigrationTest - The following 1 profile is active: "test"
2026-09-29 22:22:36.183 INFO  [main] o.s.d.r.c.RepositoryConfigurationDelegate - Multiple Spring Data modules found, entering strict repository configuration mode
2026-09-29 22:22:36.191 INFO  [main] o.s.d.r.c.RepositoryConfigurationDelegate - Bootstrapping Spring Data Redis repositories in DEFAULT mode.
2026-09-29 22:22:36.344 INFO  [main] o.s.d.r.c.RepositoryConfigurationDelegate - Finished Spring Data repository scanning in 114 ms. Found 0 Redis repository interfaces.
2026-09-29 22:22:38.357 INFO  [main] com.zaxxer.hikari.HikariDataSource - HikariPool-1 - Starting...
2026-09-29 22:22:38.841 INFO  [main] com.zaxxer.hikari.pool.HikariPool - HikariPool-1 - Added connection conn0: url=jdbc:h2:mem:lingdong_learning user=SA
2026-09-29 22:22:38.843 INFO  [main] com.zaxxer.hikari.HikariDataSource - HikariPool-1 - Start completed.
2026-09-29 22:22:38.955 INFO  [main] org.flywaydb.core.FlywayExecutor - Database: jdbc:h2:mem:lingdong_learning (H2 2.3)
2026-09-29 22:22:38.967 WARN  [main] o.f.c.i.database.base.Database - Flyway upgrade recommended: H2 2.3.232 is newer than this version of Flyway and support has not been tested. The latest supported version of H2 is 2.2.224.
2026-09-29 22:22:39.113 INFO  [main] o.f.c.i.s.JdbcTableSchemaHistory - Schema history table "public"."flyway_schema_history" does not exist yet
2026-09-29 22:22:39.131 INFO  [main] o.f.core.internal.command.DbValidate - Successfully validated 86 migrations (execution time 00:00.130s)
2026-09-29 22:22:39.151 INFO  [main] o.f.c.i.s.JdbcTableSchemaHistory - Creating Schema History table "public"."flyway_schema_history" ...
2026-09-29 22:22:39.233 INFO  [main] o.f.core.internal.command.DbMigrate - Current version of schema "public": << Empty Schema >>
2026-09-29 22:22:39.251 INFO  [main] o.f.core.internal.command.DbMigrate - Migrating schema "public" to version "1 - create system config"
2026-09-29 22:22:39.307 INFO  [main] o.f.core.internal.command.DbMigrate - Migrating schema "public" to version "2 - create iam rbac tables"
2026-09-29 22:22:39.385 INFO  [main] o.f.core.internal.command.DbMigrate - Migrating schema "public" to version "3 - create organization types"
2026-09-29 22:22:39.426 INFO  [main] o.f.core.internal.command.DbMigrate - Migrating schema "public" to version "4 - create user organization relations"
2026-09-29 22:22:39.442 INFO  [main] o.f.core.internal.command.DbMigrate - Migrating schema "public" to version "5 - create system task audit"
2026-09-29 22:22:39.463 INFO  [main] o.f.core.internal.command.DbMigrate - Migrating schema "public" to version "6 - create feature toggles"
2026-09-29 22:22:39.482 INFO  [main] o.f.core.internal.command.DbMigrate - Migrating schema "public" to version "7 - create feature toggle changes"
2026-09-29 22:22:39.496 INFO  [main] o.f.core.internal.command.DbMigrate - Migrating schema "public" to version "8 - create user permissions"
2026-09-29 22:22:39.510 INFO  [main] o.f.core.internal.command.DbMigrate - Migrating schema "public" to version "9 - create role data scopes"
2026-09-29 22:22:39.526 INFO  [main] o.f.core.internal.command.DbMigrate - Migrating schema "public" to version "10 - create dictionary tables"
2026-09-29 22:22:39.536 INFO  [main] o.f.core.internal.command.DbMigrate - Migrating schema "public" to version "11 - create cache operation log"
2026-09-29 22:22:39.566 INFO  [main] o.f.core.internal.command.DbMigrate - Migrating schema "public" to version "12 - create interface service tables"
2026-09-29 22:22:39.599 INFO  [main] o.f.core.internal.command.DbMigrate - Migrating schema "public" to version "13 - create attachment core tables"
2026-09-29 22:22:39.630 INFO  [main] o.f.core.internal.command.DbMigrate - Migrating schema "public" to version "14 - create import export template table"
2026-09-29 22:22:39.645 INFO  [main] o.f.core.internal.command.DbMigrate - Migrating schema "public" to version "15 - create auth device session"
2026-09-29 22:22:39.660 INFO  [main] o.f.core.internal.command.DbMigrate - Migrating schema "public" to version "16 - seed iam management permissions"
2026-09-29 22:22:39.679 INFO  [main] o.f.core.internal.command.DbMigrate - Migrating schema "public" to version "17 - seed organization management permissions"
2026-09-29 22:22:39.687 INFO  [main] o.f.core.internal.command.DbMigrate - Migrating schema "public" to version "18 - seed user directory permissions"
2026-09-29 22:22:39.700 INFO  [main] o.f.core.internal.command.DbMigrate - Migrating schema "public" to version "19 - create student relationship foundation"
2026-09-29 22:22:39.729 INFO  [main] o.f.core.internal.command.DbMigrate - Migrating schema "public" to version "20 - create parent binding invitation"
2026-09-29 22:22:39.750 INFO  [main] o.f.core.internal.command.DbMigrate - Migrating schema "public" to version "21 - create student code login"
2026-09-29 22:22:39.779 INFO  [main] o.f.core.internal.command.DbMigrate - Migrating schema "public" to version "22 - create learning task foundation"
2026-09-29 22:22:39.829 INFO  [main] o.f.core.internal.command.DbMigrate - Migrating schema "public" to version "23 - create task execution foundation"
2026-09-29 22:22:39.895 INFO  [main] o.f.core.internal.command.DbMigrate - Migrating schema "public" to version "24 - create growth point account and ledger"
2026-09-29 22:22:39.925 INFO  [main] o.f.core.internal.command.DbMigrate - Migrating schema "public" to version "25 - seed growth point query access"
2026-09-29 22:22:39.933 INFO  [main] o.f.core.internal.command.DbMigrate - Migrating schema "public" to version "26 - add growth point correction"
2026-09-29 22:22:39.952 INFO  [main] o.f.core.internal.command.DbMigrate - Migrating schema "public" to version "27 - add reward exchange"
2026-09-29 22:22:40.001 INFO  [main] o.f.core.internal.command.DbMigrate - Migrating schema "public" to version "28 - add growth review"
2026-09-29 22:22:40.057 INFO  [main] o.f.core.internal.command.DbMigrate - Migrating schema "public" to version "29 - add point lifecycle"
2026-09-29 22:22:40.216 INFO  [main] o.f.core.internal.command.DbMigrate - Migrating schema "public" to version "30 - add recurring task"
2026-09-29 22:22:40.253 INFO  [main] o.f.core.internal.command.DbMigrate - Migrating schema "public" to version "31 - add task checkin attachment"
2026-09-29 22:22:40.296 INFO  [main] o.f.core.internal.command.DbMigrate - Migrating schema "public" to version "32 - add task overdue defer"
2026-09-29 22:22:40.417 INFO  [main] o.f.core.internal.command.DbMigrate - Migrating schema "public" to version "33 - add previous day task copy"
2026-09-29 22:22:40.450 INFO  [main] o.f.core.internal.command.DbMigrate - Migrating schema "public" to version "34 - add learning task template"
2026-09-29 22:22:40.479 INFO  [main] o.f.core.internal.command.DbMigrate - Migrating schema "public" to version "35 - add student qr login"
2026-09-29 22:22:40.496 INFO  [main] o.f.core.internal.command.DbMigrate - Migrating schema "public" to version "36 - add parent phone auth"
2026-09-29 22:22:40.513 INFO  [main] o.f.core.internal.command.DbMigrate - Migrating schema "public" to version "37 - add parent wechat auth"
2026-09-29 22:22:40.529 INFO  [main] o.f.core.internal.command.DbMigrate - Migrating schema "public" to version "38 - add parent relationship lifecycle"
2026-09-29 22:22:40.558 INFO  [main] o.f.core.internal.command.DbMigrate - Migrating schema "public" to version "39 - add account security event"
2026-09-29 22:22:40.575 INFO  [main] o.f.core.internal.command.DbMigrate - Migrating schema "public" to version "40 - add organization miniapp auth"
2026-09-29 22:22:40.583 INFO  [main] o.f.core.internal.command.DbMigrate - Migrating schema "public" to version "41 - add student organization lifecycle"
2026-09-29 22:22:40.602 INFO  [main] o.f.core.internal.command.DbMigrate - Migrating schema "public" to version "42 - add parent account lifecycle"
2026-09-29 22:22:40.619 INFO  [main] o.f.core.internal.command.DbMigrate - Migrating schema "public" to version "43 - finalize parent account cancellation"
2026-09-29 22:22:40.648 INFO  [main] o.f.core.internal.command.DbMigrate - Migrating schema "public" to version "44 - add parent mobile manual recovery"
2026-09-29 22:22:40.661 INFO  [main] o.f.core.internal.command.DbMigrate - Migrating schema "public" to version "45 - add student account cancellation"
2026-09-29 22:22:40.669 INFO  [main] o.f.core.internal.command.DbMigrate - Migrating schema "public" to version "46 - add student wechat auth"
2026-09-29 22:22:40.688 INFO  [main] o.f.core.internal.command.DbMigrate - Migrating schema "public" to version "47 - add organization node lifecycle"
2026-09-29 22:22:40.729 INFO  [main] o.f.core.internal.command.DbMigrate - Migrating schema "public" to version "48 - add class management"
2026-09-29 22:22:40.741 INFO  [main] o.f.core.internal.command.DbMigrate - Migrating schema "public" to version "49 - add permission grant boundary"
2026-09-29 22:22:40.759 INFO  [main] o.f.core.internal.command.DbMigrate - Migrating schema "public" to version "50 - add iam change audit"
2026-09-29 22:22:40.767 INFO  [main] o.f.core.internal.command.DbMigrate - Migrating schema "public" to version "51 - add dictionary management"
2026-09-29 22:22:40.775 INFO  [main] o.f.core.internal.command.DbMigrate - Migrating schema "public" to version "52 - add cache management"
2026-09-29 22:22:40.782 INFO  [main] o.f.core.internal.command.DbMigrate - Migrating schema "public" to version "53 - add interface service management"
2026-09-29 22:22:40.793 INFO  [main] o.f.core.internal.command.DbMigrate - Migrating schema "public" to version "54 - add attachment management"
2026-09-29 22:22:40.802 INFO  [main] o.f.core.internal.command.DbMigrate - Migrating schema "public" to version "55 - add import export template management"
2026-09-29 22:22:40.826 INFO  [main] o.f.core.internal.command.DbMigrate - Migrating schema "public" to version "56 - add import validation job"
2026-09-29 22:22:40.847 INFO  [main] o.f.core.internal.command.DbMigrate - Migrating schema "public" to version "57 - add async export job"
2026-09-29 22:22:40.867 INFO  [main] o.f.core.internal.command.DbMigrate - Migrating schema "public" to version "58 - add student batch import"
2026-09-29 22:22:40.902 INFO  [main] o.f.core.internal.command.DbMigrate - Migrating schema "public" to version "59 - add teacher management"
2026-09-29 22:22:40.919 INFO  [main] o.f.core.internal.command.DbMigrate - Migrating schema "public" to version "60 - complete organization teacher tasks"
2026-09-29 22:22:40.936 INFO  [main] o.f.core.internal.command.DbMigrate - Migrating schema "public" to version "61 - add student exception report"
2026-09-29 22:22:40.964 INFO  [main] o.f.core.internal.command.DbMigrate - Migrating schema "public" to version "62 - add manual attendance"
2026-09-29 22:22:40.982 INFO  [main] o.f.core.internal.command.DbMigrate - Migrating schema "public" to version "63 - add export job payload"
2026-09-29 22:22:40.993 INFO  [main] o.f.core.internal.command.DbMigrate - Migrating schema "public" to version "64 - add growth review pdf feature"
2026-09-29 22:22:40.998 INFO  [main] o.f.core.internal.command.DbMigrate - Migrating schema "public" to version "65 - add growth review pdf job type"
2026-09-29 22:22:41.012 INFO  [main] o.f.core.internal.command.DbMigrate - Migrating schema "public" to version "66 - add growth review subscription"
2026-09-29 22:22:41.024 INFO  [main] o.f.core.internal.command.DbMigrate - Migrating schema "public" to version "67 - add growth review delivery queue"
2026-09-29 22:22:41.034 INFO  [main] o.f.core.internal.command.DbMigrate - Migrating schema "public" to version "68 - add anonymous rank preference"
2026-09-29 22:22:41.046 INFO  [main] o.f.core.internal.command.DbMigrate - Migrating schema "public" to version "69 - add miniapp anonymous rank permission"
2026-09-29 22:22:41.052 INFO  [main] o.f.core.internal.command.DbMigrate - Migrating schema "public" to version "70 - add miniapp parent weekly review permission"
2026-09-29 22:22:41.064 INFO  [main] o.f.core.internal.command.DbMigrate - Migrating schema "public" to version "71 - add miniapp parent reward permissions"
2026-09-29 22:22:41.077 INFO  [main] o.f.core.internal.command.DbMigrate - Migrating schema "public" to version "72 - add web system task read permission"
2026-09-29 22:22:41.086 INFO  [main] o.f.core.internal.command.DbMigrate - Migrating schema "public" to version "73 - add feature toggle management"
2026-09-29 22:22:41.109 INFO  [main] o.f.core.internal.command.DbMigrate - Migrating schema "public" to version "74 - add interface change execution audit"
2026-09-29 22:22:41.127 INFO  [main] o.f.core.internal.command.DbMigrate - Migrating schema "public" to version "75 - add interface change before snapshot"
2026-09-29 22:22:41.158 INFO  [main] o.f.core.internal.command.DbMigrate - Migrating schema "public" to version "76 - add dictionary ledger export"
2026-09-29 22:22:41.166 INFO  [main] o.f.core.internal.command.DbMigrate - Migrating schema "public" to version "77 - add template ledger export"
2026-09-29 22:22:41.178 INFO  [main] o.f.core.internal.command.DbMigrate - Migrating schema "public" to version "78 - add interface service ledger export"
2026-09-29 22:22:41.186 INFO  [main] o.f.core.internal.command.DbMigrate - Migrating schema "public" to version "79 - add cache operation log export"
2026-09-29 22:22:41.200 INFO  [main] o.f.core.internal.command.DbMigrate - Migrating schema "public" to version "80 - add system task ledger export"
2026-09-29 22:22:41.218 INFO  [main] o.f.core.internal.command.DbMigrate - Migrating schema "public" to version "81 - add reward exchange ledger export"
2026-09-29 22:22:41.233 INFO  [main] o.f.core.internal.command.DbMigrate - Migrating schema "public" to version "82 - add exception report ledger export"
2026-09-29 22:22:41.248 INFO  [main] o.f.core.internal.command.DbMigrate - Migrating schema "public" to version "83 - add attachment ledger export"
2026-09-29 22:22:41.261 INFO  [main] o.f.core.internal.command.DbMigrate - Migrating schema "public" to version "84 - add student task report export"
2026-09-29 22:22:41.274 INFO  [main] o.f.core.internal.command.DbMigrate - Migrating schema "public" to version "85 - add organization task statistics export"
2026-09-29 22:22:41.285 INFO  [main] o.f.core.internal.command.DbMigrate - Migrating schema "public" to version "86 - add attendance ledger export"
2026-09-29 22:22:41.310 INFO  [main] o.f.core.internal.command.DbMigrate - Successfully applied 86 migrations to schema "public", now at version v86 (execution time 00:01.194s)
2026-09-29 22:22:49.240 INFO  [main] c.l.learning.FlywayMigrationTest - Started FlywayMigrationTest in 17.079 seconds (process running for 19.247)
2026-09-29 22:22:49.247 WARN  [main] o.s.c.events.SpringDocAppInitializer - SpringDoc /api/v1/openapi endpoint is enabled by default. To disable it in production, set the property 'springdoc.api-docs.enabled=false'
2026-09-29 22:22:52.750 INFO  [SpringApplicationShutdownHook] com.zaxxer.hikari.HikariDataSource - HikariPool-1 - Shutdown initiated...
2026-09-29 22:22:52.756 INFO  [SpringApplicationShutdownHook] com.zaxxer.hikari.HikariDataSource - HikariPool-1 - Shutdown completed.
2026-09-29 22:58:55.995 INFO  [main] c.l.l.LingdongLearningApplication - Starting LingdongLearningApplication v0.0.1-SNAPSHOT using Java 17.0.13 with PID 281128 (E:\apps\lingdong-xuexi-code\lingdong-xuexi-server\target\lingdong-xuexi-server-0.0.1-SNAPSHOT.jar started by Administrator in E:\apps\lingdong-xuexi-code\lingdong-xuexi-server)
2026-09-29 22:58:56.003 INFO  [main] c.l.l.LingdongLearningApplication - The following 1 profile is active: "local"
2026-09-29 22:58:58.916 INFO  [main] o.s.d.r.c.RepositoryConfigurationDelegate - Multiple Spring Data modules found, entering strict repository configuration mode
2026-09-29 22:58:58.922 INFO  [main] o.s.d.r.c.RepositoryConfigurationDelegate - Bootstrapping Spring Data Redis repositories in DEFAULT mode.
2026-09-29 22:58:59.011 INFO  [main] o.s.d.r.c.RepositoryConfigurationDelegate - Finished Spring Data repository scanning in 50 ms. Found 0 Redis repository interfaces.
2026-09-29 22:59:00.792 INFO  [main] o.s.b.w.e.tomcat.TomcatWebServer - Tomcat initialized with port 8080 (http)
2026-09-29 22:59:00.843 INFO  [main] o.a.catalina.core.StandardService - Starting service [Tomcat]
2026-09-29 22:59:00.843 INFO  [main] o.a.catalina.core.StandardEngine - Starting Servlet engine: [Apache Tomcat/10.1.40]
2026-09-29 22:59:00.922 INFO  [main] o.a.c.c.C.[Tomcat].[localhost].[/] - Initializing Spring embedded WebApplicationContext
2026-09-29 22:59:00.924 INFO  [main] o.s.b.w.s.c.ServletWebServerApplicationContext - Root WebApplicationContext: initialization completed in 4793 ms
2026-09-29 22:59:01.407 INFO  [main] com.zaxxer.hikari.HikariDataSource - HikariPool-1 - Starting...
2026-09-29 22:59:10.936 INFO  [main] com.zaxxer.hikari.pool.HikariPool - HikariPool-1 - Added connection com.mysql.cj.jdbc.ConnectionImpl@14eb96e9
2026-09-29 22:59:10.939 INFO  [main] com.zaxxer.hikari.HikariDataSource - HikariPool-1 - Start completed.
2026-09-29 22:59:11.094 INFO  [main] org.flywaydb.core.FlywayExecutor - Database: jdbc:mysql://8.156.80.3:3306/lingdong_learning?useUnicode=true&characterEncoding=utf8&useSSL=false&serverTimezone=Asia/Shanghai (MySQL 8.0)
2026-09-29 22:59:11.493 INFO  [main] o.f.core.internal.command.DbValidate - Successfully validated 86 migrations (execution time 00:00.216s)
2026-09-29 22:59:11.716 INFO  [main] o.f.core.internal.command.DbMigrate - Current version of schema `lingdong_learning`: 86
2026-09-29 22:59:11.739 INFO  [main] o.f.core.internal.command.DbMigrate - Schema `lingdong_learning` is up to date. No migration necessary.
2026-09-29 22:59:19.377 INFO  [main] o.s.b.w.e.tomcat.TomcatWebServer - Tomcat started on port 8080 (http) with context path '/'
2026-09-29 22:59:19.439 INFO  [main] c.l.l.LingdongLearningApplication - Started LingdongLearningApplication in 24.688 seconds (process running for 25.715)
2026-09-29 22:59:19.444 WARN  [main] o.s.c.events.SpringDocAppInitializer - SpringDoc /api/v1/openapi endpoint is enabled by default. To disable it in production, set the property 'springdoc.api-docs.enabled=false'
2026-09-29 22:59:53.945 INFO  [http-nio-8080-exec-1] o.a.c.c.C.[Tomcat].[localhost].[/] - Initializing Spring DispatcherServlet 'dispatcherServlet'
2026-09-29 22:59:53.945 INFO  [http-nio-8080-exec-1] o.s.web.servlet.DispatcherServlet - Initializing Servlet 'dispatcherServlet'
2026-09-29 22:59:53.950 INFO  [http-nio-8080-exec-1] o.s.web.servlet.DispatcherServlet - Completed initialization in 3 ms
